account_id,customer_id,branch_id,account_type,opened_date,current_balance,account_status
A000001,C01647,B00601,Salary,2024-07-30,148765.92,Active
A000002,C00684,B00101,Premium Savings,2020-07-20,171655.29,Active
A000003,C00357,B01001,Savings,2024-10-17,416561.75,Active
A000004,C01627,B00201,Current,2024-04-01,182021.02,Active
A000005,C03150,B00401,Current,2023-11-17,314745.84,Active
A000006,C03232,B00901,Savings,2023-02-01,229579.96,Active
A000007,C00393,B00201,Premium Savings,2023-01-24,422165.23,Active
A000008,C03152,B00901,Premium Savings,2023-01-24,333985.61,Active
A000009,C04081,B00101,Salary,2022-09-14,179055.3,Active
A000010,C01754,B00101,Salary,2024-03-17,116852.18,Active
A000011,C00388,B00801,Premium Savings,2024-10-28,198770.17,Active
A000012,C00012,B00201,Savings,2023-05-06,82986.25,Active
A000013,C02495,B00901,Savings,2022-12-16,122601.65,Active
A000014,C03177,B00801,Salary,2022-10-28,184180.47,Active
A000015,C02283,B00401,Savings,2022-01-15,355873.47,Active
A000016,C04060,B00601,Salary,2023-01-01,116769.72,Active
A000017,C04689,B00301,Savings,2024-02-16,267737.11,Active
A000018,C04772,B00501,Premium Savings,2022-05-23,106294.14,Active
A000019,C02426,B00901,Current,2023-01-22,204398.79,Active
A000020,C03717,B00301,Savings,2020-09-04,188705.71,Active
A000021,C02878,B01001,Current,2022-11-23,99381.22,Active
A000022,C02045,B00501,Premium Savings,2021-11-15,133658.81,Active
A000023,C03419,B00401,Salary,2021-05-25,219506.09,Active
A000024,C00156,B01001,Premium Savings,2021-04-12,249643.96,Active
A000025,C04379,B01001,Savings,2024-07-02,251295.43,Active
A000026,C02191,B00401,Salary,2020-08-18,291646.58,Active
A000027,C03693,B00301,Salary,2024-03-09,144819.94,Active
A000028,C03477,B00701,Current,2020-08-27,266468.46,Active
A000029,C03634,B00201,Salary,2020-04-06,153386.54,Active
A000030,C00292,B00201,Premium Savings,2020-08-11,293236.04,Active
A000031,C04383,B00201,Salary,2021-02-07,243059.9,Active
A000032,C04855,B00301,Salary,2021-01-09,365826.0,Active
A000033,C03447,B00701,Savings,2021-09-10,142257.31,Active
A000034,C00268,B00701,Salary,2021-07-28,138615.84,Active
A000035,C01012,B00101,Salary,2021-08-31,184891.22,Active
A000036,C04202,B00501,Savings,2021-06-21,110419.16,Active
A000037,C01758,B00901,Premium Savings,2024-10-21,78517.82,Active
A000038,C02723,B00901,Salary,2021-08-13,260001.84,Active
A000039,C03538,B00401,Salary,2020-08-07,225151.59,Active
A000040,C01319,B00201,Salary,2021-12-24,153713.39,Active
A000041,C02790,B00601,Salary,2024-06-21,225555.67,Active
A000042,C00060,B00901,Premium Savings,2023-05-05,199723.42,Active
A000043,C03333,B00401,Savings,2020-09-16,186085.35,Active
A000044,C01615,B00201,Premium Savings,2023-11-09,131484.71,Active
A000045,C02555,B00601,Premium Savings,2021-05-14,29496.43,Active
A000046,C02930,B00401,Salary,2020-07-15,134282.73,Active
A000047,C02456,B00301,Current,2020-05-05,160637.26,Active
A000048,C00070,B00401,Salary,2022-12-10,178952.16,Active
A000049,C04094,B00901,Premium Savings,2020-07-19,206973.81,Active
A000050,C04222,B01001,Savings,2021-07-23,212833.78,Active
A000051,C04656,B00901,Salary,2021-12-10,234246.77,Active
A000052,C03909,B00601,Premium Savings,2022-11-18,363349.1,Active
A000053,C04221,B00501,Current,2020-03-18,291578.01,Active
A000054,C01277,B00601,Premium Savings,2021-09-30,119290.92,Active
A000055,C03208,B00201,Current,2020-09-23,136929.9,Active
A000056,C01905,B01001,Savings,2024-01-27,171519.78,Active
A000057,C04701,B00401,Salary,2024-03-06,322080.91,Active
A000058,C03485,B00401,Current,2022-03-24,331833.46,Active
A000059,C02254,B01001,Salary,2020-09-23,226982.86,Active
A000060,C03057,B00101,Current,2021-07-21,185618.19,Active
A000061,C03459,B00301,Current,2021-08-01,172387.08,Active
A000062,C04831,B00601,Savings,2020-03-20,186908.67,Active
A000063,C04864,B00301,Premium Savings,2024-05-27,152237.95,Active
A000064,C04912,B01001,Current,2020-12-09,256463.89,Active
A000065,C00278,B00601,Current,2023-10-24,248046.54,Active
A000066,C04447,B00901,Current,2023-06-20,138022.59,Active
A000067,C00931,B00501,Salary,2022-08-23,9565.13,Active
A000068,C02089,B00601,Salary,2024-03-24,230765.1,Active
A000069,C01935,B00401,Savings,2024-10-03,266758.23,Active
A000070,C02629,B00601,Savings,2020-12-09,342838.32,Active
A000071,C00816,B00901,Premium Savings,2021-03-19,145743.75,Active
A000072,C03712,B00101,Current,2023-07-01,241525.71,Active
A000073,C00490,B00201,Savings,2023-02-04,145891.31,Active
A000074,C01850,B00901,Salary,2020-04-25,344772.76,Active
A000075,C03514,B00101,Savings,2024-09-25,306219.16,Active
A000076,C01759,B00901,Premium Savings,2022-01-09,133503.13,Active
A000077,C04566,B01001,Premium Savings,2023-09-14,293021.38,Active
A000078,C01445,B00101,Current,2023-01-29,158082.81,Active
A000079,C04993,B00201,Salary,2023-10-01,269366.74,Active
A000080,C02327,B00801,Premium Savings,2023-05-19,159810.29,Active
A000081,C01745,B00701,Savings,2023-04-26,389241.01,Active
A000082,C01994,B00201,Salary,2020-04-04,244233.93,Active
A000083,C00860,B00701,Current,2021-03-11,0.0,Active
A000084,C02233,B00701,Salary,2022-03-25,162875.08,Active
A000085,C01322,B00701,Salary,2020-07-21,201503.1,Active
A000086,C04298,B00501,Premium Savings,2020-11-22,0.0,Active
A000087,C00920,B00401,Premium Savings,2022-02-28,320069.36,Active
A000088,C00478,B00701,Salary,2023-03-01,213028.67,Active
A000089,C04476,B01001,Premium Savings,2023-12-27,259498.09,Active
A000090,C00832,B00301,Current,2023-03-17,195202.06,Active
A000091,C00971,B00801,Premium Savings,2023-03-21,140230.05,Active
A000092,C01577,B00201,Savings,2021-11-06,86052.53,Active
A000093,C00561,B00201,Current,2024-10-04,65002.65,Active
A000094,C04823,B00901,Premium Savings,2021-10-15,206611.08,Active
A000095,C02062,B00201,Savings,2021-06-06,219895.66,Active
A000096,C03957,B00301,Current,2023-08-31,159177.29,Active
A000097,C00874,B01001,Savings,2024-01-02,180482.82,Active
A000098,C03359,B01001,Salary,2020-07-08,0.0,Active
A000099,C02843,B00301,Salary,2022-08-12,307291.38,Active
A000100,C01213,B00301,Salary,2021-07-14,98209.67,Active
A000101,C03897,B00501,Savings,2020-08-26,267697.79,Active
A000102,C02976,B01001,Current,2022-03-26,41681.32,Active
A000103,C02278,B00401,Current,2023-10-22,186968.45,Active
A000104,C02620,B00501,Current,2023-10-05,217272.15,Active
A000105,C01710,B00701,Savings,2024-01-03,47937.51,Active
A000106,C03325,B00901,Savings,2021-03-23,142099.68,Active
A000107,C00339,B00501,Premium Savings,2020-06-28,230578.35,Active
A000108,C03218,B00601,Savings,2020-03-14,247985.73,Active
A000109,C01135,B00401,Savings,2022-05-08,398861.96,Active
A000110,C00625,B00301,Current,2020-12-08,383921.12,Active
A000111,C00907,B00901,Premium Savings,2023-09-17,226505.45,Active
A000112,C04569,B00301,Salary,2020-06-13,316223.59,Active
A000113,C00100,B00201,Premium Savings,2020-05-26,190802.26,Active
A000114,C02181,B00401,Premium Savings,2022-08-26,72447.14,Active
A000115,C02406,B00301,Current,2023-04-15,178025.34,Active
A000116,C04551,B00901,Premium Savings,2022-02-06,317705.26,Active
A000117,C02470,B01001,Current,2024-03-13,123540.54,Active
A000118,C04393,B00801,Current,2020-07-14,202814.24,Active
A000119,C01805,B01001,Salary,2021-07-17,284241.28,Active
A000120,C01230,B00701,Salary,2023-09-10,88745.06,Active
A000121,C00825,B00301,Savings,2024-05-03,0.0,Active
A000122,C00906,B00301,Savings,2020-04-17,377017.77,Active
A000123,C00035,B00501,Premium Savings,2020-07-11,192859.43,Active
A000124,C01334,B00301,Savings,2021-12-27,261942.73,Active
A000125,C04597,B00101,Salary,2020-01-10,267187.54,Active
A000126,C00909,B00101,Savings,2021-05-06,46778.92,Active
A000127,C00615,B00901,Premium Savings,2024-06-19,187390.02,Active
A000128,C04190,B01001,Premium Savings,2022-06-13,222715.83,Active
A000129,C02502,B00301,Savings,2024-01-12,220174.93,Active
A000130,C01064,B00601,Premium Savings,2023-07-08,157954.13,Active
A000131,C03062,B00101,Salary,2024-03-09,290009.02,Active
A000132,C00249,B00601,Savings,2020-03-10,220666.91,Active
A000133,C01711,B00901,Premium Savings,2024-07-18,186994.33,Active
A000134,C04732,B00101,Current,2022-05-11,297414.55,Active
A000135,C01815,B01001,Salary,2024-06-01,132076.89,Active
A000136,C01686,B00401,Salary,2024-03-13,324773.68,Active
A000137,C02317,B00101,Current,2022-01-11,323290.85,Active
A000138,C00521,B01001,Savings,2023-07-25,0.0,Active
A000139,C00690,B00201,Savings,2023-09-21,302190.8,Active
A000140,C03521,B00201,Premium Savings,2022-06-06,104917.24,Active
A000141,C00471,B00201,Savings,2023-03-26,281261.87,Active
A000142,C01865,B00201,Premium Savings,2020-08-02,87291.9,Active
A000143,C01996,B00201,Salary,2020-06-04,100918.5,Active
A000144,C02932,B00401,Salary,2021-07-02,113992.72,Active
A000145,C03715,B00301,Current,2020-11-30,247820.48,Active
A000146,C02153,B01001,Premium Savings,2024-03-12,347957.41,Active
A000147,C03500,B00301,Savings,2024-04-26,231523.88,Active
A000148,C03134,B00101,Current,2021-12-16,305988.06,Active
A000149,C02375,B01001,Current,2020-10-06,40854.2,Active
A000150,C03511,B00501,Savings,2022-04-20,313904.1,Active
A000151,C01866,B00401,Salary,2020-02-03,305195.41,Active
A000152,C01735,B01001,Current,2020-01-26,302136.55,Active
A000153,C04524,B00901,Current,2021-01-16,219592.31,Active
A000154,C03905,B01001,Salary,2024-07-28,135698.17,Active
A000155,C03955,B01001,Premium Savings,2020-11-11,144434.33,Active
A000156,C02413,B00601,Savings,2021-07-14,84256.94,Active
A000157,C01284,B00301,Current,2022-10-11,197273.02,Active
A000158,C03707,B01001,Salary,2024-09-02,82575.19,Active
A000159,C00451,B00501,Premium Savings,2021-03-12,141586.02,Active
A000160,C01433,B00901,Savings,2021-12-28,95314.79,Active
A000161,C04447,B00101,Savings,2024-01-18,111216.24,Active
A000162,C04695,B00101,Savings,2021-10-14,224362.4,Active
A000163,C03429,B00201,Current,2023-05-10,95784.62,Active
A000164,C00201,B00101,Current,2024-04-04,326303.63,Active
A000165,C04073,B00201,Current,2020-11-30,297691.03,Active
A000166,C01498,B00101,Current,2020-02-23,367349.93,Active
A000167,C04875,B00201,Savings,2022-01-27,147722.19,Active
A000168,C03264,B00901,Salary,2021-10-18,254083.99,Active
A000169,C02682,B00101,Savings,2023-12-06,71109.62,Active
A000170,C00695,B00601,Salary,2024-07-23,250630.27,Active
A000171,C02289,B00301,Premium Savings,2024-09-30,0.0,Active
A000172,C03070,B00401,Current,2024-08-04,195906.6,Active
A000173,C01361,B00401,Premium Savings,2020-01-03,102054.88,Active
A000174,C00027,B00701,Current,2022-08-23,301506.61,Active
A000175,C04667,B00101,Current,2020-05-18,268304.51,Active
A000176,C03213,B01001,Salary,2021-03-08,119499.62,Active
A000177,C02345,B00101,Current,2024-11-27,114851.91,Active
A000178,C00899,B00801,Savings,2023-12-01,166865.58,Active
A000179,C03762,B00101,Premium Savings,2024-05-13,268483.71,Active
A000180,C02762,B00901,Savings,2024-10-25,56332.44,Active
A000181,C02601,B00601,Salary,2022-02-14,284922.81,Active
A000182,C02332,B00301,Salary,2022-03-12,167470.3,Active
A000183,C00680,B00601,Premium Savings,2023-03-01,164092.44,Active
A000184,C01958,B00601,Current,2024-11-04,231551.29,Active
A000185,C02628,B00301,Current,2024-02-16,208557.27,Active
A000186,C04417,B00701,Premium Savings,2024-01-06,247607.55,Active
A000187,C00144,B00901,Premium Savings,2020-01-19,97915.34,Active
A000188,C02861,B00701,Premium Savings,2020-10-15,133113.73,Active
A000189,C04681,B00201,Current,2022-07-19,114146.23,Active
A000190,C02948,B00201,Premium Savings,2020-09-23,138227.97,Active
A000191,C01860,B00101,Savings,2022-03-03,454835.82,Active
A000192,C01371,B00301,Premium Savings,2021-01-16,264838.48,Active
A000193,C03752,B00401,Current,2022-12-30,309664.56,Active
A000194,C04901,B00201,Salary,2023-10-23,203155.65,Active
A000195,C00845,B00301,Savings,2020-08-30,210757.55,Active
A000196,C04686,B00401,Salary,2020-09-14,370417.02,Active
A000197,C02425,B00601,Savings,2024-07-09,174929.63,Active
A000198,C03227,B00501,Current,2024-07-18,121437.99,Active
A000199,C00644,B00901,Salary,2024-04-11,173836.32,Active
A000200,C01024,B00201,Current,2020-06-15,349088.68,Active
A000201,C04672,B00201,Premium Savings,2020-11-04,320654.55,Active
A000202,C02077,B00501,Savings,2022-09-29,315590.23,Active
A000203,C02073,B00401,Salary,2020-10-11,308730.37,Active
A000204,C02172,B00401,Salary,2023-08-15,18767.79,Active
A000205,C00610,B00901,Savings,2021-06-11,261499.7,Active
A000206,C01883,B00601,Savings,2023-09-17,160993.56,Active
A000207,C01479,B00701,Savings,2023-04-23,363706.44,Active
A000208,C00165,B00601,Salary,2020-01-26,258058.49,Active
A000209,C02393,B00501,Savings,2020-09-01,163837.2,Active
A000210,C00520,B00901,Savings,2024-07-05,211708.15,Active
A000211,C01371,B00401,Current,2024-01-02,258008.47,Active
A000212,C03702,B00301,Savings,2020-02-26,277706.4,Active
A000213,C00493,B00901,Premium Savings,2023-01-15,155514.19,Active
A000214,C00591,B01001,Savings,2020-06-21,0.0,Active
A000215,C01042,B00101,Salary,2022-08-30,369165.46,Active
A000216,C01984,B00401,Current,2021-11-29,278763.17,Active
A000217,C02305,B00601,Premium Savings,2023-12-31,223375.82,Active
A000218,C01392,B00601,Salary,2024-02-02,177676.78,Active
A000219,C03943,B00201,Current,2021-08-19,265291.77,Active
A000220,C01113,B00601,Current,2022-12-08,36266.78,Active
A000221,C02327,B00901,Premium Savings,2021-05-08,267089.0,Active
A000222,C00359,B00901,Savings,2020-12-26,188166.96,Active
A000223,C00147,B01001,Premium Savings,2022-09-22,40394.71,Active
A000224,C03341,B00901,Premium Savings,2020-02-01,249218.1,Active
A000225,C03113,B01001,Savings,2020-09-17,97691.38,Active
A000226,C03648,B00301,Premium Savings,2022-04-25,318689.29,Active
A000227,C01871,B00301,Current,2024-04-19,169694.08,Active
A000228,C01985,B00501,Salary,2021-11-27,162698.61,Active
A000229,C04634,B00401,Current,2023-02-08,363340.3,Active
A000230,C02721,B00301,Current,2024-03-21,158475.94,Active
A000231,C03808,B00901,Premium Savings,2020-11-06,150695.94,Active
A000232,C00756,B01001,Salary,2021-01-22,158745.49,Active
A000233,C01553,B00501,Premium Savings,2022-06-07,19453.61,Active
A000234,C01344,B00601,Salary,2023-04-22,88034.26,Active
A000235,C03259,B00101,Savings,2020-10-31,190155.71,Active
A000236,C01967,B00701,Premium Savings,2023-10-28,118909.16,Active
A000237,C03012,B00601,Savings,2023-08-30,254724.1,Active
A000238,C02899,B00101,Premium Savings,2020-11-14,255367.48,Active
A000239,C02536,B00601,Premium Savings,2024-11-05,22577.46,Active
A000240,C03720,B00601,Savings,2024-04-07,403986.69,Active
A000241,C00714,B01001,Savings,2022-05-18,78684.85,Active
A000242,C01499,B00601,Savings,2020-03-24,300318.17,Active
A000243,C00178,B00301,Savings,2023-01-19,144214.17,Active
A000244,C01030,B00501,Salary,2020-06-04,182936.95,Active
A000245,C03046,B00401,Savings,2023-06-08,419607.5,Active
A000246,C03584,B00901,Savings,2023-09-16,74305.01,Active
A000247,C00201,B00801,Premium Savings,2020-04-17,222865.48,Active
A000248,C02457,B00201,Current,2021-08-25,200447.9,Active
A000249,C01773,B00401,Current,2023-05-17,129006.02,Active
A000250,C00449,B00901,Savings,2021-05-02,231548.88,Active
A000251,C04260,B01001,Premium Savings,2020-01-25,142112.03,Active
A000252,C03243,B00301,Current,2022-01-22,268178.83,Active
A000253,C02553,B00901,Salary,2020-01-20,290502.3,Active
A000254,C01245,B01001,Current,2024-01-29,302843.6,Active
A000255,C01797,B01001,Salary,2020-06-22,307452.19,Active
A000256,C01967,B00601,Salary,2020-10-31,307806.74,Active
A000257,C00841,B00201,Salary,2024-07-25,100564.74,Active
A000258,C04091,B00501,Premium Savings,2021-11-16,255033.15,Active
A000259,C01684,B00101,Savings,2020-03-10,317560.5,Active
A000260,C02477,B00601,Current,2022-07-02,280343.61,Active
A000261,C02640,B00201,Current,2020-12-30,129821.29,Active
A000262,C04922,B01001,Premium Savings,2024-11-22,188287.05,Active
A000263,C01859,B00301,Salary,2020-01-15,408130.64,Active
A000264,C01213,B00801,Current,2023-02-02,252578.28,Active
A000265,C04207,B00401,Salary,2024-07-22,206567.21,Active
A000266,C01032,B01001,Salary,2022-01-19,189697.58,Active
A000267,C04336,B00501,Salary,2024-08-26,332378.11,Active
A000268,C04332,B00401,Current,2021-05-23,191110.27,Active
A000269,C03296,B01001,Savings,2021-04-25,205578.96,Active
A000270,C01664,B00601,Premium Savings,2024-08-15,114758.79,Active
A000271,C01805,B00501,Premium Savings,2020-03-26,155202.83,Active
A000272,C02100,B00401,Premium Savings,2022-05-24,199884.71,Active
A000273,C03070,B00101,Current,2023-05-16,60431.41,Active
A000274,C01546,B00101,Salary,2022-03-25,11238.91,Active
A000275,C00299,B00601,Savings,2021-12-31,338971.86,Active
A000276,C02407,B01001,Savings,2022-12-07,204464.19,Active
A000277,C00263,B00401,Current,2023-01-11,42034.28,Active
A000278,C00289,B00201,Savings,2020-07-20,201893.84,Active
A000279,C01409,B00201,Current,2022-09-26,176839.65,Active
A000280,C03429,B00601,Premium Savings,2021-02-03,130114.27,Active
A000281,C04883,B00201,Premium Savings,2022-10-25,81743.09,Active
A000282,C02736,B00801,Salary,2024-11-03,96239.13,Active
A000283,C04542,B00201,Savings,2024-06-17,151436.76,Active
A000284,C00080,B01001,Current,2021-12-25,179318.16,Active
A000285,C03124,B00201,Current,2023-12-18,68988.55,Active
A000286,C04103,B00201,Current,2021-01-25,143666.64,Active
A000287,C04519,B00101,Salary,2023-09-22,315020.17,Active
A000288,C02633,B00301,Savings,2020-07-11,156309.07,Active
A000289,C01886,B01001,Premium Savings,2023-02-08,135941.01,Active
A000290,C02537,B00201,Current,2020-11-10,151311.19,Active
A000291,C03227,B00401,Current,2022-06-24,184743.97,Active
A000292,C02344,B01001,Current,2022-12-02,192210.95,Active
A000293,C04183,B00601,Savings,2020-02-04,273751.24,Active
A000294,C01709,B00501,Current,2022-04-24,95676.34,Active
A000295,C04454,B00501,Current,2022-09-15,143094.98,Active
A000296,C00298,B01001,Current,2023-12-12,162394.23,Active
A000297,C03959,B00601,Savings,2023-07-27,209482.65,Active
A000298,C01366,B01001,Current,2024-05-17,125434.81,Active
A000299,C03537,B00101,Premium Savings,2020-09-05,179869.13,Active
A000300,C01558,B00601,Salary,2023-04-20,144546.47,Active
A000301,C01055,B00101,Salary,2020-10-26,171661.52,Active
A000302,C03891,B00501,Salary,2024-05-16,189001.13,Active
A000303,C04561,B01001,Salary,2020-05-04,208274.0,Active
A000304,C01103,B00501,Savings,2023-06-24,0.0,Active
A000305,C00266,B00101,Premium Savings,2023-06-11,318500.83,Active
A000306,C01545,B00901,Current,2023-12-06,183072.0,Active
A000307,C02787,B00301,Savings,2023-04-08,223347.48,Active
A000308,C01772,B00801,Current,2024-09-19,241372.68,Active
A000309,C03598,B00201,Premium Savings,2024-01-30,175552.2,Active
A000310,C03959,B00901,Salary,2022-11-09,226597.07,Active
A000311,C02821,B00201,Salary,2020-07-30,356623.82,Active
A000312,C04932,B00301,Salary,2021-07-16,162362.05,Active
A000313,C02752,B00901,Current,2020-10-17,293273.29,Active
A000314,C04418,B00101,Savings,2023-06-09,118016.96,Active
A000315,C03764,B00501,Salary,2024-06-16,101283.54,Active
A000316,C00357,B00901,Current,2021-09-04,139563.23,Active
A000317,C03295,B00201,Premium Savings,2020-07-21,199347.76,Active
A000318,C02738,B00701,Savings,2021-09-02,101142.08,Active
A000319,C01894,B00601,Savings,2020-12-19,206275.46,Active
A000320,C03379,B00601,Premium Savings,2021-11-13,149143.2,Active
A000321,C02466,B00601,Savings,2021-04-30,340878.17,Active
A000322,C04263,B00101,Savings,2024-04-01,143353.86,Active
A000323,C00186,B00901,Premium Savings,2020-05-24,5759.07,Active
A000324,C04995,B00801,Salary,2023-03-13,202712.03,Active
A000325,C02610,B00701,Premium Savings,2022-03-01,0.0,Active
A000326,C00258,B00301,Savings,2022-05-12,297913.72,Active
A000327,C04520,B00901,Premium Savings,2020-06-09,209683.35,Active
A000328,C03042,B00901,Premium Savings,2023-07-31,216832.84,Active
A000329,C03802,B00101,Premium Savings,2021-01-03,173788.34,Active
A000330,C02797,B00901,Salary,2022-05-06,113411.86,Active
A000331,C04181,B00201,Savings,2021-09-25,243885.93,Active
A000332,C00842,B00301,Premium Savings,2020-09-11,45454.99,Active
A000333,C00739,B00901,Savings,2022-06-10,166628.06,Active
A000334,C00729,B00801,Premium Savings,2022-01-21,104097.83,Active
A000335,C02354,B00501,Premium Savings,2021-06-26,69588.98,Active
A000336,C01553,B00101,Savings,2022-04-24,132038.78,Active
A000337,C01279,B00301,Current,2023-08-05,186763.48,Active
A000338,C02187,B00201,Savings,2022-08-13,45432.32,Active
A000339,C00895,B00601,Salary,2022-06-02,88027.48,Active
A000340,C04285,B00901,Savings,2023-11-08,241066.04,Active
A000341,C02942,B01001,Premium Savings,2022-01-31,401614.15,Active
A000342,C02763,B00501,Savings,2022-05-20,71448.98,Active
A000343,C04329,B00301,Premium Savings,2023-08-16,295311.1,Active
A000344,C00955,B00201,Salary,2023-01-21,203383.26,Active
A000345,C02092,B00201,Current,2021-09-16,118970.44,Active
A000346,C03825,B00301,Current,2021-03-07,139439.91,Active
A000347,C03656,B00201,Premium Savings,2020-03-14,248261.72,Active
A000348,C01646,B00501,Current,2023-06-03,321027.48,Active
A000349,C03892,B00501,Savings,2022-12-11,92055.04,Active
A000350,C04882,B00401,Salary,2023-12-24,245470.08,Active
A000351,C04019,B00801,Salary,2020-02-26,258631.16,Active
A000352,C02983,B00401,Savings,2022-05-08,194924.35,Active
A000353,C04070,B00301,Current,2020-12-28,101189.63,Active
A000354,C03811,B01001,Salary,2023-09-08,219742.15,Active
A000355,C02521,B00901,Current,2020-01-30,0.0,Active
A000356,C01086,B00401,Salary,2024-08-24,43894.48,Active
A000357,C01794,B00401,Current,2023-08-01,220419.15,Active
A000358,C02316,B00901,Savings,2022-08-24,338371.17,Active
A000359,C04281,B00501,Premium Savings,2022-07-28,167642.29,Active
A000360,C04129,B00201,Current,2024-01-10,102617.7,Active
A000361,C01045,B01001,Salary,2020-04-04,212638.47,Active
A000362,C01467,B00701,Premium Savings,2021-05-27,214686.66,Active
A000363,C04215,B00201,Premium Savings,2024-01-09,175474.16,Active
A000364,C02506,B00601,Salary,2020-07-06,58906.48,Active
A000365,C00812,B00601,Salary,2022-07-16,522288.16,Active
A000366,C02596,B00901,Salary,2020-09-19,270949.11,Active
A000367,C03082,B00301,Savings,2021-11-14,241419.69,Active
A000368,C03463,B00601,Salary,2022-01-17,225167.35,Active
A000369,C01959,B00701,Premium Savings,2020-03-21,20947.17,Active
A000370,C00547,B00201,Premium Savings,2020-04-19,93648.07,Active
A000371,C01558,B00901,Savings,2023-03-30,261707.52,Active
A000372,C02971,B00801,Salary,2024-05-22,427141.61,Active
A000373,C02836,B00601,Savings,2023-01-12,291205.34,Active
A000374,C00379,B00601,Premium Savings,2023-11-05,158164.19,Active
A000375,C01870,B00101,Current,2021-07-01,174831.34,Active
A000376,C04735,B00601,Salary,2022-07-19,250222.5,Active
A000377,C00214,B00901,Premium Savings,2020-09-07,216875.33,Active
A000378,C04455,B00201,Current,2022-08-20,351318.49,Active
A000379,C02108,B00501,Savings,2020-09-24,125226.04,Active
A000380,C02231,B00401,Premium Savings,2024-02-16,59631.18,Active
A000381,C00364,B00601,Premium Savings,2020-03-13,0.0,Active
A000382,C03017,B00901,Premium Savings,2021-06-23,378015.98,Active
A000383,C01771,B00101,Savings,2023-02-19,279764.3,Active
A000384,C03247,B01001,Premium Savings,2021-06-25,214070.13,Active
A000385,C00488,B00201,Current,2024-03-12,166401.31,Active
A000386,C00674,B00701,Current,2024-09-17,112303.32,Active
A000387,C01627,B00401,Savings,2024-03-08,234568.02,Active
A000388,C01252,B00901,Savings,2021-03-26,318513.71,Active
A000389,C00665,B00601,Premium Savings,2024-11-16,241505.89,Active
A000390,C04074,B00601,Premium Savings,2024-05-24,300273.33,Active
A000391,C02520,B00501,Savings,2022-01-31,211331.33,Active
A000392,C04645,B01001,Current,2021-01-27,193076.96,Active
A000393,C02469,B00501,Salary,2024-11-25,57709.78,Active
A000394,C00177,B00301,Salary,2020-09-21,333461.94,Active
A000395,C01885,B00401,Salary,2020-04-29,252448.49,Active
A000396,C00426,B00201,Current,2023-06-29,242183.66,Active
A000397,C03088,B01001,Savings,2020-01-27,277506.97,Active
A000398,C03413,B00201,Current,2024-09-29,176013.44,Active
A000399,C00481,B00201,Current,2022-07-08,242695.22,Active
A000400,C00611,B00401,Current,2024-09-26,381486.51,Active
A000401,C01299,B00601,Current,2021-01-03,142188.91,Active
A000402,C03014,B00201,Premium Savings,2021-06-19,218226.67,Active
A000403,C03797,B00601,Premium Savings,2024-08-02,355680.98,Active
A000404,C00083,B00401,Savings,2020-01-08,130035.5,Active
A000405,C00441,B00401,Current,2023-11-15,0.0,Active
A000406,C04638,B00501,Premium Savings,2021-08-11,227273.82,Active
A000407,C02255,B00401,Premium Savings,2021-12-07,137849.4,Active
A000408,C03556,B00901,Savings,2021-07-01,345116.04,Active
A000409,C00734,B00601,Current,2020-08-04,252437.48,Active
A000410,C02188,B00501,Current,2024-02-12,318920.22,Active
A000411,C04815,B00501,Current,2023-04-03,82112.81,Active
A000412,C01824,B00601,Salary,2021-10-25,111747.57,Active
A000413,C01882,B00501,Salary,2022-02-07,228106.45,Active
A000414,C01940,B00501,Savings,2024-05-17,287256.48,Active
A000415,C01111,B00901,Premium Savings,2024-02-01,334972.85,Active
A000416,C01097,B00201,Salary,2021-08-08,120289.34,Active
A000417,C01678,B00901,Salary,2023-04-30,157243.65,Active
A000418,C03191,B00301,Premium Savings,2020-08-19,17933.11,Active
A000419,C02181,B00501,Salary,2020-02-27,51746.09,Active
A000420,C01986,B00601,Current,2023-07-04,208372.24,Active
A000421,C03468,B00601,Salary,2023-01-15,172278.03,Active
A000422,C00349,B00201,Savings,2020-04-25,343978.43,Active
A000423,C00059,B00701,Premium Savings,2023-12-19,123154.61,Active
A000424,C00069,B00401,Current,2020-05-26,250858.23,Active
A000425,C01524,B00601,Savings,2024-09-27,164682.51,Active
A000426,C00758,B00401,Savings,2022-11-18,144901.02,Active
A000427,C02324,B00301,Current,2022-09-07,145732.88,Active
A000428,C00922,B00401,Premium Savings,2024-02-24,271446.16,Active
A000429,C00706,B00301,Premium Savings,2021-12-16,246271.58,Active
A000430,C02379,B01001,Current,2022-08-10,97633.83,Active
A000431,C01395,B00301,Savings,2020-04-14,204494.44,Active
A000432,C04440,B00201,Salary,2023-07-31,0.0,Active
A000433,C04112,B00901,Premium Savings,2024-06-22,145593.0,Active
A000434,C00252,B00501,Savings,2022-11-04,0.0,Active
A000435,C01768,B00301,Current,2023-11-20,204867.94,Active
A000436,C02705,B00301,Savings,2023-11-01,307514.92,Active
A000437,C01156,B00901,Premium Savings,2022-10-09,257831.13,Active
A000438,C03629,B00801,Premium Savings,2021-08-19,163218.3,Active
A000439,C01788,B00301,Current,2023-11-10,386250.83,Active
A000440,C02722,B00501,Savings,2024-02-08,189873.26,Active
A000441,C00436,B00701,Current,2023-11-30,132899.74,Active
A000442,C01823,B00601,Premium Savings,2024-04-23,172688.96,Active
A000443,C04859,B01001,Current,2022-06-08,282000.2,Active
A000444,C03045,B00301,Premium Savings,2024-10-27,0.0,Active
A000445,C01591,B00101,Premium Savings,2022-09-12,322581.06,Active
A000446,C01005,B00801,Premium Savings,2023-07-23,334018.38,Active
A000447,C00918,B00801,Savings,2022-05-23,133403.46,Active
A000448,C02963,B00401,Salary,2023-11-20,190395.14,Active
A000449,C01527,B01001,Current,2021-02-04,132572.57,Active
A000450,C01554,B00601,Savings,2024-10-26,233547.72,Active
A000451,C02942,B00201,Premium Savings,2020-06-20,317816.78,Active
A000452,C04009,B00601,Salary,2024-06-25,198448.46,Active
A000453,C04980,B00601,Premium Savings,2022-05-25,130186.17,Active
A000454,C00985,B00301,Premium Savings,2022-07-15,157522.73,Active
A000455,C04019,B00101,Salary,2023-09-05,137656.65,Active
A000456,C03636,B01001,Current,2021-09-29,313542.48,Active
A000457,C02055,B00601,Savings,2020-05-12,81582.05,Active
A000458,C00722,B00201,Salary,2023-10-12,387045.3,Active
A000459,C01647,B00101,Savings,2020-12-29,313854.35,Active
A000460,C02039,B00401,Salary,2023-04-21,107481.62,Active
A000461,C04012,B00801,Salary,2023-05-12,112604.79,Active
A000462,C04485,B01001,Salary,2024-08-27,225453.58,Active
A000463,C03894,B00901,Salary,2022-11-25,188655.42,Active
A000464,C00696,B00101,Current,2021-03-29,133553.82,Active
A000465,C02581,B00701,Current,2021-07-06,314016.72,Active
A000466,C01658,B00301,Current,2020-07-25,247617.4,Active
A000467,C03494,B00901,Savings,2024-02-03,270747.72,Active
A000468,C02314,B00201,Salary,2020-05-21,309657.74,Active
A000469,C04490,B01001,Salary,2020-08-24,156833.95,Active
A000470,C04857,B00201,Salary,2022-08-05,295616.17,Active
A000471,C03851,B00501,Salary,2023-06-07,243760.44,Active
A000472,C00294,B00201,Savings,2024-01-17,390143.42,Active
A000473,C02142,B00401,Premium Savings,2020-11-04,245217.94,Active
A000474,C03044,B00301,Savings,2024-01-04,248599.74,Active
A000475,C04858,B00301,Salary,2024-09-17,165441.28,Active
A000476,C04643,B00401,Savings,2022-12-18,230227.74,Active
A000477,C01880,B00301,Current,2020-02-15,169465.49,Active
A000478,C04331,B00301,Premium Savings,2021-08-29,5739.59,Active
A000479,C02125,B00901,Current,2020-03-04,229689.78,Active
A000480,C00771,B00501,Salary,2021-07-07,181617.78,Active
A000481,C00201,B00801,Savings,2024-05-16,412270.62,Active
A000482,C03569,B00401,Salary,2020-03-17,220928.01,Active
A000483,C00890,B00401,Salary,2022-03-15,274647.67,Active
A000484,C00340,B00501,Current,2020-06-17,232489.73,Active
A000485,C03625,B00801,Salary,2024-02-22,193733.55,Active
A000486,C00863,B00401,Salary,2022-01-16,148361.0,Active
A000487,C04343,B00401,Current,2024-07-15,270107.46,Active
A000488,C02950,B00201,Current,2023-12-23,151550.28,Active
A000489,C00341,B00501,Premium Savings,2023-09-25,105891.32,Active
A000490,C04458,B01001,Current,2024-09-22,115725.78,Active
A000491,C00952,B00601,Salary,2020-09-13,445828.49,Active
A000492,C00836,B01001,Savings,2021-01-28,122037.38,Active
A000493,C02525,B00201,Premium Savings,2024-01-26,277386.19,Active
A000494,C00906,B01001,Savings,2020-04-02,192767.61,Active
A000495,C00688,B00401,Premium Savings,2020-02-10,287149.44,Active
A000496,C04364,B00401,Salary,2023-06-07,263148.66,Active
A000497,C01882,B00401,Savings,2020-11-01,304685.12,Active
A000498,C04105,B00501,Salary,2021-08-17,118520.13,Active
A000499,C03362,B00901,Premium Savings,2022-03-13,147318.3,Active
A000500,C00659,B00201,Current,2021-09-28,176752.53,Active
A000501,C02800,B00201,Premium Savings,2024-07-27,249540.25,Active
A000502,C01918,B01001,Premium Savings,2022-11-20,139446.62,Active
A000503,C00183,B00601,Salary,2021-05-11,311079.41,Active
A000504,C02612,B00301,Current,2024-05-02,100439.1,Active
A000505,C01605,B00301,Premium Savings,2024-07-14,208134.06,Active
A000506,C04008,B00301,Premium Savings,2024-10-03,165749.21,Active
A000507,C03735,B00501,Current,2023-05-16,311026.19,Active
A000508,C00826,B00901,Premium Savings,2023-03-25,239282.84,Active
A000509,C00990,B00401,Salary,2021-09-08,59758.48,Active
A000510,C02743,B00401,Salary,2022-04-14,154787.79,Active
A000511,C00735,B00801,Savings,2020-03-21,198745.37,Active
A000512,C00586,B00901,Savings,2022-08-12,127255.54,Active
A000513,C02143,B00701,Current,2024-06-08,462879.51,Active
A000514,C01505,B00101,Salary,2023-10-29,110531.67,Active
A000515,C02373,B00101,Salary,2021-10-29,227178.75,Active
A000516,C01224,B00501,Savings,2021-02-02,193559.41,Active
A000517,C02765,B00401,Premium Savings,2021-11-29,165209.57,Active
A000518,C02237,B01001,Savings,2024-04-04,260604.57,Active
A000519,C03364,B01001,Current,2020-06-13,398212.86,Active
A000520,C00172,B00101,Current,2020-04-02,115794.12,Active
A000521,C03356,B00201,Salary,2022-11-12,298637.06,Active
A000522,C04623,B00701,Current,2023-04-03,110804.32,Active
A000523,C01388,B00501,Premium Savings,2020-03-11,214138.7,Active
A000524,C01046,B00501,Premium Savings,2020-11-09,120924.25,Active
A000525,C01709,B01001,Premium Savings,2022-09-20,242860.12,Active
A000526,C01853,B00901,Premium Savings,2024-03-23,21747.2,Active
A000527,C02155,B00501,Premium Savings,2024-07-19,216956.42,Active
A000528,C00144,B01001,Premium Savings,2024-05-24,332119.18,Active
A000529,C03342,B00101,Current,2021-10-27,235251.74,Active
A000530,C02942,B01001,Premium Savings,2024-10-14,231681.0,Active
A000531,C02808,B00501,Premium Savings,2020-04-26,118994.19,Active
A000532,C00982,B00801,Current,2024-07-05,332727.31,Active
A000533,C00153,B00301,Premium Savings,2020-02-08,143745.42,Active
A000534,C02099,B00201,Premium Savings,2022-10-01,324999.8,Active
A000535,C00732,B00701,Savings,2021-08-18,224520.53,Active
A000536,C01664,B00601,Savings,2020-04-15,357290.61,Active
A000537,C01736,B00401,Savings,2024-09-09,168163.7,Active
A000538,C04552,B00101,Premium Savings,2024-10-15,41860.96,Active
A000539,C03662,B00401,Current,2020-08-07,298087.95,Active
A000540,C03918,B00101,Salary,2020-04-19,357822.54,Active
A000541,C03914,B00201,Savings,2020-02-11,227382.53,Active
A000542,C00981,B00101,Premium Savings,2020-08-05,45673.46,Active
A000543,C03780,B00501,Premium Savings,2022-05-29,287928.09,Active
A000544,C00491,B00601,Current,2021-10-26,173960.47,Active
A000545,C04820,B00201,Premium Savings,2021-01-26,137952.32,Active
A000546,C00468,B00901,Current,2024-06-15,484881.09,Active
A000547,C02342,B00201,Salary,2021-07-11,310124.25,Active
A000548,C00610,B01001,Current,2021-07-11,171450.94,Active
A000549,C04864,B00901,Savings,2021-08-25,190104.79,Active
A000550,C04354,B00501,Salary,2023-09-21,221930.59,Active
A000551,C01113,B01001,Savings,2024-11-17,230340.67,Active
A000552,C03971,B00501,Salary,2021-12-12,223718.77,Active
A000553,C04979,B00601,Premium Savings,2021-10-16,530080.79,Active
A000554,C01043,B01001,Savings,2021-09-24,44456.07,Active
A000555,C02462,B00901,Premium Savings,2020-05-29,136212.7,Active
A000556,C02234,B00401,Current,2020-06-06,227481.05,Active
A000557,C04374,B00801,Current,2024-01-14,309082.72,Active
A000558,C00400,B00801,Premium Savings,2023-08-12,180987.64,Active
A000559,C04558,B00501,Savings,2021-01-11,283779.3,Active
A000560,C02990,B00501,Savings,2021-03-29,94346.35,Active
A000561,C03088,B00901,Premium Savings,2021-07-28,103172.09,Active
A000562,C02552,B00901,Savings,2024-10-16,101894.46,Active
A000563,C02419,B00301,Premium Savings,2024-07-21,375752.74,Active
A000564,C01819,B00201,Savings,2024-09-13,125378.42,Active
A000565,C04450,B00701,Current,2024-04-19,108567.23,Active
A000566,C02280,B00201,Current,2023-03-16,244434.68,Active
A000567,C04307,B00501,Salary,2022-12-11,228917.5,Active
A000568,C04035,B00601,Premium Savings,2021-04-15,357082.83,Active
A000569,C04798,B00101,Salary,2022-09-13,194481.29,Active
A000570,C02959,B00601,Premium Savings,2023-03-14,121004.05,Active
A000571,C01441,B00101,Premium Savings,2020-06-07,188446.74,Active
A000572,C00793,B00501,Premium Savings,2023-08-18,300490.74,Active
A000573,C02056,B01001,Premium Savings,2020-09-30,303512.69,Active
A000574,C02970,B01001,Savings,2024-08-12,63196.42,Active
A000575,C02711,B00801,Premium Savings,2023-08-19,206948.38,Active
A000576,C01233,B00401,Savings,2023-04-17,185973.96,Active
A000577,C03285,B00101,Salary,2024-08-21,322356.89,Active
A000578,C01241,B00501,Current,2020-03-30,200650.57,Active
A000579,C00560,B00101,Premium Savings,2021-07-27,10330.38,Active
A000580,C03179,B00301,Premium Savings,2022-01-19,283537.44,Active
A000581,C00771,B00401,Current,2022-06-03,109166.43,Active
A000582,C02455,B00201,Savings,2022-10-20,262354.78,Active
A000583,C00592,B00301,Savings,2023-09-14,88267.41,Active
A000584,C01761,B00401,Salary,2021-06-09,33644.35,Active
A000585,C01984,B00901,Savings,2023-11-01,386094.81,Active
A000586,C00434,B00601,Salary,2024-01-15,80217.59,Active
A000587,C02911,B00701,Salary,2020-07-02,99254.52,Active
A000588,C00285,B00601,Premium Savings,2021-09-20,265382.77,Active
A000589,C02393,B00901,Premium Savings,2024-05-05,244943.85,Active
A000590,C00266,B00201,Savings,2023-03-31,365986.22,Active
A000591,C00600,B01001,Premium Savings,2024-01-22,102207.82,Active
A000592,C03452,B00501,Salary,2024-05-23,145090.43,Active
A000593,C01547,B00201,Current,2022-07-17,353078.72,Active
A000594,C01381,B00501,Savings,2020-11-29,86730.09,Active
A000595,C03378,B00501,Current,2024-07-21,0.0,Active
A000596,C00654,B00901,Current,2023-09-27,206428.34,Active
A000597,C00779,B00101,Salary,2020-01-04,287935.97,Active
A000598,C01040,B00101,Savings,2020-11-04,114912.48,Active
A000599,C01277,B00601,Premium Savings,2023-07-05,399133.91,Active
A000600,C02745,B00301,Savings,2022-12-24,345168.31,Active
A000601,C01797,B00401,Current,2022-04-07,102960.36,Active
A000602,C03905,B00401,Current,2024-01-16,190713.83,Active
A000603,C02511,B00801,Savings,2022-12-14,228105.59,Active
A000604,C04516,B00601,Premium Savings,2024-08-13,342165.04,Active
A000605,C00129,B00301,Current,2021-05-22,352883.06,Active
A000606,C02617,B00301,Current,2020-12-30,144154.08,Active
A000607,C02732,B01001,Current,2020-07-20,306006.06,Active
A000608,C03525,B00401,Premium Savings,2021-01-02,361989.42,Active
A000609,C04790,B00601,Current,2024-05-01,168124.46,Active
A000610,C02731,B00501,Premium Savings,2020-03-13,221891.97,Active
A000611,C00980,B00401,Premium Savings,2024-08-16,275651.64,Active
A000612,C00136,B00101,Savings,2020-11-04,54542.96,Active
A000613,C01389,B00301,Savings,2020-05-24,301338.52,Active
A000614,C04335,B00801,Salary,2022-04-05,376715.79,Active
A000615,C02695,B00601,Savings,2021-01-10,187565.46,Active
A000616,C03099,B00201,Current,2021-12-28,115187.51,Active
A000617,C02193,B00401,Salary,2022-08-03,349325.59,Active
A000618,C03698,B00101,Salary,2022-07-18,72660.6,Active
A000619,C01039,B00501,Salary,2020-04-11,189510.63,Active
A000620,C04620,B00501,Salary,2021-02-02,73598.96,Active
A000621,C01067,B00501,Salary,2021-08-28,342773.54,Active
A000622,C01586,B00401,Premium Savings,2020-06-12,60695.37,Active
A000623,C03802,B00601,Savings,2021-06-26,449460.63,Active
A000624,C04695,B00601,Salary,2021-07-14,436668.13,Active
A000625,C01113,B01001,Current,2021-09-11,177055.18,Active
A000626,C04991,B00201,Salary,2024-04-06,102019.08,Active
A000627,C04892,B01001,Savings,2020-01-05,278599.67,Active
A000628,C00031,B00101,Salary,2022-12-29,148420.79,Active
A000629,C02358,B00601,Current,2020-09-16,60420.99,Active
A000630,C04333,B00101,Salary,2023-02-26,54971.77,Active
A000631,C03801,B00101,Premium Savings,2020-07-10,151145.8,Active
A000632,C02803,B00601,Salary,2023-05-25,93252.92,Active
A000633,C02225,B00201,Salary,2022-11-21,296090.21,Active
A000634,C00105,B00101,Current,2020-01-31,258774.27,Active
A000635,C00303,B00801,Current,2022-11-20,86657.95,Active
A000636,C04875,B00501,Salary,2021-03-06,243434.6,Active
A000637,C01903,B00701,Salary,2024-08-23,113620.9,Active
A000638,C00677,B00301,Savings,2024-07-17,190406.28,Active
A000639,C04929,B00201,Salary,2022-11-24,169456.25,Active
A000640,C04492,B00101,Current,2020-01-13,172167.46,Active
A000641,C04382,B00401,Salary,2022-02-26,132167.94,Active
A000642,C02986,B00601,Premium Savings,2022-05-24,361362.05,Active
A000643,C02089,B00901,Savings,2022-12-26,343199.08,Active
A000644,C02815,B00301,Salary,2021-01-08,110694.91,Active
A000645,C03630,B00601,Current,2020-08-17,130925.05,Active
A000646,C00634,B00701,Premium Savings,2021-03-10,0.0,Active
A000647,C02131,B00301,Current,2023-09-27,241833.9,Active
A000648,C02471,B00901,Salary,2020-05-21,64371.47,Active
A000649,C02122,B00401,Premium Savings,2022-07-09,92655.96,Active
A000650,C04296,B00201,Salary,2023-06-03,136226.48,Active
A000651,C04969,B00701,Savings,2021-03-05,227215.63,Active
A000652,C03206,B00201,Premium Savings,2022-03-14,215344.07,Active
A000653,C04326,B00301,Current,2023-07-15,195093.67,Active
A000654,C03771,B01001,Premium Savings,2020-08-06,57357.07,Active
A000655,C04961,B00501,Salary,2021-08-11,114900.01,Active
A000656,C03941,B00101,Salary,2024-07-16,53399.8,Active
A000657,C01582,B00601,Premium Savings,2023-02-05,168547.86,Active
A000658,C03743,B01001,Savings,2023-04-09,155430.32,Active
A000659,C02912,B00801,Current,2024-11-14,207821.52,Active
A000660,C04040,B00601,Savings,2022-11-18,254232.09,Active
A000661,C00770,B00401,Salary,2022-03-26,152746.47,Active
A000662,C04097,B00501,Savings,2022-07-23,161543.61,Active
A000663,C01724,B00901,Salary,2022-10-01,54589.49,Active
A000664,C03953,B01001,Savings,2024-01-14,120932.12,Active
A000665,C00148,B00701,Savings,2024-07-28,206804.99,Active
A000666,C04785,B00401,Premium Savings,2023-05-19,106807.71,Active
A000667,C04828,B01001,Salary,2020-01-31,213993.13,Active
A000668,C01894,B00101,Salary,2023-05-14,149402.07,Active
A000669,C02826,B00201,Current,2023-11-30,64235.43,Active
A000670,C03734,B01001,Salary,2021-10-25,219679.7,Active
A000671,C01465,B00201,Savings,2022-01-23,198541.42,Active
A000672,C04985,B00801,Salary,2020-05-10,134664.91,Active
A000673,C01149,B00101,Savings,2022-03-18,147492.01,Active
A000674,C04261,B00301,Premium Savings,2021-05-09,190575.22,Active
A000675,C04166,B00101,Salary,2023-10-23,194718.34,Active
A000676,C00741,B00301,Current,2023-01-21,90325.92,Active
A000677,C00909,B00801,Current,2020-07-14,180935.88,Active
A000678,C01633,B00201,Salary,2021-12-06,161254.76,Active
A000679,C01941,B00601,Premium Savings,2024-05-04,284517.87,Active
A000680,C00396,B00901,Current,2022-10-11,275861.8,Active
A000681,C02079,B00901,Salary,2021-11-07,178861.74,Active
A000682,C03691,B00501,Savings,2024-04-27,225818.39,Active
A000683,C03273,B00901,Savings,2020-06-22,328743.49,Active
A000684,C02038,B00101,Savings,2020-06-27,152864.74,Active
A000685,C04438,B00101,Salary,2024-06-03,102940.55,Active
A000686,C02219,B00201,Current,2023-04-17,82100.04,Active
A000687,C02091,B00101,Current,2022-04-06,229925.45,Active
A000688,C04683,B00101,Premium Savings,2021-05-13,24605.85,Active
A000689,C04049,B00401,Premium Savings,2020-07-17,195271.76,Active
A000690,C01131,B00901,Current,2020-03-08,222000.27,Active
A000691,C00430,B01001,Premium Savings,2023-03-27,248307.94,Active
A000692,C04315,B00901,Premium Savings,2024-07-16,271539.77,Active
A000693,C03673,B00101,Current,2020-03-17,132478.95,Active
A000694,C01095,B00801,Current,2021-08-13,48678.09,Active
A000695,C04986,B00701,Premium Savings,2024-07-31,235892.9,Active
A000696,C00266,B00501,Savings,2022-11-20,381024.44,Active
A000697,C03685,B00501,Current,2024-08-05,228563.44,Active
A000698,C04150,B00301,Savings,2022-07-25,160428.0,Active
A000699,C03676,B00501,Savings,2020-12-05,75698.24,Active
A000700,C04724,B00601,Savings,2021-08-25,282094.16,Active
A000701,C00887,B01001,Current,2024-02-23,209763.24,Active
A000702,C03828,B01001,Salary,2024-01-06,253379.33,Active
A000703,C04753,B00801,Current,2020-06-21,190640.81,Active
A000704,C00052,B00901,Premium Savings,2023-02-17,198196.56,Active
A000705,C04011,B00301,Savings,2021-01-24,15143.64,Active
A000706,C02050,B00901,Salary,2024-02-13,56790.46,Active
A000707,C03549,B00201,Savings,2023-09-05,128281.73,Active
A000708,C03381,B00501,Savings,2024-06-26,199522.31,Active
A000709,C02209,B00701,Salary,2020-09-18,258065.62,Active
A000710,C03005,B00301,Savings,2023-10-29,168788.9,Active
A000711,C00386,B01001,Savings,2023-12-23,0.0,Active
A000712,C00032,B00901,Premium Savings,2020-09-24,134790.96,Active
A000713,C02059,B00701,Current,2022-05-03,328433.8,Active
A000714,C01253,B00801,Current,2020-10-13,333556.22,Active
A000715,C00140,B01001,Premium Savings,2024-04-05,0.0,Active
A000716,C04667,B00101,Savings,2023-06-02,346099.19,Active
A000717,C02100,B00101,Salary,2024-09-23,145156.67,Active
A000718,C00483,B00901,Premium Savings,2020-08-19,398382.79,Active
A000719,C03795,B01001,Current,2021-04-04,71585.5,Active
A000720,C00790,B00301,Premium Savings,2022-03-25,121089.87,Active
A000721,C00824,B00701,Current,2020-09-29,20851.86,Active
A000722,C04644,B00501,Salary,2022-10-31,58072.49,Active
A000723,C03949,B00701,Savings,2022-02-03,206612.33,Active
A000724,C03103,B00301,Salary,2024-10-03,210069.05,Active
A000725,C00222,B00501,Salary,2024-04-03,179086.55,Active
A000726,C03911,B01001,Savings,2020-05-25,105601.57,Active
A000727,C03770,B00201,Salary,2023-12-09,152283.97,Active
A000728,C02694,B00301,Savings,2022-02-21,271223.41,Active
A000729,C02065,B00301,Premium Savings,2023-12-03,58076.29,Active
A000730,C01365,B00101,Current,2023-04-20,178381.95,Active
A000731,C04567,B00201,Premium Savings,2021-06-02,151650.71,Active
A000732,C04302,B00501,Current,2022-07-14,102223.24,Active
A000733,C04619,B00201,Premium Savings,2023-01-07,155412.19,Active
A000734,C03470,B00401,Salary,2020-11-11,108786.94,Active
A000735,C04041,B01001,Salary,2020-06-16,134015.57,Active
A000736,C03216,B00301,Salary,2022-11-22,406604.14,Active
A000737,C02866,B00201,Premium Savings,2023-11-12,131264.66,Active
A000738,C04475,B00601,Savings,2020-12-20,88641.41,Active
A000739,C01828,B00701,Premium Savings,2022-09-12,17452.96,Active
A000740,C02385,B00601,Salary,2020-11-01,400776.65,Active
A000741,C00783,B00401,Premium Savings,2024-07-30,171282.72,Active
A000742,C04107,B01001,Salary,2020-10-18,69681.78,Active
A000743,C04888,B01001,Premium Savings,2022-05-21,159339.09,Active
A000744,C03433,B00601,Premium Savings,2022-09-20,48790.59,Active
A000745,C01007,B00601,Savings,2022-10-20,174813.52,Active
A000746,C00045,B00401,Salary,2024-09-21,192281.63,Active
A000747,C02717,B00901,Premium Savings,2020-04-07,311144.51,Active
A000748,C01279,B00501,Savings,2021-06-22,0.0,Active
A000749,C04221,B00901,Current,2021-07-25,253371.06,Active
A000750,C01360,B00601,Savings,2023-12-11,246273.4,Active
A000751,C01362,B00101,Premium Savings,2023-10-05,162092.73,Active
A000752,C01759,B00901,Savings,2023-08-15,294726.02,Active
A000753,C01115,B01001,Salary,2023-11-20,287229.43,Active
A000754,C02687,B00601,Premium Savings,2024-05-20,275974.26,Active
A000755,C04837,B00701,Salary,2024-09-23,132258.52,Active
A000756,C02539,B00901,Savings,2023-07-17,450098.6,Active
A000757,C03259,B01001,Savings,2020-04-18,388530.07,Active
A000758,C00722,B00901,Savings,2020-11-17,220031.72,Active
A000759,C01568,B00301,Premium Savings,2022-12-17,337.31,Active
A000760,C02259,B00601,Savings,2024-05-31,224215.75,Active
A000761,C03447,B00301,Savings,2023-02-25,224143.32,Active
A000762,C00694,B00101,Savings,2020-12-03,325373.26,Active
A000763,C03430,B00501,Savings,2024-08-25,147963.65,Active
A000764,C03765,B00401,Salary,2024-08-26,187727.48,Active
A000765,C04949,B01001,Current,2021-01-16,195078.68,Active
A000766,C03060,B00601,Salary,2023-10-09,270734.17,Active
A000767,C00366,B00401,Salary,2021-10-29,113203.16,Active
A000768,C02221,B00301,Current,2021-10-28,72483.85,Active
A000769,C03925,B00101,Premium Savings,2020-10-08,178697.7,Active
A000770,C03177,B00501,Savings,2022-09-27,185911.49,Active
A000771,C00329,B00201,Salary,2020-10-14,99559.59,Active
A000772,C00768,B01001,Premium Savings,2020-06-30,189405.09,Active
A000773,C00687,B00101,Savings,2021-08-16,310059.19,Active
A000774,C04109,B00901,Current,2020-04-28,216891.43,Active
A000775,C01314,B00601,Savings,2021-04-07,176266.16,Active
A000776,C01497,B01001,Salary,2023-06-18,80336.66,Active
A000777,C03430,B00101,Savings,2021-11-17,236002.82,Active
A000778,C00118,B00301,Current,2022-04-11,260930.03,Active
A000779,C04605,B00601,Salary,2022-07-17,310931.04,Active
A000780,C01969,B00501,Current,2022-06-12,314580.9,Active
A000781,C02026,B00801,Salary,2024-11-01,120518.28,Active
A000782,C04472,B00701,Current,2021-03-03,132258.91,Active
A000783,C03155,B00201,Premium Savings,2020-11-13,445767.69,Active
A000784,C02742,B00101,Current,2020-03-17,147928.38,Active
A000785,C03490,B00901,Current,2020-10-14,333921.88,Active
A000786,C01641,B00901,Current,2022-06-15,390572.07,Active
A000787,C00283,B00601,Premium Savings,2023-04-28,378832.51,Active
A000788,C03219,B00101,Savings,2023-03-24,127158.82,Active
A000789,C01736,B00201,Salary,2021-06-28,86653.01,Active
A000790,C00584,B00101,Savings,2020-05-05,290578.37,Active
A000791,C04895,B01001,Salary,2020-03-13,115715.2,Active
A000792,C04436,B01001,Salary,2024-11-02,226399.9,Active
A000793,C04906,B00201,Current,2023-06-19,181261.37,Active
A000794,C01247,B00901,Savings,2022-07-02,28870.6,Active
A000795,C00921,B00501,Salary,2022-01-23,106400.11,Active
A000796,C03536,B00301,Salary,2022-04-12,130747.06,Active
A000797,C00443,B00701,Current,2020-01-04,92830.12,Active
A000798,C01030,B00401,Premium Savings,2023-11-26,96479.99,Active
A000799,C04703,B00601,Salary,2023-03-11,196803.74,Active
A000800,C01562,B00601,Premium Savings,2021-05-24,129905.9,Active
A000801,C02683,B00301,Salary,2020-10-22,261095.96,Active
A000802,C04932,B00201,Salary,2023-10-06,209345.99,Active
A000803,C04528,B00401,Current,2021-10-30,272317.48,Active
A000804,C01102,B00501,Salary,2023-12-23,116100.08,Active
A000805,C00538,B00101,Premium Savings,2022-09-27,26621.45,Active
A000806,C00744,B00201,Salary,2024-04-25,131217.56,Active
A000807,C01497,B00201,Current,2023-10-18,253763.36,Active
A000808,C02922,B00101,Savings,2021-09-17,83709.58,Active
A000809,C02111,B00401,Savings,2023-11-15,242088.05,Active
A000810,C01651,B00801,Salary,2022-10-13,184458.18,Active
A000811,C02390,B00301,Premium Savings,2024-08-01,233442.86,Active
A000812,C01527,B00101,Salary,2022-06-24,54046.64,Active
A000813,C01544,B00901,Current,2021-06-06,258270.59,Active
A000814,C04547,B00301,Current,2023-04-26,41464.45,Active
A000815,C03509,B00901,Savings,2021-01-13,225481.03,Active
A000816,C03678,B00601,Salary,2020-07-06,125041.84,Active
A000817,C03841,B00601,Premium Savings,2023-01-16,297826.76,Active
A000818,C03610,B00901,Current,2021-01-06,420367.37,Active
A000819,C01045,B00401,Current,2020-12-11,209098.18,Active
A000820,C04984,B01001,Current,2023-01-26,114186.55,Active
A000821,C00466,B00201,Current,2021-05-01,184446.05,Active
A000822,C01136,B00301,Current,2021-01-30,314206.25,Active
A000823,C02161,B00401,Current,2020-03-23,244972.33,Active
A000824,C03635,B00301,Savings,2021-09-21,70814.83,Active
A000825,C03946,B00701,Salary,2020-11-15,266370.18,Active
A000826,C00204,B00101,Salary,2024-08-09,172608.28,Active
A000827,C04570,B00501,Savings,2023-12-11,303202.27,Active
A000828,C02491,B00901,Current,2022-02-01,256917.38,Active
A000829,C01296,B00701,Salary,2024-02-13,323847.59,Active
A000830,C02533,B00201,Salary,2022-06-14,339476.87,Active
A000831,C00616,B00901,Savings,2024-08-28,297158.95,Active
A000832,C03705,B00101,Premium Savings,2024-07-10,188963.63,Active
A000833,C01791,B01001,Salary,2022-09-14,115433.79,Active
A000834,C04549,B00401,Current,2020-03-26,246547.13,Active
A000835,C03752,B01001,Premium Savings,2020-04-16,109438.33,Active
A000836,C02574,B01001,Premium Savings,2021-02-23,352490.06,Active
A000837,C02672,B00301,Salary,2020-09-24,228327.49,Active
A000838,C00314,B00901,Current,2020-09-15,149428.61,Active
A000839,C03804,B00301,Salary,2023-10-19,201267.95,Active
A000840,C01174,B00301,Savings,2024-02-07,316759.8,Active
A000841,C01703,B00601,Premium Savings,2020-05-14,283269.32,Active
A000842,C04362,B00201,Salary,2022-05-07,95773.13,Active
A000843,C00969,B00301,Savings,2020-10-29,64332.92,Active
A000844,C00234,B00201,Premium Savings,2022-10-20,388141.15,Active
A000845,C01483,B01001,Salary,2020-09-23,228413.21,Active
A000846,C01856,B00601,Salary,2021-09-30,231330.25,Active
A000847,C01164,B00301,Savings,2024-10-12,291523.02,Active
A000848,C02585,B00401,Savings,2023-05-19,257345.68,Active
A000849,C01400,B00301,Premium Savings,2020-04-09,215739.87,Active
A000850,C01564,B00501,Current,2021-05-16,388120.79,Active
A000851,C01272,B00601,Savings,2024-05-11,57242.58,Active
A000852,C04044,B00701,Savings,2023-10-10,350093.57,Active
A000853,C00998,B00601,Premium Savings,2022-06-02,148196.06,Active
A000854,C04009,B01001,Salary,2020-08-26,332412.12,Active
A000855,C02780,B00401,Savings,2023-11-06,397497.17,Active
A000856,C02716,B00901,Premium Savings,2022-01-29,184953.77,Active
A000857,C01019,B00401,Current,2024-03-13,151765.21,Active
A000858,C02368,B00401,Savings,2024-07-23,181367.04,Active
A000859,C00196,B00601,Salary,2024-04-15,168792.62,Active
A000860,C01705,B00701,Savings,2020-01-05,125212.81,Active
A000861,C02502,B00201,Salary,2024-03-11,14879.42,Active
A000862,C01392,B00501,Savings,2022-09-13,137004.86,Active
A000863,C03712,B01001,Salary,2022-08-07,272976.42,Active
A000864,C01758,B00601,Savings,2024-11-21,57.01,Active
A000865,C01055,B00101,Salary,2023-05-23,316172.98,Active
A000866,C02824,B00401,Savings,2024-09-28,33735.45,Active
A000867,C02181,B00401,Current,2021-02-08,217005.86,Active
A000868,C00052,B00401,Current,2024-08-08,197894.34,Active
A000869,C01283,B00201,Premium Savings,2021-10-26,473247.12,Active
A000870,C01250,B00201,Current,2024-08-14,156011.1,Active
A000871,C03580,B01001,Current,2023-06-28,251192.12,Active
A000872,C04140,B00601,Salary,2022-06-22,141690.28,Active
A000873,C01810,B00401,Current,2024-08-28,135196.02,Active
A000874,C04859,B00101,Salary,2021-06-27,87724.15,Active
A000875,C02743,B00101,Salary,2020-08-23,125614.49,Active
A000876,C04981,B00101,Current,2022-08-17,11900.81,Active
A000877,C01723,B00101,Salary,2022-05-22,333337.22,Active
A000878,C04269,B00601,Premium Savings,2021-08-10,214626.84,Active
A000879,C00207,B00501,Current,2020-10-01,353048.73,Active
A000880,C02174,B00601,Current,2022-08-06,194215.27,Active
A000881,C01031,B00201,Savings,2022-12-23,278914.08,Active
A000882,C02701,B00901,Premium Savings,2020-03-06,123629.88,Active
A000883,C04767,B00201,Premium Savings,2023-03-22,246706.83,Active
A000884,C03311,B00201,Salary,2024-09-13,297024.95,Active
A000885,C04382,B00301,Premium Savings,2022-09-09,0.0,Active
A000886,C04435,B00901,Salary,2022-10-26,187850.11,Active
A000887,C02625,B00501,Savings,2022-04-22,243021.15,Active
A000888,C01319,B00301,Savings,2020-03-14,257906.3,Active
A000889,C04049,B00201,Savings,2023-12-09,16656.68,Active
A000890,C01010,B00201,Salary,2023-10-17,63167.78,Active
A000891,C00834,B00501,Premium Savings,2023-06-26,37452.7,Active
A000892,C01417,B00301,Current,2021-09-27,16332.26,Active
A000893,C03654,B00901,Premium Savings,2024-03-11,276264.21,Active
A000894,C01604,B01001,Salary,2021-08-19,0.0,Active
A000895,C03812,B00301,Salary,2024-03-20,27173.89,Active
A000896,C00444,B00101,Premium Savings,2024-09-28,249805.89,Active
A000897,C02380,B00701,Current,2021-10-15,179041.24,Active
A000898,C01899,B00101,Current,2024-07-07,257217.78,Active
A000899,C04377,B00301,Premium Savings,2021-12-06,147710.13,Active
A000900,C02356,B00101,Savings,2021-10-10,82356.22,Active
A000901,C03359,B00801,Savings,2020-12-13,402473.23,Active
A000902,C01571,B00301,Premium Savings,2021-06-15,163722.67,Active
A000903,C02698,B00801,Salary,2023-12-02,73903.47,Active
A000904,C04133,B00801,Current,2024-11-04,295534.47,Active
A000905,C01940,B00501,Premium Savings,2020-08-07,236186.57,Active
A000906,C03113,B00201,Savings,2024-10-10,173255.32,Active
A000907,C04247,B00101,Current,2020-01-09,329795.58,Active
A000908,C04958,B00101,Premium Savings,2024-11-22,123071.01,Active
A000909,C02429,B00801,Premium Savings,2023-07-12,175201.19,Active
A000910,C02243,B00901,Premium Savings,2024-11-18,122155.85,Active
A000911,C01153,B00101,Current,2024-01-11,412751.3,Active
A000912,C03571,B01001,Savings,2024-03-05,104628.96,Active
A000913,C00365,B00901,Salary,2021-03-02,129757.75,Active
A000914,C01704,B00201,Salary,2020-02-24,134819.68,Active
A000915,C03213,B00201,Savings,2020-05-20,0.0,Active
A000916,C03506,B00501,Savings,2021-01-14,313725.26,Active
A000917,C00468,B00201,Current,2024-04-01,147846.44,Active
A000918,C00322,B00801,Salary,2023-02-27,219785.87,Active
A000919,C00837,B00601,Current,2024-05-30,125535.57,Active
A000920,C04930,B00301,Savings,2022-05-07,256362.72,Active
A000921,C03602,B00501,Premium Savings,2021-04-20,80913.02,Active
A000922,C00162,B00701,Premium Savings,2023-05-14,259880.58,Active
A000923,C01751,B00801,Premium Savings,2020-05-17,98070.99,Active
A000924,C04699,B00201,Salary,2022-01-22,106687.2,Active
A000925,C01251,B00501,Premium Savings,2020-11-04,188560.76,Active
A000926,C03270,B00101,Current,2024-06-20,125403.56,Active
A000927,C00297,B00901,Current,2024-09-19,90188.72,Active
A000928,C02224,B00301,Savings,2020-11-27,254394.89,Active
A000929,C02024,B01001,Premium Savings,2020-02-14,114256.93,Active
A000930,C02858,B00101,Savings,2020-06-09,27722.31,Active
A000931,C03969,B00901,Salary,2024-05-13,123907.89,Active
A000932,C04472,B00101,Salary,2024-11-24,230308.56,Active
A000933,C00219,B00101,Salary,2023-01-16,302636.66,Active
A000934,C03757,B00301,Premium Savings,2024-05-03,386338.75,Active
A000935,C03942,B00901,Savings,2022-03-21,123946.63,Active
A000936,C02037,B00901,Salary,2022-07-23,0.0,Active
A000937,C02483,B00501,Salary,2023-11-04,29443.95,Active
A000938,C01603,B00101,Premium Savings,2022-03-02,42821.33,Active
A000939,C03740,B00101,Premium Savings,2022-04-09,200837.33,Active
A000940,C02854,B00101,Current,2021-07-06,78756.14,Active
A000941,C03108,B00901,Current,2021-07-31,300652.31,Active
A000942,C01544,B00701,Savings,2020-07-21,279167.38,Active
A000943,C04711,B00901,Current,2024-08-15,131304.07,Active
A000944,C04807,B00201,Salary,2024-01-27,288822.88,Active
A000945,C02120,B00901,Premium Savings,2022-05-03,254285.11,Active
A000946,C02636,B00901,Savings,2023-07-22,417940.26,Active
A000947,C02215,B00801,Current,2023-08-03,55485.49,Active
A000948,C02854,B00901,Salary,2022-08-14,337328.4,Active
A000949,C00239,B00901,Current,2023-09-13,298894.0,Active
A000950,C01776,B00201,Salary,2022-12-16,122765.34,Active
A000951,C00873,B00101,Salary,2022-04-17,426735.81,Active
A000952,C02228,B00701,Salary,2020-07-01,7123.08,Active
A000953,C04790,B00901,Savings,2023-05-17,332077.89,Active
A000954,C03038,B00401,Savings,2022-08-02,161646.65,Active
A000955,C02009,B00601,Premium Savings,2021-01-16,8794.19,Active
A000956,C02477,B00401,Salary,2023-05-08,182923.69,Active
A000957,C02080,B00901,Current,2022-12-23,355227.19,Active
A000958,C04338,B00201,Savings,2022-07-31,147887.73,Active
A000959,C03474,B01001,Savings,2022-05-04,161030.57,Active
A000960,C00119,B00901,Savings,2022-07-01,195311.92,Active
A000961,C04618,B00101,Current,2024-06-23,238499.01,Active
A000962,C04177,B00501,Salary,2024-07-21,208120.48,Active
A000963,C01588,B00501,Premium Savings,2023-02-28,384704.28,Active
A000964,C01818,B00501,Salary,2020-10-30,54507.53,Active
A000965,C01623,B00501,Savings,2020-01-07,237567.88,Active
A000966,C00286,B00601,Savings,2023-07-04,95931.57,Active
A000967,C02780,B00101,Premium Savings,2023-10-22,165229.71,Active
A000968,C04776,B00201,Savings,2022-05-02,151958.03,Active
A000969,C03411,B01001,Salary,2024-07-17,232792.08,Active
A000970,C00922,B01001,Salary,2020-02-26,151185.71,Active
A000971,C01107,B00601,Savings,2024-05-31,201239.26,Active
A000972,C02720,B00901,Savings,2024-03-01,214982.62,Active
A000973,C00814,B01001,Savings,2022-05-08,133544.85,Active
A000974,C02316,B00701,Premium Savings,2022-05-13,301176.47,Active
A000975,C00237,B00701,Premium Savings,2022-01-17,71283.12,Active
A000976,C00187,B00401,Salary,2022-12-26,58845.28,Active
A000977,C04933,B00501,Salary,2023-08-18,163912.29,Active
A000978,C04611,B00201,Premium Savings,2020-04-04,151927.52,Active
A000979,C04728,B00601,Savings,2024-05-06,0.0,Active
A000980,C04335,B00901,Savings,2020-06-06,391452.01,Active
A000981,C04422,B00501,Salary,2021-12-08,221758.88,Active
A000982,C04595,B00601,Salary,2024-09-23,167038.83,Active
A000983,C04243,B00501,Salary,2021-03-16,54364.34,Active
A000984,C00344,B00601,Savings,2023-07-25,387794.26,Active
A000985,C04882,B01001,Salary,2023-04-23,0.0,Active
A000986,C00695,B00901,Savings,2021-09-29,374812.86,Active
A000987,C00757,B00901,Current,2021-12-26,282039.46,Active
A000988,C04499,B00101,Salary,2023-07-01,221656.19,Active
A000989,C01592,B00501,Premium Savings,2022-08-24,17899.87,Active
A000990,C02483,B01001,Current,2023-08-31,251276.64,Active
A000991,C04303,B00601,Current,2022-09-19,224510.0,Active
A000992,C01999,B00501,Savings,2024-10-21,257667.87,Active
A000993,C01867,B00601,Current,2020-03-26,26015.17,Active
A000994,C04511,B00401,Savings,2022-05-11,492114.75,Active
A000995,C00046,B00601,Savings,2023-04-20,202797.93,Active
A000996,C03598,B01001,Current,2020-04-09,143007.52,Active
A000997,C02594,B00901,Salary,2022-01-11,188279.49,Active
A000998,C04390,B00501,Current,2023-09-28,314407.5,Active
A000999,C00298,B00101,Current,2020-06-24,155508.15,Active
A001000,C02736,B00101,Salary,2021-04-16,156434.41,Active
A001001,C02178,B01001,Premium Savings,2020-10-01,4582.62,Active
A001002,C03768,B00501,Savings,2021-07-09,202297.62,Active
A001003,C03032,B00201,Current,2024-03-04,257303.16,Active
A001004,C02667,B00901,Current,2024-07-03,282982.55,Active
A001005,C04872,B00201,Salary,2023-10-16,59230.19,Active
A001006,C04698,B00101,Premium Savings,2021-01-27,326283.49,Active
A001007,C02929,B00801,Savings,2021-09-06,289633.86,Active
A001008,C02721,B00201,Salary,2023-01-10,331863.25,Active
A001009,C04738,B00401,Salary,2022-06-17,244591.1,Active
A001010,C03584,B00101,Premium Savings,2022-01-24,208923.82,Active
A001011,C04026,B00501,Savings,2023-07-19,44189.5,Active
A001012,C00574,B01001,Savings,2022-12-05,242101.54,Active
A001013,C04787,B00601,Current,2020-02-27,214045.39,Active
A001014,C00292,B00301,Salary,2022-06-28,151575.33,Active
A001015,C01447,B00301,Premium Savings,2021-08-22,333121.68,Active
A001016,C03337,B00301,Salary,2022-11-22,238397.23,Active
A001017,C01859,B00601,Salary,2024-02-05,241382.16,Active
A001018,C00159,B00201,Savings,2024-08-20,247405.59,Active
A001019,C04600,B01001,Current,2020-01-24,233439.68,Active
A001020,C04124,B01001,Salary,2022-12-26,43545.37,Active
A001021,C02607,B00401,Premium Savings,2021-10-03,28390.43,Active
A001022,C02960,B01001,Savings,2023-03-09,67085.88,Active
A001023,C03342,B00501,Premium Savings,2022-06-16,33584.97,Active
A001024,C03833,B00101,Premium Savings,2021-02-12,199046.88,Active
A001025,C04994,B00301,Savings,2021-02-10,329475.94,Active
A001026,C01172,B00801,Salary,2023-09-08,291158.44,Active
A001027,C00856,B00301,Savings,2023-03-29,131852.87,Active
A001028,C03758,B00301,Salary,2021-05-14,329043.41,Active
A001029,C00323,B00401,Salary,2021-06-14,84891.26,Active
A001030,C02336,B00401,Salary,2021-07-28,121048.57,Active
A001031,C00487,B01001,Premium Savings,2024-08-04,279476.26,Active
A001032,C03113,B00501,Current,2022-05-31,207965.52,Active
A001033,C01802,B00401,Salary,2020-11-05,222642.04,Active
A001034,C02152,B00701,Current,2023-12-26,79269.21,Active
A001035,C01854,B00601,Current,2022-11-07,231392.93,Active
A001036,C00386,B00301,Savings,2023-01-28,205653.63,Active
A001037,C04951,B00201,Premium Savings,2020-02-12,233127.12,Active
A001038,C04190,B00501,Salary,2024-02-20,189182.86,Active
A001039,C01982,B00501,Salary,2022-12-26,347854.18,Active
A001040,C02983,B00101,Savings,2022-06-22,119541.82,Active
A001041,C03658,B00201,Salary,2023-10-06,34181.75,Active
A001042,C03348,B00201,Savings,2021-02-06,104142.03,Active
A001043,C01522,B01001,Savings,2020-11-17,227002.37,Active
A001044,C01535,B01001,Premium Savings,2024-05-26,154241.29,Active
A001045,C01752,B00701,Savings,2021-12-10,262562.63,Active
A001046,C00125,B00601,Premium Savings,2024-08-02,417408.21,Active
A001047,C01964,B00201,Savings,2020-11-12,371662.34,Active
A001048,C03312,B00101,Savings,2023-05-03,60230.42,Active
A001049,C04634,B00601,Salary,2022-11-18,47660.05,Active
A001050,C03062,B00501,Current,2020-11-14,225838.87,Active
A001051,C03211,B00701,Premium Savings,2022-02-21,337585.29,Active
A001052,C00506,B00501,Premium Savings,2023-12-06,93037.51,Active
A001053,C02380,B00201,Salary,2023-09-30,167555.27,Active
A001054,C03986,B00901,Current,2021-03-19,277686.22,Active
A001055,C03392,B01001,Savings,2021-09-11,38046.56,Active
A001056,C02612,B00901,Premium Savings,2024-02-22,143076.67,Active
A001057,C02104,B00801,Current,2020-09-20,201646.12,Active
A001058,C01787,B00201,Savings,2022-12-22,304641.22,Active
A001059,C00709,B00901,Savings,2023-11-26,321727.19,Active
A001060,C02568,B00201,Premium Savings,2021-02-02,170773.01,Active
A001061,C01124,B00701,Premium Savings,2021-01-27,131043.85,Active
A001062,C00669,B00401,Premium Savings,2023-10-05,123841.01,Active
A001063,C02474,B00401,Current,2023-10-22,344792.33,Active
A001064,C00539,B00101,Savings,2021-07-05,95597.61,Active
A001065,C04690,B00601,Current,2024-08-14,91575.07,Active
A001066,C04264,B00501,Current,2022-07-07,179123.89,Active
A001067,C01620,B00101,Savings,2021-06-18,177094.92,Active
A001068,C03607,B00401,Savings,2023-12-05,201562.17,Active
A001069,C01485,B00301,Premium Savings,2024-11-14,112062.74,Active
A001070,C03216,B00801,Savings,2020-02-04,188246.07,Active
A001071,C00959,B00801,Salary,2020-07-03,169673.87,Active
A001072,C03055,B00401,Salary,2022-08-31,63994.97,Active
A001073,C02109,B00901,Savings,2024-03-14,124342.93,Active
A001074,C00009,B00601,Current,2024-06-07,103880.94,Active
A001075,C00358,B00901,Salary,2021-03-19,223627.75,Active
A001076,C02424,B00301,Salary,2022-04-10,28104.12,Active
A001077,C04038,B00101,Salary,2020-07-04,304363.02,Active
A001078,C03581,B00701,Salary,2022-03-26,226625.66,Active
A001079,C00411,B00201,Premium Savings,2020-09-06,216584.85,Active
A001080,C00812,B00901,Premium Savings,2020-11-07,195943.77,Active
A001081,C03819,B00901,Savings,2020-03-03,197107.36,Active
A001082,C00847,B01001,Current,2020-02-07,330086.71,Active
A001083,C00499,B00901,Savings,2022-07-20,117271.53,Active
A001084,C02209,B00901,Salary,2023-01-24,299069.25,Active
A001085,C04537,B00101,Salary,2022-05-22,219863.91,Active
A001086,C04312,B01001,Current,2021-09-06,206619.29,Active
A001087,C04509,B00201,Current,2023-09-07,98585.2,Active
A001088,C00688,B00401,Current,2024-11-04,330751.64,Active
A001089,C03821,B00501,Current,2020-08-15,398009.22,Active
A001090,C03149,B01001,Salary,2020-05-07,201639.78,Active
A001091,C02368,B00601,Premium Savings,2020-01-17,42851.76,Active
A001092,C04458,B00201,Savings,2021-02-15,292742.84,Active
A001093,C04274,B00901,Premium Savings,2022-01-30,134791.34,Active
A001094,C00850,B00601,Salary,2023-07-30,83305.17,Active
A001095,C00338,B00401,Current,2021-01-16,220617.4,Active
A001096,C03319,B00401,Salary,2023-01-24,102951.48,Active
A001097,C03132,B00901,Savings,2024-11-29,316670.69,Active
A001098,C02957,B00801,Current,2022-07-11,300897.93,Active
A001099,C00198,B00601,Premium Savings,2024-09-24,251524.6,Active
A001100,C04116,B00201,Salary,2021-06-02,125913.3,Active
A001101,C04275,B00401,Salary,2023-06-03,325297.77,Active
A001102,C03043,B00401,Premium Savings,2021-10-11,390946.65,Active
A001103,C01129,B00401,Current,2021-04-10,242675.95,Active
A001104,C02326,B00901,Premium Savings,2024-08-31,494997.23,Active
A001105,C03859,B00801,Premium Savings,2024-06-21,118065.7,Active
A001106,C02057,B01001,Salary,2020-06-24,414804.8,Active
A001107,C01306,B01001,Salary,2021-11-15,248484.5,Active
A001108,C04476,B00501,Premium Savings,2024-06-19,238346.84,Active
A001109,C01603,B00901,Premium Savings,2020-06-14,78472.35,Active
A001110,C02350,B00401,Salary,2024-11-02,246659.84,Active
A001111,C02866,B00201,Premium Savings,2023-08-11,372922.46,Active
A001112,C01102,B00101,Salary,2023-09-17,154380.42,Active
A001113,C00392,B00601,Savings,2020-06-02,188842.54,Active
A001114,C03528,B00601,Premium Savings,2021-03-06,182537.79,Active
A001115,C03542,B00401,Salary,2024-01-11,220615.06,Active
A001116,C01276,B01001,Savings,2022-04-23,105668.75,Active
A001117,C02127,B00101,Current,2022-04-30,139971.26,Active
A001118,C03884,B01001,Premium Savings,2021-07-12,238102.3,Active
A001119,C03074,B00301,Salary,2023-06-08,230622.0,Active
A001120,C03650,B01001,Premium Savings,2024-09-24,261674.87,Active
A001121,C04748,B00501,Salary,2022-03-31,254885.48,Active
A001122,C04274,B00201,Savings,2020-11-05,132178.14,Active
A001123,C03689,B00901,Premium Savings,2022-04-19,100708.88,Active
A001124,C04661,B00401,Savings,2024-03-02,185383.61,Active
A001125,C03845,B01001,Savings,2022-12-04,240878.82,Active
A001126,C00440,B00301,Savings,2023-09-15,109523.77,Active
A001127,C01045,B00101,Savings,2022-03-24,194460.02,Active
A001128,C04235,B00301,Savings,2023-01-22,251399.8,Active
A001129,C04433,B00101,Current,2020-01-18,428533.15,Active
A001130,C04811,B00201,Current,2021-05-20,329436.21,Active
A001131,C00880,B00101,Salary,2020-01-30,200469.52,Active
A001132,C04186,B01001,Salary,2023-07-12,143974.7,Active
A001133,C02340,B00501,Savings,2021-02-22,261131.96,Active
A001134,C03210,B00101,Premium Savings,2023-07-06,326251.49,Active
A001135,C03407,B00301,Savings,2020-09-14,209383.91,Active
A001136,C01296,B00501,Premium Savings,2023-01-01,221570.0,Active
A001137,C03287,B00901,Savings,2021-07-21,193989.12,Active
A001138,C00923,B01001,Current,2023-05-18,300083.0,Active
A001139,C00395,B00701,Salary,2023-03-29,100789.6,Active
A001140,C03447,B00201,Premium Savings,2020-04-17,315722.32,Active
A001141,C01329,B00701,Premium Savings,2024-11-08,117938.83,Active
A001142,C00809,B00601,Premium Savings,2023-11-05,190067.49,Active
A001143,C01316,B00901,Current,2020-07-27,119618.81,Active
A001144,C03241,B00501,Savings,2020-02-23,115195.98,Active
A001145,C03882,B00901,Savings,2022-10-20,226640.55,Active
A001146,C04842,B00201,Savings,2020-02-20,62284.28,Active
A001147,C02402,B00301,Premium Savings,2020-10-26,37647.01,Active
A001148,C02381,B01001,Premium Savings,2020-12-05,98320.43,Active
A001149,C01782,B00701,Salary,2020-10-16,369036.63,Active
A001150,C01681,B00601,Salary,2023-03-19,262181.81,Active
A001151,C03622,B00101,Current,2022-10-15,297482.36,Active
A001152,C03627,B01001,Premium Savings,2024-11-19,150373.28,Active
A001153,C03133,B01001,Premium Savings,2020-09-08,265575.4,Active
A001154,C00979,B01001,Salary,2022-10-23,260522.81,Active
A001155,C03350,B00301,Current,2022-10-04,124722.21,Active
A001156,C02188,B00101,Salary,2020-02-11,223393.98,Active
A001157,C03639,B00901,Savings,2023-06-06,112245.76,Active
A001158,C02849,B00201,Savings,2022-10-20,208071.38,Active
A001159,C03449,B00401,Savings,2021-05-28,141644.0,Active
A001160,C02224,B01001,Current,2020-06-26,183805.67,Active
A001161,C01692,B00101,Savings,2024-09-11,330113.88,Active
A001162,C01109,B00601,Salary,2023-06-05,274955.8,Active
A001163,C03114,B00701,Salary,2020-09-03,185318.91,Active
A001164,C04432,B00601,Salary,2021-07-30,493813.4,Active
A001165,C01763,B00301,Current,2024-10-31,270341.43,Active
A001166,C00544,B00901,Current,2022-02-01,78774.57,Active
A001167,C00931,B00701,Savings,2023-05-02,199369.6,Active
A001168,C04448,B00901,Premium Savings,2020-09-15,198471.04,Active
A001169,C01235,B00301,Salary,2022-12-29,110239.35,Active
A001170,C04946,B00201,Salary,2021-05-22,0.0,Active
A001171,C01315,B00501,Premium Savings,2020-02-04,379082.07,Active
A001172,C02448,B00101,Salary,2023-10-15,281055.53,Active
A001173,C04052,B00201,Current,2020-04-03,297951.63,Active
A001174,C04349,B00101,Savings,2022-03-18,199331.47,Active
A001175,C04195,B00501,Salary,2020-04-29,229403.8,Active
A001176,C04925,B00601,Savings,2022-01-03,156771.22,Active
A001177,C03333,B00901,Salary,2023-01-03,252809.28,Active
A001178,C03414,B00901,Savings,2020-01-24,182407.3,Active
A001179,C01080,B00601,Current,2023-01-24,50869.79,Active
A001180,C03967,B00201,Savings,2022-04-21,141639.97,Active
A001181,C00295,B00401,Salary,2022-08-20,248133.04,Active
A001182,C01011,B00401,Savings,2024-09-20,114176.76,Active
A001183,C00971,B00501,Premium Savings,2022-06-18,156178.69,Active
A001184,C03591,B00101,Salary,2020-04-16,316674.46,Active
A001185,C01773,B00101,Salary,2023-12-11,180927.51,Active
A001186,C01214,B00401,Current,2023-06-05,167336.88,Active
A001187,C03087,B00901,Savings,2021-12-15,440335.67,Active
A001188,C00546,B00301,Savings,2022-05-15,316884.01,Active
A001189,C04642,B00201,Savings,2020-06-22,334090.14,Active
A001190,C03211,B00301,Current,2024-09-22,338863.12,Active
A001191,C04018,B00601,Premium Savings,2020-06-18,156020.25,Active
A001192,C04966,B01001,Current,2023-03-01,373357.0,Active
A001193,C04213,B00701,Premium Savings,2022-08-13,228854.56,Active
A001194,C00263,B01001,Salary,2021-08-06,107460.72,Active
A001195,C03486,B00901,Premium Savings,2022-01-06,377077.44,Active
A001196,C03227,B01001,Salary,2024-03-04,352770.73,Active
A001197,C04497,B00101,Premium Savings,2024-10-24,286091.85,Active
A001198,C04017,B00901,Salary,2024-11-03,0.0,Active
A001199,C00648,B00801,Premium Savings,2023-12-25,110948.04,Active
A001200,C03308,B00701,Current,2022-01-26,312320.91,Active
A001201,C02469,B00701,Current,2021-10-08,152177.99,Active
A001202,C01680,B00301,Premium Savings,2022-09-11,369634.13,Active
A001203,C03484,B00501,Savings,2023-03-02,5382.64,Active
A001204,C04422,B00101,Current,2023-04-12,0.0,Active
A001205,C00799,B00901,Savings,2021-05-27,76631.59,Active
A001206,C04375,B00801,Current,2021-07-07,173818.18,Active
A001207,C01911,B00501,Current,2024-12-04,292997.95,Active
A001208,C03699,B01001,Current,2022-03-03,259016.43,Active
A001209,C01718,B00401,Current,2023-11-14,199790.02,Active
A001210,C00385,B00801,Current,2023-12-26,142976.83,Active
A001211,C03710,B00401,Savings,2024-02-03,237155.2,Active
A001212,C03091,B00401,Savings,2021-09-22,196919.86,Active
A001213,C04891,B00901,Salary,2020-11-11,180001.54,Active
A001214,C02970,B00501,Salary,2022-05-22,235347.97,Active
A001215,C04554,B00601,Savings,2024-09-14,248241.67,Active
A001216,C04895,B00401,Premium Savings,2024-11-12,157304.25,Active
A001217,C01205,B01001,Premium Savings,2024-03-19,183410.13,Active
A001218,C01793,B00901,Premium Savings,2024-06-28,278804.03,Active
A001219,C02456,B00501,Current,2020-12-04,0.0,Active
A001220,C03734,B00601,Savings,2023-02-15,298634.0,Active
A001221,C02254,B01001,Savings,2023-09-04,306573.16,Active
A001222,C03863,B01001,Current,2022-11-18,157198.03,Active
A001223,C04627,B00601,Current,2022-11-16,370221.33,Active
A001224,C01954,B00301,Savings,2022-12-04,369197.11,Active
A001225,C01223,B00601,Current,2021-05-26,178239.67,Active
A001226,C04189,B01001,Salary,2021-09-23,355733.33,Active
A001227,C01328,B00301,Premium Savings,2022-08-05,183409.3,Active
A001228,C04049,B01001,Savings,2024-07-19,151987.69,Active
A001229,C00912,B00201,Savings,2023-01-22,113267.4,Active
A001230,C04865,B00801,Savings,2020-01-04,308975.72,Active
A001231,C01579,B00501,Salary,2022-10-24,243031.15,Active
A001232,C04206,B00601,Premium Savings,2024-02-03,288225.26,Active
A001233,C03751,B00201,Savings,2021-09-06,284256.45,Active
A001234,C03738,B00201,Premium Savings,2022-05-30,328953.38,Active
A001235,C02042,B00201,Salary,2020-07-25,392011.88,Active
A001236,C02542,B00201,Premium Savings,2020-07-25,293064.31,Active
A001237,C03479,B00601,Savings,2020-12-27,268239.32,Active
A001238,C00512,B00201,Current,2020-06-01,172209.06,Active
A001239,C04666,B00901,Premium Savings,2024-08-30,156468.22,Active
A001240,C02784,B00401,Savings,2021-03-26,144467.25,Active
A001241,C01782,B00901,Current,2020-11-11,419741.7,Active
A001242,C04797,B00401,Salary,2023-01-13,153671.0,Active
A001243,C04231,B01001,Salary,2021-09-17,113145.54,Active
A001244,C04899,B00601,Premium Savings,2024-07-13,22970.12,Active
A001245,C04692,B00901,Premium Savings,2021-03-23,190141.51,Active
A001246,C02086,B00101,Premium Savings,2023-05-19,79520.12,Active
A001247,C01446,B00501,Savings,2024-07-10,339882.03,Active
A001248,C01497,B00401,Current,2020-12-21,217123.68,Active
A001249,C02195,B00901,Salary,2023-10-18,296889.43,Active
A001250,C00210,B00701,Current,2023-12-12,0.0,Active
A001251,C04948,B00401,Premium Savings,2021-08-26,178316.79,Active
A001252,C03854,B00401,Savings,2021-06-22,242672.99,Active
A001253,C04637,B00301,Salary,2023-05-01,267533.55,Active
A001254,C02812,B00501,Premium Savings,2023-10-04,230195.36,Active
A001255,C01224,B00501,Savings,2024-01-30,168379.93,Active
A001256,C02074,B00601,Salary,2020-12-16,27406.66,Active
A001257,C00822,B00601,Salary,2022-01-15,43476.82,Active
A001258,C04328,B00401,Premium Savings,2022-01-29,0.0,Active
A001259,C01459,B00601,Savings,2022-10-30,207861.38,Active
A001260,C01610,B00801,Current,2023-04-26,170554.91,Active
A001261,C03134,B00901,Savings,2020-02-17,16586.65,Active
A001262,C00100,B00401,Salary,2020-09-06,4698.82,Active
A001263,C00566,B01001,Salary,2021-09-20,223674.03,Active
A001264,C03255,B00301,Premium Savings,2023-01-23,467568.45,Active
A001265,C02010,B00501,Current,2023-10-10,196101.32,Active
A001266,C01774,B00801,Current,2020-09-24,97191.92,Active
A001267,C02488,B00601,Premium Savings,2020-12-15,36776.2,Active
A001268,C00946,B00901,Current,2024-05-10,290812.89,Active
A001269,C02998,B01001,Savings,2023-06-14,108473.1,Active
A001270,C02575,B00501,Salary,2021-04-27,282505.97,Active
A001271,C00811,B00601,Premium Savings,2024-11-23,281341.64,Active
A001272,C01115,B00201,Premium Savings,2020-09-11,233420.77,Active
A001273,C04529,B01001,Premium Savings,2021-04-16,285553.29,Active
A001274,C04937,B00901,Current,2021-05-19,107064.48,Active
A001275,C03366,B00401,Premium Savings,2020-09-24,346243.66,Active
A001276,C02694,B00101,Salary,2021-04-20,280828.61,Active
A001277,C02253,B00301,Savings,2023-11-30,95939.71,Active
A001278,C02175,B00701,Salary,2023-09-01,256508.13,Active
A001279,C00151,B01001,Savings,2020-02-26,155073.29,Active
A001280,C00385,B00101,Premium Savings,2022-04-13,301546.26,Active
A001281,C04023,B00601,Premium Savings,2022-12-22,188741.25,Active
A001282,C00879,B00101,Current,2023-04-23,294831.3,Active
A001283,C03148,B00301,Current,2022-04-23,171425.59,Active
A001284,C02906,B00901,Savings,2022-07-04,209168.1,Active
A001285,C04142,B00401,Salary,2023-01-29,87633.64,Active
A001286,C04938,B00501,Salary,2021-01-31,349781.71,Active
A001287,C02667,B00901,Current,2020-08-07,81213.27,Active
A001288,C03020,B00701,Salary,2022-06-13,215149.18,Active
A001289,C02953,B01001,Premium Savings,2021-11-24,54754.11,Active
A001290,C02972,B00401,Savings,2020-02-05,87140.97,Active
A001291,C02373,B01001,Premium Savings,2022-06-09,64659.8,Active
A001292,C03393,B00101,Premium Savings,2023-02-28,258899.75,Active
A001293,C03232,B00701,Premium Savings,2020-04-28,69946.35,Active
A001294,C00207,B00201,Premium Savings,2020-12-22,147481.05,Active
A001295,C00808,B00401,Savings,2020-07-15,62815.28,Active
A001296,C01771,B00101,Savings,2022-11-09,103877.09,Active
A001297,C04428,B00901,Savings,2023-08-06,79079.43,Active
A001298,C01131,B00201,Current,2021-07-26,254504.12,Active
A001299,C00013,B00801,Premium Savings,2020-12-01,176667.85,Active
A001300,C01956,B00601,Premium Savings,2022-09-22,276711.09,Active
A001301,C03331,B00401,Savings,2024-09-13,144731.03,Active
A001302,C01256,B00301,Premium Savings,2022-01-15,314372.59,Active
A001303,C01697,B00301,Salary,2020-10-10,347161.57,Active
A001304,C03403,B00601,Current,2023-01-18,290936.79,Active
A001305,C01176,B00701,Premium Savings,2023-02-26,182399.76,Active
A001306,C03958,B00201,Salary,2021-05-23,268837.2,Active
A001307,C04378,B00301,Savings,2022-03-24,338740.93,Active
A001308,C03849,B00901,Current,2024-01-25,98613.25,Active
A001309,C03291,B00401,Current,2020-06-12,77947.31,Active
A001310,C00008,B00201,Current,2022-10-22,264455.92,Active
A001311,C01601,B00401,Premium Savings,2021-03-13,358787.71,Active
A001312,C04600,B00401,Premium Savings,2020-03-17,116149.09,Active
A001313,C04051,B00301,Current,2020-09-15,211609.8,Active
A001314,C04658,B00701,Salary,2024-05-15,351596.14,Active
A001315,C03250,B00401,Salary,2020-10-15,285720.86,Active
A001316,C04013,B00401,Savings,2022-03-05,146846.88,Active
A001317,C04377,B00701,Current,2021-03-06,0.0,Active
A001318,C04126,B00201,Premium Savings,2021-10-22,168740.01,Active
A001319,C01661,B00301,Salary,2023-07-29,245340.57,Active
A001320,C01414,B00201,Premium Savings,2024-04-04,322177.41,Active
A001321,C04807,B00301,Salary,2023-06-28,228355.39,Active
A001322,C00122,B00501,Salary,2021-11-07,413275.86,Active
A001323,C01933,B00901,Current,2021-08-30,306828.27,Active
A001324,C02024,B00601,Current,2023-04-19,401394.34,Active
A001325,C03921,B01001,Current,2023-03-10,174568.38,Active
A001326,C01104,B00401,Savings,2021-10-26,141582.22,Active
A001327,C04787,B00701,Salary,2024-09-28,247300.32,Active
A001328,C03948,B00301,Salary,2022-01-20,92907.29,Active
A001329,C03587,B00801,Premium Savings,2021-12-16,201838.2,Active
A001330,C01632,B00301,Salary,2022-09-19,231456.76,Active
A001331,C02166,B00101,Savings,2024-02-05,129318.3,Active
A001332,C00572,B00601,Current,2021-10-11,212344.9,Active
A001333,C03126,B01001,Premium Savings,2023-07-04,181573.93,Active
A001334,C00989,B00301,Premium Savings,2022-01-27,208642.98,Active
A001335,C01040,B00601,Current,2021-09-11,268769.68,Active
A001336,C04520,B00101,Premium Savings,2022-02-27,216257.5,Active
A001337,C01645,B00501,Premium Savings,2022-10-01,297082.31,Active
A001338,C04940,B00901,Savings,2021-04-21,342695.36,Active
A001339,C02744,B00201,Savings,2021-09-13,22666.71,Active
A001340,C01192,B00901,Savings,2020-01-17,395993.09,Active
A001341,C02730,B00201,Savings,2020-04-04,372571.7,Active
A001342,C04243,B00201,Savings,2021-09-10,109319.02,Active
A001343,C04002,B00701,Salary,2023-10-10,156303.84,Active
A001344,C03130,B00401,Salary,2021-04-26,106604.24,Active
A001345,C01624,B00201,Salary,2024-07-17,271975.78,Active
A001346,C02616,B00301,Current,2022-02-05,151810.29,Active
A001347,C01860,B00301,Savings,2022-04-10,50929.78,Active
A001348,C01759,B00901,Current,2023-08-19,98908.68,Active
A001349,C03819,B00301,Current,2023-11-08,130405.62,Active
A001350,C00555,B00101,Premium Savings,2021-11-28,179232.48,Active
A001351,C04439,B00601,Savings,2023-04-15,205967.08,Active
A001352,C00521,B00901,Savings,2022-12-21,166083.09,Active
A001353,C02974,B01001,Premium Savings,2024-07-09,0.0,Active
A001354,C02811,B00501,Current,2021-03-19,195490.09,Active
A001355,C04730,B00501,Salary,2020-07-25,359773.18,Active
A001356,C02412,B00501,Current,2023-05-27,217754.42,Active
A001357,C02586,B00401,Current,2021-03-20,392940.92,Active
A001358,C03543,B01001,Savings,2024-05-06,228389.62,Active
A001359,C00108,B00601,Premium Savings,2020-04-05,180772.94,Active
A001360,C03003,B00601,Savings,2024-02-16,213224.65,Active
A001361,C04597,B00601,Salary,2022-04-10,321697.94,Active
A001362,C04997,B00701,Savings,2021-11-20,146758.08,Active
A001363,C02969,B00501,Savings,2020-06-22,66855.85,Active
A001364,C04301,B00201,Salary,2023-03-23,174022.54,Active
A001365,C01613,B01001,Premium Savings,2022-06-05,279429.16,Active
A001366,C00151,B00401,Savings,2020-11-17,132630.8,Active
A001367,C04847,B00301,Salary,2021-02-10,278503.01,Active
A001368,C03845,B00601,Salary,2020-04-15,284431.31,Active
A001369,C04111,B01001,Premium Savings,2023-07-30,79434.37,Active
A001370,C02456,B00401,Premium Savings,2022-10-06,51266.07,Active
A001371,C03022,B00901,Premium Savings,2020-07-30,292232.11,Active
A001372,C02285,B00601,Salary,2021-08-09,99685.82,Active
A001373,C02056,B00101,Current,2024-02-14,235422.04,Active
A001374,C01291,B00701,Premium Savings,2020-06-16,135224.58,Active
A001375,C02966,B00701,Salary,2020-06-02,394604.25,Active
A001376,C02381,B00101,Current,2023-03-10,30834.12,Active
A001377,C01367,B00201,Premium Savings,2021-07-25,209697.83,Active
A001378,C02572,B00101,Salary,2020-11-22,402185.31,Active
A001379,C02130,B01001,Salary,2022-12-19,0.0,Active
A001380,C04309,B00801,Salary,2020-03-08,0.0,Active
A001381,C00303,B00101,Premium Savings,2024-03-09,238305.1,Active
A001382,C03823,B00501,Current,2020-07-17,271852.99,Active
A001383,C04959,B00201,Current,2020-11-11,211848.96,Active
A001384,C03698,B00101,Savings,2022-07-19,229861.0,Active
A001385,C03741,B00601,Premium Savings,2022-04-21,186314.86,Active
A001386,C02706,B00501,Savings,2020-06-08,340676.59,Active
A001387,C04401,B00901,Current,2022-08-25,13718.35,Active
A001388,C03118,B00501,Premium Savings,2023-06-07,406371.19,Active
A001389,C00003,B00301,Savings,2022-12-29,109784.34,Active
A001390,C00085,B00901,Premium Savings,2024-04-10,190994.56,Active
A001391,C04660,B01001,Salary,2022-01-25,0.0,Active
A001392,C01068,B00201,Savings,2022-11-14,302736.77,Active
A001393,C02725,B00301,Premium Savings,2024-07-09,294486.02,Active
A001394,C02335,B00901,Current,2022-01-17,236581.09,Active
A001395,C03619,B00601,Salary,2020-01-31,0.0,Active
A001396,C00462,B00201,Salary,2022-11-05,389768.97,Active
A001397,C01292,B00401,Salary,2022-10-05,136542.89,Active
A001398,C00830,B01001,Current,2024-07-26,113229.06,Active
A001399,C01859,B00901,Salary,2020-07-01,109204.29,Active
A001400,C02680,B00301,Premium Savings,2022-09-10,183147.6,Active
A001401,C00780,B00501,Current,2024-07-22,266750.4,Active
A001402,C00516,B01001,Savings,2023-09-25,343006.89,Active
A001403,C03541,B00201,Savings,2022-04-21,43183.32,Active
A001404,C03956,B00201,Premium Savings,2024-05-10,151934.74,Active
A001405,C01869,B00401,Salary,2022-01-07,0.0,Active
A001406,C03586,B00101,Salary,2021-10-28,151856.18,Active
A001407,C03801,B00701,Savings,2020-12-01,304377.33,Active
A001408,C02767,B00501,Current,2022-08-23,317635.45,Active
A001409,C02467,B00301,Salary,2021-10-26,54778.73,Active
A001410,C03019,B00101,Current,2024-02-27,263033.2,Active
A001411,C00621,B00401,Premium Savings,2023-10-13,23738.99,Active
A001412,C03027,B00201,Current,2023-09-24,237317.76,Active
A001413,C02743,B01001,Current,2023-09-23,85686.51,Active
A001414,C01573,B00301,Current,2023-08-31,217680.28,Active
A001415,C01761,B00501,Current,2023-12-25,196852.86,Active
A001416,C02520,B00301,Premium Savings,2021-05-07,228745.73,Active
A001417,C03369,B00801,Current,2021-09-09,58073.76,Active
A001418,C02962,B00201,Salary,2023-10-11,275298.97,Active
A001419,C01907,B00801,Current,2023-09-28,73401.45,Active
A001420,C00598,B00101,Premium Savings,2021-06-18,201155.99,Active
A001421,C01329,B00601,Savings,2020-10-24,123858.92,Active
A001422,C00777,B00701,Savings,2020-06-15,295669.99,Active
A001423,C00968,B01001,Current,2020-08-15,277449.54,Active
A001424,C01718,B00501,Current,2024-07-14,368327.6,Active
A001425,C01982,B00101,Premium Savings,2024-10-18,187999.32,Active
A001426,C03543,B00901,Current,2020-11-22,334372.45,Active
A001427,C03305,B00101,Salary,2021-07-29,207989.58,Active
A001428,C01487,B00301,Current,2024-10-15,230955.76,Active
A001429,C02188,B00201,Premium Savings,2023-03-08,405107.65,Active
A001430,C01898,B00201,Premium Savings,2021-10-13,114795.81,Active
A001431,C01120,B00601,Savings,2022-09-18,181849.29,Active
A001432,C02181,B00701,Savings,2024-07-12,154831.46,Active
A001433,C02950,B00401,Current,2024-11-03,225635.34,Active
A001434,C00284,B00701,Savings,2024-06-13,313021.86,Active
A001435,C01508,B00301,Current,2023-05-31,245046.09,Active
A001436,C03757,B01001,Salary,2023-10-01,344365.44,Active
A001437,C04367,B00301,Salary,2024-09-02,120456.05,Active
A001438,C04053,B00601,Savings,2021-05-06,0.0,Active
A001439,C01909,B00301,Current,2020-08-18,122033.84,Active
A001440,C00854,B00401,Current,2023-12-30,291664.81,Active
A001441,C04320,B00101,Salary,2020-11-27,242206.91,Active
A001442,C04046,B00201,Premium Savings,2023-12-25,262541.24,Active
A001443,C03517,B00701,Current,2021-04-13,113089.6,Active
A001444,C01334,B00101,Salary,2020-10-23,122977.75,Active
A001445,C01526,B00701,Savings,2022-11-04,112391.03,Active
A001446,C02512,B00901,Salary,2021-05-17,123649.13,Active
A001447,C03360,B00701,Savings,2020-07-21,129679.38,Active
A001448,C03426,B01001,Current,2020-05-25,271937.08,Active
A001449,C01580,B00901,Salary,2020-07-30,206908.71,Active
A001450,C02214,B00101,Premium Savings,2021-02-17,453435.14,Active
A001451,C00487,B00601,Premium Savings,2023-11-20,160602.45,Active
A001452,C02740,B00901,Premium Savings,2021-05-01,98775.18,Active
A001453,C01048,B00501,Savings,2024-04-30,211806.73,Active
A001454,C04763,B00101,Premium Savings,2020-03-26,228494.96,Active
A001455,C00124,B00401,Current,2023-08-31,93876.29,Active
A001456,C04985,B00501,Premium Savings,2022-05-03,284188.67,Active
A001457,C03688,B00901,Premium Savings,2024-11-19,178192.3,Active
A001458,C00729,B00901,Premium Savings,2020-10-07,258032.0,Active
A001459,C00787,B00401,Savings,2022-07-09,134306.35,Active
A001460,C02931,B00601,Salary,2020-02-23,171252.01,Active
A001461,C00620,B00301,Current,2021-03-15,168496.4,Active
A001462,C01731,B00501,Premium Savings,2024-05-01,136430.19,Active
A001463,C03053,B00701,Current,2024-11-15,245880.08,Active
A001464,C00760,B00901,Salary,2023-05-17,218617.25,Active
A001465,C00918,B00301,Salary,2020-09-30,106054.09,Active
A001466,C02124,B00201,Premium Savings,2021-06-19,169985.41,Active
A001467,C01754,B00201,Current,2024-09-03,353257.7,Active
A001468,C03928,B00401,Current,2020-04-29,9760.98,Active
A001469,C02557,B00501,Premium Savings,2023-02-05,52530.19,Active
A001470,C03694,B00901,Salary,2020-06-17,221362.0,Active
A001471,C04581,B00101,Salary,2023-04-22,306473.67,Active
A001472,C03349,B00401,Premium Savings,2024-10-17,167477.15,Active
A001473,C02624,B00601,Current,2021-03-21,302498.57,Active
A001474,C01181,B00901,Premium Savings,2020-09-04,0.0,Active
A001475,C01173,B00601,Salary,2023-08-09,122769.15,Active
A001476,C03642,B00501,Salary,2020-04-22,177061.16,Active
A001477,C04126,B00901,Savings,2022-03-03,197966.54,Active
A001478,C04510,B00101,Salary,2022-09-25,376669.8,Active
A001479,C03845,B00701,Premium Savings,2024-06-14,62749.14,Active
A001480,C03448,B00501,Savings,2023-09-11,107436.1,Active
A001481,C00966,B00601,Salary,2023-04-07,14655.74,Active
A001482,C01995,B01001,Salary,2021-12-15,64884.15,Active
A001483,C01158,B00301,Current,2021-06-28,246984.15,Active
A001484,C01515,B01001,Savings,2020-10-24,168631.46,Active
A001485,C00827,B00801,Premium Savings,2021-01-07,187557.09,Active
A001486,C03926,B00401,Salary,2022-06-18,0.0,Active
A001487,C01846,B00101,Salary,2021-01-28,275113.13,Active
A001488,C01607,B00201,Current,2020-11-30,161797.22,Active
A001489,C02340,B00901,Savings,2023-08-27,214720.05,Active
A001490,C02069,B00901,Savings,2020-11-11,334889.27,Active
A001491,C00837,B01001,Salary,2024-05-11,216341.04,Active
A001492,C00104,B01001,Premium Savings,2024-03-14,0.0,Active
A001493,C02963,B00101,Premium Savings,2022-05-16,254816.4,Active
A001494,C02406,B00701,Current,2021-05-09,276820.18,Active
A001495,C04333,B00801,Salary,2022-01-02,40223.61,Active
A001496,C03636,B01001,Current,2023-01-27,308357.64,Active
A001497,C00013,B00601,Salary,2020-02-22,269113.54,Active
A001498,C04307,B01001,Savings,2023-05-29,313974.49,Active
A001499,C01795,B00401,Salary,2021-11-21,383961.7,Active
A001500,C02400,B00701,Current,2023-01-05,61981.76,Active
A001501,C02743,B00301,Premium Savings,2022-06-16,43002.31,Active
A001502,C04977,B00101,Salary,2020-12-13,120591.73,Active
A001503,C00078,B00401,Salary,2024-06-06,109087.19,Active
A001504,C00738,B00201,Current,2024-09-27,157028.72,Active
A001505,C01764,B00701,Premium Savings,2022-08-01,202666.49,Active
A001506,C00897,B01001,Savings,2020-12-01,73346.05,Active
A001507,C03492,B00801,Premium Savings,2023-01-24,172646.79,Active
A001508,C00433,B01001,Salary,2020-05-20,245874.17,Active
A001509,C03055,B00401,Salary,2021-09-09,196884.21,Active
A001510,C03016,B00601,Premium Savings,2021-09-25,215857.78,Active
A001511,C03873,B00401,Savings,2022-04-26,252825.35,Active
A001512,C00989,B00401,Salary,2020-12-05,59677.49,Active
A001513,C03412,B00901,Savings,2023-11-05,176159.56,Active
A001514,C00795,B00701,Salary,2023-10-18,233050.01,Active
A001515,C03548,B00101,Savings,2024-09-02,231352.77,Active
A001516,C02555,B00501,Savings,2023-06-27,121184.82,Active
A001517,C01149,B00501,Salary,2023-11-18,249697.65,Active
A001518,C01841,B00901,Savings,2020-01-24,0.0,Active
A001519,C02288,B01001,Savings,2024-01-03,197707.77,Active
A001520,C03285,B00701,Savings,2021-07-20,175218.6,Active
A001521,C04721,B00701,Premium Savings,2021-12-26,43432.5,Active
A001522,C04115,B01001,Current,2023-10-30,120425.73,Active
A001523,C00667,B00601,Savings,2021-04-12,0.0,Active
A001524,C00743,B01001,Savings,2020-12-25,193064.61,Active
A001525,C02126,B00701,Current,2022-04-02,296679.72,Active
A001526,C02872,B00201,Savings,2024-05-11,229976.11,Active
A001527,C04019,B01001,Premium Savings,2021-03-01,99130.81,Active
A001528,C03275,B00201,Savings,2022-02-09,369911.29,Active
A001529,C03877,B00301,Salary,2021-07-08,112664.65,Active
A001530,C03267,B00201,Salary,2023-08-20,123473.94,Active
A001531,C04371,B00501,Premium Savings,2020-02-14,258583.14,Active
A001532,C01849,B00301,Premium Savings,2021-06-23,323114.13,Active
A001533,C04374,B00201,Premium Savings,2023-03-24,0.0,Active
A001534,C04654,B00901,Salary,2020-03-25,252734.21,Active
A001535,C00408,B00101,Savings,2022-07-26,309653.01,Active
A001536,C02854,B00101,Salary,2022-09-07,263597.85,Active
A001537,C00972,B00901,Savings,2024-05-23,64845.59,Active
A001538,C02542,B00601,Salary,2021-06-08,312201.2,Active
A001539,C02407,B00501,Current,2024-07-19,259595.71,Active
A001540,C04878,B00301,Premium Savings,2021-06-12,352403.63,Active
A001541,C03070,B00601,Current,2024-06-13,158439.17,Active
A001542,C00154,B01001,Savings,2023-10-27,40788.56,Active
A001543,C04747,B00601,Current,2020-07-06,356747.14,Active
A001544,C01877,B00201,Premium Savings,2022-04-22,295174.52,Active
A001545,C01292,B00301,Savings,2021-04-05,997.27,Active
A001546,C04672,B00301,Premium Savings,2022-01-03,37535.26,Active
A001547,C04174,B00901,Premium Savings,2022-11-10,155543.99,Active
A001548,C04443,B00201,Savings,2020-01-12,488092.57,Active
A001549,C04447,B00401,Salary,2024-01-30,78957.5,Active
A001550,C04240,B00901,Savings,2020-06-27,0.0,Active
A001551,C01409,B00101,Current,2024-08-12,41802.15,Active
A001552,C00006,B00301,Salary,2023-04-15,178701.08,Active
A001553,C02270,B00901,Salary,2023-10-31,278799.79,Active
A001554,C04839,B00601,Premium Savings,2022-12-14,0.0,Active
A001555,C01673,B00601,Salary,2021-06-20,204800.25,Active
A001556,C04055,B00501,Premium Savings,2023-09-18,166978.04,Active
A001557,C02700,B00601,Premium Savings,2020-10-31,387866.82,Active
A001558,C03596,B00701,Premium Savings,2020-07-10,85725.39,Active
A001559,C00783,B00901,Premium Savings,2020-07-23,71001.27,Active
A001560,C02995,B01001,Premium Savings,2020-06-03,331490.71,Active
A001561,C00786,B01001,Current,2023-03-08,149632.59,Active
A001562,C01849,B00101,Salary,2021-07-22,359671.45,Active
A001563,C04667,B00301,Premium Savings,2022-05-20,277135.82,Active
A001564,C01017,B00701,Salary,2022-10-21,106927.65,Active
A001565,C04028,B00901,Salary,2022-02-23,93440.97,Active
A001566,C04393,B00501,Salary,2023-04-14,158912.3,Active
A001567,C04378,B00301,Salary,2020-03-22,133101.51,Active
A001568,C03593,B01001,Savings,2021-09-11,317890.04,Active
A001569,C03818,B00501,Premium Savings,2023-05-15,76220.23,Active
A001570,C00505,B01001,Premium Savings,2024-04-22,188318.78,Active
A001571,C01137,B01001,Current,2022-05-20,89170.29,Active
A001572,C04761,B00501,Current,2023-12-18,256685.63,Active
A001573,C04609,B00301,Savings,2023-11-22,281909.6,Active
A001574,C01158,B00901,Salary,2023-05-02,268472.88,Active
A001575,C04159,B00501,Savings,2023-01-15,95459.11,Active
A001576,C01593,B00601,Current,2024-02-17,147760.11,Active
A001577,C04523,B00801,Current,2022-06-26,263231.7,Active
A001578,C02861,B00901,Salary,2020-08-10,203641.26,Active
A001579,C01201,B00201,Savings,2021-08-25,7391.61,Active
A001580,C01267,B00101,Salary,2021-07-04,282864.61,Active
A001581,C04629,B00401,Salary,2022-06-13,0.0,Active
A001582,C02357,B00401,Premium Savings,2022-02-13,107766.77,Active
A001583,C01959,B00901,Savings,2024-06-15,263807.04,Active
A001584,C01118,B00301,Premium Savings,2020-07-14,209685.14,Active
A001585,C04403,B00301,Savings,2023-02-03,65256.94,Active
A001586,C00120,B00201,Premium Savings,2024-04-16,312148.36,Active
A001587,C03920,B00801,Current,2024-05-07,83197.32,Active
A001588,C01351,B00301,Salary,2020-02-22,376232.21,Active
A001589,C00759,B00901,Premium Savings,2023-06-13,151005.41,Active
A001590,C00171,B00201,Current,2022-08-24,187420.74,Active
A001591,C03261,B00601,Salary,2024-11-17,151373.72,Active
A001592,C04130,B00601,Savings,2023-06-11,193833.87,Active
A001593,C04079,B00301,Savings,2021-05-17,180730.83,Active
A001594,C02744,B00601,Salary,2020-03-23,88059.32,Active
A001595,C03896,B00501,Current,2020-03-02,179527.37,Active
A001596,C02645,B00601,Savings,2020-10-09,325901.76,Active
A001597,C03357,B01001,Premium Savings,2020-10-21,30955.27,Active
A001598,C03968,B00201,Salary,2024-01-17,192141.89,Active
A001599,C03814,B00901,Current,2021-02-23,196331.27,Active
A001600,C00757,B00801,Savings,2022-02-04,25535.25,Active
A001601,C01854,B00501,Salary,2024-03-19,120200.33,Active
A001602,C04169,B00701,Premium Savings,2021-02-04,331653.33,Active
A001603,C01030,B00701,Premium Savings,2024-11-24,162767.1,Active
A001604,C01494,B00901,Savings,2020-12-11,194674.77,Active
A001605,C02255,B00401,Savings,2020-12-24,259753.23,Active
A001606,C00047,B00601,Savings,2022-09-29,138159.4,Active
A001607,C02073,B00401,Current,2022-10-15,214709.99,Active
A001608,C02005,B00901,Current,2023-03-31,333578.98,Active
A001609,C03184,B01001,Premium Savings,2024-08-07,194108.98,Active
A001610,C03658,B00901,Savings,2023-04-27,170329.4,Active
A001611,C02316,B00301,Current,2024-07-22,218176.64,Active
A001612,C00065,B00801,Salary,2023-09-21,0.0,Active
A001613,C03642,B00301,Current,2020-02-12,341395.72,Active
A001614,C03451,B00801,Salary,2022-10-02,66548.12,Active
A001615,C02468,B00301,Salary,2022-04-02,180620.26,Active
A001616,C02566,B00901,Current,2023-09-29,170283.17,Active
A001617,C00290,B01001,Salary,2024-07-26,232438.72,Active
A001618,C01937,B00501,Salary,2020-07-15,140688.26,Active
A001619,C01351,B00401,Savings,2023-10-15,348861.38,Active
A001620,C03729,B00901,Savings,2023-11-05,267927.87,Active
A001621,C04890,B00501,Savings,2021-10-21,180442.49,Active
A001622,C02101,B00501,Premium Savings,2023-09-12,40312.87,Active
A001623,C03673,B00901,Premium Savings,2023-02-20,270413.45,Active
A001624,C00170,B01001,Savings,2023-03-24,36192.43,Active
A001625,C00517,B00301,Savings,2021-03-18,380382.63,Active
A001626,C00494,B00101,Current,2023-06-11,265651.97,Active
A001627,C01314,B01001,Current,2020-07-08,62456.75,Active
A001628,C04467,B00201,Current,2020-12-18,258473.95,Active
A001629,C02499,B00701,Savings,2024-03-14,348717.58,Active
A001630,C00604,B00201,Premium Savings,2024-04-02,64543.18,Active
A001631,C01759,B00601,Salary,2021-05-21,282215.33,Active
A001632,C04125,B00401,Premium Savings,2021-07-12,61444.19,Active
A001633,C02504,B01001,Current,2024-07-01,363245.37,Active
A001634,C01017,B00601,Premium Savings,2021-10-08,267078.48,Active
A001635,C02207,B01001,Salary,2022-03-29,44752.25,Active
A001636,C01210,B00101,Premium Savings,2021-06-30,150234.78,Active
A001637,C00183,B00601,Savings,2023-03-20,172065.32,Active
A001638,C03469,B00901,Current,2020-08-27,113223.22,Active
A001639,C02923,B00301,Savings,2023-12-11,303394.93,Active
A001640,C02582,B00901,Premium Savings,2024-11-05,279193.53,Active
A001641,C04458,B00301,Premium Savings,2020-11-12,152493.86,Active
A001642,C04240,B00601,Salary,2022-03-29,250331.73,Active
A001643,C00954,B00101,Savings,2021-05-12,129996.29,Active
A001644,C02521,B01001,Premium Savings,2021-01-15,68567.05,Active
A001645,C01286,B00601,Current,2024-03-16,174677.04,Active
A001646,C03335,B00601,Premium Savings,2022-07-09,186807.58,Active
A001647,C04899,B00301,Premium Savings,2022-12-17,269470.54,Active
A001648,C00145,B00401,Premium Savings,2022-12-20,214456.96,Active
A001649,C04449,B00401,Current,2022-09-02,220425.97,Active
A001650,C04964,B00501,Current,2022-01-15,46269.75,Active
A001651,C01590,B00601,Premium Savings,2022-05-11,302739.66,Active
A001652,C03828,B00901,Current,2020-08-30,317087.96,Active
A001653,C01585,B00901,Savings,2024-03-30,289755.08,Active
A001654,C01763,B01001,Savings,2022-01-21,131912.54,Active
A001655,C00636,B00701,Salary,2023-03-21,58441.36,Active
A001656,C04554,B00601,Premium Savings,2024-02-06,290090.17,Active
A001657,C00046,B00801,Current,2020-11-30,144068.88,Active
A001658,C00027,B00501,Savings,2024-08-20,229782.9,Active
A001659,C03679,B00401,Salary,2024-04-07,193151.92,Active
A001660,C02920,B00101,Premium Savings,2023-05-25,205801.57,Active
A001661,C00622,B00101,Current,2022-03-19,140134.91,Active
A001662,C02152,B01001,Salary,2023-08-05,189853.85,Active
A001663,C01524,B00601,Premium Savings,2023-09-27,296519.4,Active
A001664,C00015,B00101,Savings,2024-03-30,417203.12,Active
A001665,C04282,B00801,Salary,2022-09-19,47459.33,Active
A001666,C03745,B00101,Premium Savings,2020-12-13,131834.65,Active
A001667,C04784,B00601,Current,2023-02-07,191980.03,Active
A001668,C03408,B00301,Savings,2024-08-06,280706.97,Active
A001669,C04244,B00701,Premium Savings,2023-01-05,303831.48,Active
A001670,C04800,B00901,Premium Savings,2020-04-01,263191.89,Active
A001671,C04023,B01001,Premium Savings,2022-08-04,183240.31,Active
A001672,C01622,B00901,Salary,2020-01-17,222623.36,Active
A001673,C04302,B00201,Premium Savings,2023-01-27,210269.43,Active
A001674,C03727,B00801,Current,2023-04-15,86699.04,Active
A001675,C01177,B00401,Current,2022-07-16,165456.14,Active
A001676,C01241,B00401,Premium Savings,2021-07-06,146226.02,Active
A001677,C00985,B00601,Salary,2023-01-24,246073.3,Active
A001678,C02244,B01001,Salary,2021-03-10,147188.47,Active
A001679,C03814,B00401,Salary,2023-03-26,216073.26,Active
A001680,C03469,B00301,Premium Savings,2023-09-14,90435.03,Active
A001681,C03405,B00101,Current,2020-04-21,176321.33,Active
A001682,C04597,B00901,Current,2023-02-16,378186.28,Active
A001683,C02265,B00201,Savings,2024-03-18,166214.32,Active
A001684,C00681,B00601,Salary,2024-11-24,0.0,Active
A001685,C04318,B01001,Premium Savings,2020-01-22,250236.79,Active
A001686,C03573,B00401,Current,2023-12-18,274055.67,Active
A001687,C02814,B00101,Current,2024-04-05,278676.01,Active
A001688,C03792,B00901,Salary,2020-05-04,81055.15,Active
A001689,C00043,B00301,Savings,2024-01-15,336023.15,Active
A001690,C03322,B00101,Salary,2023-01-06,145773.98,Active
A001691,C01903,B01001,Salary,2021-03-31,258877.33,Active
A001692,C01278,B00901,Salary,2024-11-28,189873.44,Active
A001693,C03979,B00601,Current,2022-01-31,147034.91,Active
A001694,C04779,B00801,Salary,2020-10-08,93430.32,Active
A001695,C02324,B00501,Current,2021-02-24,83006.91,Active
A001696,C03347,B00701,Savings,2023-06-18,332175.18,Active
A001697,C02055,B00301,Salary,2024-08-22,66100.82,Active
A001698,C00214,B00401,Savings,2023-08-29,50659.48,Active
A001699,C04092,B01001,Premium Savings,2021-04-21,357535.73,Active
A001700,C01948,B00901,Current,2020-06-17,341235.17,Active
A001701,C01102,B00401,Salary,2022-04-14,338912.61,Active
A001702,C00725,B00901,Premium Savings,2020-10-20,198233.85,Active
A001703,C04615,B00901,Current,2024-08-07,301363.77,Active
A001704,C02003,B00901,Premium Savings,2021-06-10,103946.63,Active
A001705,C03518,B00301,Savings,2022-06-07,256888.6,Active
A001706,C04779,B01001,Current,2023-02-21,351073.22,Active
A001707,C02313,B01001,Salary,2024-10-16,157728.98,Active
A001708,C04067,B00301,Premium Savings,2021-09-12,72696.64,Active
A001709,C02706,B00101,Salary,2022-07-12,2437.33,Active
A001710,C02567,B00301,Current,2022-10-04,302374.8,Active
A001711,C03668,B00301,Premium Savings,2022-07-09,279495.31,Active
A001712,C00670,B00401,Savings,2021-03-06,35757.73,Active
A001713,C01433,B00501,Premium Savings,2020-02-12,517652.76,Active
A001714,C04066,B00301,Salary,2023-05-05,224345.25,Active
A001715,C01898,B00201,Savings,2024-11-22,361952.18,Active
A001716,C02817,B00601,Current,2021-10-12,53432.84,Active
A001717,C03170,B00301,Current,2020-06-03,238802.18,Active
A001718,C03231,B00401,Savings,2023-10-08,176656.83,Active
A001719,C02783,B00601,Savings,2024-07-28,176993.99,Active
A001720,C03585,B01001,Salary,2021-02-12,232319.98,Active
A001721,C01442,B01001,Premium Savings,2023-03-03,75073.16,Active
A001722,C04761,B00201,Current,2020-10-24,201483.32,Active
A001723,C03002,B00601,Premium Savings,2024-08-09,187139.71,Active
A001724,C01787,B00901,Premium Savings,2021-12-14,143820.3,Active
A001725,C01861,B00201,Premium Savings,2020-07-17,0.0,Active
A001726,C02628,B00801,Salary,2024-01-30,57633.47,Active
A001727,C00503,B00501,Premium Savings,2021-05-25,291621.98,Active
A001728,C02068,B00701,Salary,2021-03-27,57517.13,Active
A001729,C04725,B00501,Savings,2020-09-09,184848.91,Active
A001730,C00749,B00301,Salary,2020-02-27,56680.82,Active
A001731,C03796,B00401,Savings,2024-03-13,309276.93,Active
A001732,C04225,B01001,Savings,2023-08-30,443045.22,Active
A001733,C04324,B00201,Premium Savings,2021-03-29,270239.93,Active
A001734,C01654,B00801,Current,2022-07-27,374303.25,Active
A001735,C01992,B00901,Current,2021-09-01,58003.03,Active
A001736,C00772,B00101,Salary,2024-01-02,227049.03,Active
A001737,C01095,B00401,Salary,2023-07-04,96872.99,Active
A001738,C01837,B00101,Premium Savings,2024-01-22,322085.11,Active
A001739,C00516,B01001,Current,2020-04-04,37717.73,Active
A001740,C04481,B01001,Salary,2020-10-23,245105.91,Active
A001741,C02667,B00601,Current,2023-12-05,217814.93,Active
A001742,C03596,B00301,Current,2022-02-01,183712.62,Active
A001743,C03148,B01001,Premium Savings,2020-04-29,348022.74,Active
A001744,C00883,B00401,Salary,2020-12-18,308119.8,Active
A001745,C00832,B00101,Salary,2024-06-24,220202.46,Active
A001746,C03444,B00201,Savings,2024-04-23,55108.61,Active
A001747,C03086,B01001,Current,2021-03-29,306921.29,Active
A001748,C00699,B00101,Salary,2024-06-18,242121.27,Active
A001749,C03509,B00101,Current,2022-01-03,46646.3,Active
A001750,C00448,B00201,Premium Savings,2023-10-05,313284.25,Active
A001751,C02167,B00801,Savings,2023-08-13,266457.09,Active
A001752,C02356,B00401,Current,2024-08-21,176428.31,Active
A001753,C03073,B00301,Salary,2023-02-21,56516.98,Active
A001754,C04667,B00801,Premium Savings,2020-11-14,367702.19,Active
A001755,C04586,B00201,Current,2020-07-20,207303.83,Active
A001756,C04608,B00401,Premium Savings,2022-04-14,185138.32,Active
A001757,C03509,B00601,Savings,2022-09-15,139211.41,Active
A001758,C02278,B00501,Savings,2023-12-21,301520.44,Active
A001759,C01512,B00601,Current,2023-01-31,271903.18,Active
A001760,C02461,B00301,Salary,2023-08-02,206893.99,Active
A001761,C02292,B00201,Salary,2020-08-14,71442.14,Active
A001762,C00064,B01001,Premium Savings,2023-02-01,174339.97,Active
A001763,C00592,B00501,Premium Savings,2021-01-02,300774.84,Active
A001764,C02301,B00801,Current,2022-07-29,465163.86,Active
A001765,C00809,B00801,Current,2023-05-02,336642.15,Active
A001766,C01549,B01001,Savings,2021-06-18,272640.53,Active
A001767,C02663,B00201,Salary,2023-10-10,350938.44,Active
A001768,C04437,B00201,Premium Savings,2024-08-13,246292.01,Active
A001769,C03383,B00901,Premium Savings,2021-08-12,86468.52,Active
A001770,C03572,B00301,Salary,2024-03-08,239705.18,Active
A001771,C04377,B00401,Salary,2020-03-30,365404.41,Active
A001772,C00588,B01001,Current,2022-05-22,14436.28,Active
A001773,C01542,B00901,Salary,2024-07-13,437129.88,Active
A001774,C01111,B01001,Salary,2021-11-22,151288.39,Active
A001775,C02369,B00101,Salary,2021-04-29,291170.69,Active
A001776,C02513,B00201,Savings,2022-08-27,128450.7,Active
A001777,C02364,B01001,Savings,2021-07-08,140530.88,Active
A001778,C00779,B00501,Current,2022-06-06,321382.8,Active
A001779,C00537,B00401,Salary,2021-03-31,219046.63,Active
A001780,C01269,B00301,Current,2020-12-19,127179.85,Active
A001781,C00958,B00101,Savings,2022-06-04,92566.52,Active
A001782,C01705,B00401,Current,2022-12-09,14438.11,Active
A001783,C00300,B00401,Salary,2024-04-04,353029.74,Active
A001784,C03372,B00501,Salary,2024-11-25,281854.97,Active
A001785,C04082,B01001,Savings,2024-06-15,334444.18,Active
A001786,C04277,B00301,Savings,2024-01-02,125269.86,Active
A001787,C04148,B00201,Savings,2023-02-08,327125.64,Active
A001788,C04570,B00901,Current,2022-04-27,236173.11,Active
A001789,C01962,B00501,Salary,2023-01-03,137483.49,Active
A001790,C04149,B00501,Premium Savings,2023-03-14,145271.41,Active
A001791,C02589,B00901,Current,2021-01-28,334602.4,Active
A001792,C01906,B00501,Salary,2022-11-07,209689.42,Active
A001793,C02736,B00701,Salary,2022-11-21,122323.6,Active
A001794,C04093,B00901,Premium Savings,2020-04-07,202522.58,Active
A001795,C00289,B00201,Premium Savings,2021-04-26,175297.58,Active
A001796,C01014,B00601,Salary,2022-01-04,343885.97,Active
A001797,C02055,B00101,Current,2022-08-27,304440.05,Active
A001798,C00338,B00701,Savings,2021-12-16,265970.54,Active
A001799,C04083,B00801,Premium Savings,2020-09-24,243613.87,Active
A001800,C01897,B00901,Premium Savings,2020-04-05,302378.59,Active
A001801,C00776,B00201,Savings,2021-07-07,205890.2,Active
A001802,C03501,B00101,Savings,2023-10-06,28290.23,Active
A001803,C04131,B00901,Salary,2024-01-18,381349.1,Active
A001804,C03223,B00501,Savings,2023-04-06,287117.09,Active
A001805,C04606,B00901,Current,2022-11-20,262513.57,Active
A001806,C02447,B00901,Premium Savings,2021-03-06,0.0,Active
A001807,C04233,B01001,Salary,2024-07-16,180699.74,Active
A001808,C03074,B00301,Premium Savings,2021-10-12,96216.19,Active
A001809,C03276,B01001,Savings,2023-11-04,0.0,Active
A001810,C00407,B00901,Salary,2021-06-25,59639.22,Active
A001811,C00896,B00101,Salary,2023-04-18,377885.45,Active
A001812,C03572,B00401,Savings,2020-01-06,246809.35,Active
A001813,C03078,B01001,Salary,2021-08-26,0.0,Active
A001814,C01104,B00401,Salary,2023-02-22,141700.62,Active
A001815,C01709,B00501,Savings,2024-04-26,202529.17,Active
A001816,C01007,B00301,Premium Savings,2021-03-24,136189.82,Active
A001817,C00443,B00601,Savings,2020-11-23,184466.29,Active
A001818,C02284,B00601,Salary,2020-07-18,283582.02,Active
A001819,C03008,B00801,Salary,2021-10-09,184737.29,Active
A001820,C00047,B00501,Salary,2024-02-08,131276.85,Active
A001821,C04986,B00601,Salary,2024-08-15,266993.8,Active
A001822,C01020,B00701,Premium Savings,2022-12-06,341256.55,Active
A001823,C04924,B00101,Premium Savings,2024-09-23,277155.64,Active
A001824,C04565,B00101,Savings,2023-01-17,229845.77,Active
A001825,C02423,B00601,Savings,2022-10-23,237873.22,Active
A001826,C01227,B00501,Premium Savings,2021-12-30,139962.81,Active
A001827,C02274,B00701,Salary,2023-03-03,45104.16,Active
A001828,C01308,B00201,Savings,2021-08-29,367299.37,Active
A001829,C04831,B00601,Premium Savings,2023-09-28,57423.4,Active
A001830,C01792,B01001,Premium Savings,2022-08-13,245798.86,Active
A001831,C03104,B01001,Salary,2021-03-31,323111.39,Active
A001832,C00958,B00501,Premium Savings,2022-04-03,249305.64,Active
A001833,C02780,B00801,Premium Savings,2022-03-19,152093.52,Active
A001834,C04100,B00801,Current,2021-10-07,158131.73,Active
A001835,C04003,B00201,Premium Savings,2021-05-25,329765.89,Active
A001836,C01731,B00601,Premium Savings,2023-10-01,216747.55,Active
A001837,C04344,B01001,Current,2024-02-18,84016.84,Active
A001838,C02440,B00601,Savings,2021-05-11,313013.43,Active
A001839,C03470,B00701,Salary,2021-09-08,324426.57,Active
A001840,C01674,B00901,Current,2022-01-04,101179.49,Active
A001841,C04177,B00401,Current,2022-01-10,170985.4,Active
A001842,C01661,B00201,Premium Savings,2020-07-23,151658.81,Active
A001843,C00204,B00601,Savings,2023-10-18,63915.79,Active
A001844,C00486,B00201,Savings,2021-08-20,112863.03,Active
A001845,C00661,B00801,Current,2020-09-13,333451.74,Active
A001846,C01537,B01001,Salary,2022-09-03,315320.44,Active
A001847,C02618,B00601,Current,2021-07-30,328692.94,Active
A001848,C02438,B00301,Savings,2021-07-04,171337.18,Active
A001849,C00951,B00401,Premium Savings,2024-02-07,207693.54,Active
A001850,C01344,B00201,Savings,2022-09-01,66579.11,Active
A001851,C01707,B00501,Current,2023-10-22,283939.76,Active
A001852,C03183,B00101,Premium Savings,2020-04-30,249646.99,Active
A001853,C01116,B00901,Premium Savings,2021-04-20,249089.27,Active
A001854,C01894,B00901,Savings,2022-05-10,99586.98,Active
A001855,C01535,B00401,Savings,2020-08-22,216511.87,Active
A001856,C00883,B00901,Salary,2021-05-24,212072.18,Active
A001857,C01228,B01001,Premium Savings,2023-08-07,404716.1,Active
A001858,C04104,B00901,Premium Savings,2021-05-31,135981.02,Active
A001859,C02438,B00601,Savings,2021-02-25,279608.97,Active
A001860,C00899,B00301,Premium Savings,2023-09-30,182368.27,Active
A001861,C03334,B00201,Savings,2022-02-24,62281.59,Active
A001862,C04968,B00801,Savings,2020-04-30,162903.47,Active
A001863,C00272,B00301,Salary,2021-11-29,263420.36,Active
A001864,C02602,B00201,Current,2020-12-02,250139.31,Active
A001865,C04234,B00601,Savings,2024-05-29,184703.57,Active
A001866,C01934,B00301,Premium Savings,2022-03-28,194417.61,Active
A001867,C04329,B00901,Salary,2021-11-16,377832.69,Active
A001868,C00949,B01001,Current,2022-03-26,363190.54,Active
A001869,C03444,B00901,Salary,2022-04-15,299638.29,Active
A001870,C02142,B00101,Savings,2020-11-22,264823.69,Active
A001871,C03121,B01001,Savings,2020-01-30,218656.02,Active
A001872,C04159,B00401,Current,2022-06-18,289756.5,Active
A001873,C00914,B00701,Premium Savings,2023-02-28,274001.3,Active
A001874,C01136,B00201,Salary,2020-08-04,205910.71,Active
A001875,C00579,B00301,Premium Savings,2020-04-08,40698.44,Active
A001876,C03352,B00501,Premium Savings,2022-11-07,447089.2,Active
A001877,C04029,B01001,Salary,2024-04-01,198342.88,Active
A001878,C02488,B00501,Savings,2024-08-14,59046.81,Active
A001879,C04328,B00301,Premium Savings,2024-05-25,130098.53,Active
A001880,C02720,B01001,Savings,2021-08-23,434023.94,Active
A001881,C02560,B00401,Savings,2023-03-04,208737.72,Active
A001882,C03824,B00201,Premium Savings,2024-01-25,312489.83,Active
A001883,C00347,B00401,Premium Savings,2020-02-27,106467.33,Active
A001884,C00282,B00101,Savings,2021-02-26,310699.78,Active
A001885,C02656,B00601,Salary,2024-07-04,151424.78,Active
A001886,C00842,B00101,Current,2021-04-01,268331.81,Active
A001887,C03649,B00901,Current,2022-01-29,332936.88,Active
A001888,C03643,B00801,Current,2021-10-12,207204.23,Active
A001889,C03798,B00201,Current,2021-02-17,287125.41,Active
A001890,C03521,B00501,Savings,2021-04-16,78243.0,Active
A001891,C01769,B00801,Current,2022-12-30,268467.42,Active
A001892,C03057,B00201,Current,2021-01-24,385709.49,Active
A001893,C04364,B00201,Savings,2020-06-30,297539.41,Active
A001894,C01979,B00401,Current,2024-09-17,159300.29,Active
A001895,C02473,B00901,Current,2022-10-17,235208.39,Active
A001896,C03018,B01001,Savings,2024-10-01,197490.64,Active
A001897,C01649,B00601,Current,2024-05-19,245332.65,Active
A001898,C02187,B00501,Current,2022-05-24,201167.45,Active
A001899,C02204,B00901,Salary,2023-06-16,204099.29,Active
A001900,C00850,B00801,Savings,2021-10-01,166090.7,Active
A001901,C01040,B00401,Salary,2021-02-20,230819.19,Active
A001902,C00594,B00901,Salary,2020-07-10,93978.85,Active
A001903,C00878,B01001,Premium Savings,2021-07-26,205225.33,Active
A001904,C04875,B00101,Current,2023-03-08,305337.37,Active
A001905,C02433,B00101,Savings,2020-11-04,163289.95,Active
A001906,C01607,B00901,Salary,2022-02-21,79606.41,Active
A001907,C01784,B00601,Salary,2021-10-27,214194.64,Active
A001908,C02547,B00601,Current,2024-12-01,3723.29,Active
A001909,C04049,B00401,Salary,2021-07-17,76457.27,Active
A001910,C02888,B00101,Current,2021-06-18,188309.32,Active
A001911,C02674,B00401,Premium Savings,2021-12-07,290768.93,Active
A001912,C00406,B01001,Premium Savings,2024-01-17,79126.63,Active
A001913,C02101,B00601,Current,2024-04-26,125476.43,Active
A001914,C00683,B00201,Salary,2024-05-14,0.0,Active
A001915,C00762,B00801,Premium Savings,2024-08-17,232667.75,Active
A001916,C00668,B00601,Salary,2021-05-06,197546.03,Active
A001917,C01486,B00201,Salary,2024-02-17,153938.34,Active
A001918,C03826,B00101,Current,2022-05-01,48090.12,Active
A001919,C02249,B00401,Premium Savings,2022-11-09,148183.65,Active
A001920,C00534,B00201,Current,2022-02-05,249820.6,Active
A001921,C04080,B00501,Savings,2020-09-29,30670.51,Active
A001922,C04538,B00701,Savings,2024-02-09,177259.49,Active
A001923,C00672,B00701,Savings,2022-03-03,128913.39,Active
A001924,C01011,B00701,Salary,2023-05-16,246890.48,Active
A001925,C03338,B01001,Current,2022-12-09,304482.16,Active
A001926,C00046,B00201,Premium Savings,2023-08-23,248236.7,Active
A001927,C02201,B00501,Current,2021-05-04,170546.81,Active
A001928,C01283,B00601,Current,2020-07-03,220267.72,Active
A001929,C01547,B00401,Current,2021-03-27,225753.75,Active
A001930,C02975,B00401,Salary,2024-05-28,116840.52,Active
A001931,C00781,B00901,Premium Savings,2022-10-05,15313.5,Active
A001932,C03638,B00201,Savings,2021-11-15,16097.92,Active
A001933,C04784,B00501,Salary,2021-08-30,260282.61,Active
A001934,C00905,B00201,Savings,2020-06-25,85764.6,Active
A001935,C02118,B00401,Savings,2020-05-07,175121.82,Active
A001936,C01592,B00301,Savings,2020-03-02,230815.14,Active
A001937,C01854,B01001,Current,2021-10-23,369240.27,Active
A001938,C00545,B00901,Savings,2020-07-21,56087.97,Active
A001939,C02628,B00301,Premium Savings,2024-04-23,231251.37,Active
A001940,C04359,B00601,Savings,2022-12-28,139777.37,Active
A001941,C03976,B01001,Salary,2022-12-02,185471.61,Active
A001942,C00380,B00401,Current,2021-01-28,355136.76,Active
A001943,C04057,B01001,Current,2020-03-09,93334.53,Active
A001944,C01990,B00101,Salary,2024-04-17,387425.39,Active
A001945,C04544,B00901,Savings,2020-10-20,419103.33,Active
A001946,C04444,B01001,Premium Savings,2024-06-15,259536.25,Active
A001947,C03886,B00201,Salary,2024-11-28,252841.64,Active
A001948,C02633,B00201,Current,2024-04-27,0.0,Active
A001949,C04611,B00101,Current,2023-07-03,246217.3,Active
A001950,C00510,B00101,Premium Savings,2024-05-23,100334.35,Active
A001951,C01340,B00901,Premium Savings,2020-09-13,84219.76,Active
A001952,C03248,B00401,Current,2022-03-18,296767.54,Active
A001953,C02514,B00601,Savings,2020-01-01,319816.06,Active
A001954,C02652,B00501,Salary,2022-08-12,255259.74,Active
A001955,C00624,B00401,Savings,2022-05-05,0.0,Active
A001956,C02944,B01001,Salary,2024-12-04,237937.92,Active
A001957,C02522,B00401,Current,2020-02-17,96973.13,Active
A001958,C04526,B00301,Savings,2021-10-19,200447.46,Active
A001959,C04922,B00401,Current,2023-08-30,106664.48,Active
A001960,C03008,B00601,Premium Savings,2022-06-29,179648.03,Active
A001961,C04073,B00601,Premium Savings,2022-02-15,178680.29,Active
A001962,C02065,B00501,Savings,2022-02-25,227113.23,Active
A001963,C00897,B00501,Salary,2024-07-04,206030.55,Active
A001964,C01877,B01001,Salary,2020-03-19,149099.77,Active
A001965,C02079,B00101,Savings,2023-06-11,256090.05,Active
A001966,C04354,B00401,Premium Savings,2023-03-22,56307.09,Active
A001967,C02854,B00101,Savings,2023-09-26,119535.47,Active
A001968,C04726,B00501,Savings,2020-08-17,290020.77,Active
A001969,C00642,B00401,Premium Savings,2023-09-30,270329.69,Active
A001970,C02700,B01001,Salary,2020-12-12,198063.23,Active
A001971,C00486,B00601,Salary,2024-12-01,193497.57,Active
A001972,C02793,B00901,Savings,2023-12-10,122060.79,Active
A001973,C01451,B00201,Premium Savings,2020-09-17,95089.59,Active
A001974,C04512,B00601,Salary,2022-04-11,45388.92,Active
A001975,C03471,B00501,Premium Savings,2021-09-03,332256.47,Active
A001976,C04634,B00901,Salary,2021-10-07,113284.96,Active
A001977,C02296,B00901,Savings,2023-12-06,104258.68,Active
A001978,C02629,B00101,Premium Savings,2023-04-18,115780.43,Active
A001979,C00475,B00801,Premium Savings,2022-10-18,110595.19,Active
A001980,C03590,B00901,Premium Savings,2021-05-25,100299.62,Active
A001981,C00484,B00201,Salary,2020-02-19,205585.3,Active
A001982,C03460,B00501,Salary,2023-10-11,5749.13,Active
A001983,C01308,B00201,Current,2024-08-10,196761.62,Active
A001984,C04561,B00101,Salary,2022-03-15,213756.12,Active
A001985,C00045,B00901,Current,2023-12-12,258923.61,Active
A001986,C04862,B00901,Savings,2022-11-20,91248.66,Active
A001987,C00033,B00501,Premium Savings,2023-07-11,121631.73,Active
A001988,C01513,B00501,Premium Savings,2023-01-24,243230.36,Active
A001989,C02354,B00701,Premium Savings,2022-05-11,107115.19,Active
A001990,C04332,B00301,Salary,2020-05-05,258099.52,Active
A001991,C04727,B00101,Premium Savings,2020-03-12,129349.85,Active
A001992,C02423,B00901,Salary,2023-12-09,296404.63,Active
A001993,C04656,B01001,Savings,2020-05-09,361220.33,Active
A001994,C04194,B00401,Savings,2022-03-02,191325.31,Active
A001995,C03711,B00701,Salary,2024-09-05,136508.45,Active
A001996,C03713,B00901,Premium Savings,2024-01-26,298553.94,Active
A001997,C04068,B00401,Premium Savings,2022-03-04,310475.16,Active
A001998,C01769,B00301,Savings,2021-06-25,126897.75,Active
A001999,C04675,B00201,Current,2020-06-08,413249.76,Active
A002000,C01139,B00401,Salary,2022-07-02,256132.91,Active
A002001,C00654,B00301,Current,2022-07-29,176033.97,Active
A002002,C01659,B00201,Salary,2023-01-07,241703.12,Active
A002003,C02317,B00401,Savings,2021-08-26,343877.13,Active
A002004,C02491,B01001,Savings,2020-10-06,0.0,Active
A002005,C03419,B00401,Salary,2021-11-08,296229.32,Active
A002006,C04537,B00401,Salary,2021-08-20,14416.71,Active
A002007,C00893,B00101,Current,2021-01-07,117049.01,Active
A002008,C04068,B00701,Savings,2020-08-15,124903.01,Active
A002009,C00060,B00601,Current,2023-05-29,287342.96,Active
A002010,C02720,B00101,Current,2022-10-22,214363.65,Active
A002011,C02120,B01001,Savings,2020-05-25,206579.95,Active
A002012,C02408,B00901,Savings,2024-03-05,301868.5,Active
A002013,C00093,B00201,Premium Savings,2021-10-12,118868.5,Active
A002014,C00507,B00601,Salary,2020-12-24,176812.0,Active
A002015,C01992,B00501,Current,2020-03-05,43153.41,Active
A002016,C00733,B01001,Savings,2022-02-02,273426.67,Active
A002017,C04107,B00101,Savings,2021-11-30,98221.02,Active
A002018,C03466,B00201,Salary,2021-07-25,112010.68,Active
A002019,C03160,B00701,Current,2023-11-10,329238.12,Active
A002020,C01428,B00901,Current,2021-11-15,230277.66,Active
A002021,C01478,B01001,Premium Savings,2020-06-09,160603.55,Active
A002022,C01286,B00501,Current,2020-09-15,237598.92,Active
A002023,C02138,B00401,Salary,2021-04-08,307504.76,Active
A002024,C02981,B00601,Premium Savings,2022-04-21,329430.81,Active
A002025,C01588,B00101,Savings,2020-10-04,160937.51,Active
A002026,C03322,B00301,Current,2023-11-11,124311.43,Active
A002027,C01402,B00901,Current,2024-07-18,310633.99,Active
A002028,C03483,B00801,Salary,2020-01-10,269056.26,Active
A002029,C02341,B00401,Salary,2021-10-20,30171.94,Active
A002030,C03438,B01001,Premium Savings,2023-06-09,216675.08,Active
A002031,C04730,B00501,Premium Savings,2022-03-01,275124.24,Active
A002032,C00041,B00701,Premium Savings,2020-04-03,292575.97,Active
A002033,C00609,B00201,Savings,2021-12-10,349887.38,Active
A002034,C01537,B00401,Savings,2020-11-17,215782.47,Active
A002035,C00232,B00601,Premium Savings,2022-04-16,309504.58,Active
A002036,C03398,B00501,Savings,2022-05-17,229907.69,Active
A002037,C02031,B00301,Salary,2022-10-29,150437.59,Active
A002038,C01124,B00601,Savings,2023-03-19,110135.58,Active
A002039,C02553,B00801,Current,2023-01-14,120314.35,Active
A002040,C02777,B00701,Savings,2023-02-21,90813.15,Active
A002041,C02419,B00501,Current,2023-12-20,431042.93,Active
A002042,C01575,B00801,Savings,2020-12-13,161112.46,Active
A002043,C03231,B01001,Current,2023-12-14,241503.97,Active
A002044,C01581,B00801,Salary,2024-01-12,303745.92,Active
A002045,C00334,B01001,Premium Savings,2022-05-31,0.0,Active
A002046,C03603,B01001,Current,2022-03-24,292387.16,Active
A002047,C03493,B00101,Salary,2022-03-21,132627.02,Active
A002048,C01131,B01001,Premium Savings,2022-12-09,309160.5,Active
A002049,C04773,B00801,Current,2022-02-20,77772.54,Active
A002050,C04437,B00201,Salary,2022-11-18,265932.65,Active
A002051,C00008,B00201,Salary,2021-01-06,300302.99,Active
A002052,C04052,B00201,Savings,2020-07-19,156614.99,Active
A002053,C00058,B00501,Current,2023-11-01,409039.06,Active
A002054,C00984,B00901,Premium Savings,2023-05-13,209088.76,Active
A002055,C01427,B00401,Current,2021-11-02,339102.44,Active
A002056,C01649,B00401,Savings,2021-02-20,212693.35,Active
A002057,C01022,B01001,Salary,2024-09-07,208928.07,Active
A002058,C01767,B00201,Current,2020-05-05,279649.01,Active
A002059,C03059,B00501,Savings,2021-11-14,257586.49,Active
A002060,C02107,B01001,Salary,2023-11-15,285063.81,Active
A002061,C00986,B00401,Current,2024-10-07,396037.95,Active
A002062,C03408,B00901,Savings,2022-03-10,165840.9,Active
A002063,C01954,B00401,Savings,2024-03-06,231755.96,Active
A002064,C03289,B01001,Savings,2021-08-11,27989.32,Active
A002065,C00927,B00201,Savings,2024-05-23,61237.56,Active
A002066,C04637,B00401,Savings,2023-02-17,373615.9,Active
A002067,C03427,B00601,Salary,2020-05-08,44200.43,Active
A002068,C04030,B00501,Current,2021-05-12,95345.52,Active
A002069,C03261,B00301,Salary,2021-03-16,38632.49,Active
A002070,C03637,B00601,Salary,2021-02-05,275608.01,Active
A002071,C01309,B01001,Premium Savings,2022-05-14,242211.84,Active
A002072,C01662,B00301,Current,2023-05-11,176132.29,Active
A002073,C00994,B00201,Premium Savings,2020-02-02,225025.22,Active
A002074,C03627,B00201,Current,2020-07-30,330376.27,Active
A002075,C02711,B00901,Savings,2022-04-10,300921.79,Active
A002076,C00166,B00401,Salary,2023-04-06,110055.34,Active
A002077,C03787,B00101,Salary,2020-11-18,166353.78,Active
A002078,C04623,B00401,Savings,2021-02-23,162175.69,Active
A002079,C03389,B01001,Savings,2022-07-13,158005.38,Active
A002080,C03644,B00101,Current,2021-12-16,133397.1,Active
A002081,C01177,B00101,Savings,2024-08-10,124335.37,Active
A002082,C04752,B00901,Premium Savings,2023-04-26,122020.06,Active
A002083,C00771,B00401,Salary,2021-01-18,157430.67,Active
A002084,C04631,B00601,Savings,2021-05-21,323407.14,Active
A002085,C02053,B00901,Premium Savings,2022-06-03,142844.29,Active
A002086,C01626,B00601,Salary,2023-03-27,207907.27,Active
A002087,C04804,B00501,Premium Savings,2022-05-13,363363.67,Active
A002088,C02739,B00301,Salary,2021-09-13,197384.28,Active
A002089,C02858,B00401,Salary,2023-06-18,114339.16,Active
A002090,C00953,B00301,Savings,2020-07-23,154611.7,Active
A002091,C02566,B00301,Salary,2020-03-15,104832.14,Active
A002092,C00702,B01001,Current,2024-04-26,266928.39,Active
A002093,C00518,B00901,Savings,2020-09-05,249035.06,Active
A002094,C00095,B00301,Premium Savings,2022-12-01,81435.42,Active
A002095,C04365,B00401,Current,2024-03-17,156308.91,Active
A002096,C03390,B00201,Salary,2022-08-18,292392.27,Active
A002097,C00244,B00501,Current,2022-03-28,188890.26,Active
A002098,C02128,B00201,Salary,2020-01-16,203018.85,Active
A002099,C00154,B01001,Premium Savings,2024-03-23,9966.16,Active
A002100,C01658,B00101,Premium Savings,2022-07-27,480102.35,Active
A002101,C01344,B01001,Current,2024-04-14,153662.64,Active
A002102,C00999,B00301,Savings,2023-04-03,206446.06,Active
A002103,C01606,B00401,Salary,2021-06-05,69224.14,Active
A002104,C04767,B00301,Current,2020-11-19,294417.29,Active
A002105,C04041,B00501,Salary,2020-12-04,398466.25,Active
A002106,C01746,B00501,Premium Savings,2023-07-28,148290.11,Active
A002107,C02275,B01001,Salary,2024-02-29,0.0,Active
A002108,C02293,B01001,Premium Savings,2022-10-29,284127.67,Active
A002109,C00916,B00601,Salary,2022-05-11,463663.02,Active
A002110,C01410,B00301,Salary,2020-06-12,227785.64,Active
A002111,C01716,B00701,Salary,2024-07-29,136503.2,Active
A002112,C04269,B00901,Premium Savings,2023-11-25,240018.28,Active
A002113,C04718,B01001,Savings,2021-01-31,175888.05,Active
A002114,C01426,B01001,Current,2023-02-24,307070.32,Active
A002115,C02743,B00501,Current,2024-01-21,61583.14,Active
A002116,C03006,B00201,Salary,2024-03-25,162644.23,Active
A002117,C02723,B01001,Salary,2023-06-12,294446.02,Active
A002118,C02156,B01001,Salary,2020-11-11,235289.74,Active
A002119,C01092,B00301,Salary,2023-09-10,216007.11,Active
A002120,C04745,B00501,Current,2024-08-15,126947.04,Active
A002121,C02656,B01001,Premium Savings,2024-01-01,241083.73,Active
A002122,C00051,B00401,Savings,2024-04-28,32423.76,Active
A002123,C03666,B00201,Savings,2020-12-06,349477.63,Active
A002124,C04700,B00401,Savings,2021-09-26,280789.14,Active
A002125,C00507,B00201,Salary,2024-05-18,131051.57,Active
A002126,C04880,B00401,Current,2023-08-23,99574.15,Active
A002127,C02915,B00101,Salary,2022-08-05,63794.91,Active
A002128,C00953,B00601,Premium Savings,2020-12-29,25868.63,Active
A002129,C02009,B00801,Premium Savings,2024-08-09,120752.8,Active
A002130,C04346,B00201,Savings,2024-10-17,198651.4,Active
A002131,C04590,B00201,Premium Savings,2022-08-04,333768.48,Active
A002132,C01383,B00201,Savings,2021-12-29,52938.15,Active
A002133,C03346,B00301,Salary,2021-12-17,116119.07,Active
A002134,C04078,B00801,Premium Savings,2020-03-25,350939.25,Active
A002135,C02752,B00601,Savings,2021-02-24,181912.6,Active
A002136,C00384,B00501,Current,2020-06-29,115830.44,Active
A002137,C02239,B00601,Savings,2024-07-22,342993.04,Active
A002138,C00054,B00801,Current,2023-11-04,245665.83,Active
A002139,C03648,B00701,Current,2021-10-26,0.0,Active
A002140,C02049,B00301,Current,2021-03-13,272326.27,Active
A002141,C04810,B01001,Salary,2020-12-13,408180.48,Active
A002142,C04008,B00701,Salary,2023-01-03,256754.87,Active
A002143,C04440,B00601,Premium Savings,2024-10-15,269575.54,Active
A002144,C01360,B01001,Savings,2020-09-22,427195.36,Active
A002145,C00109,B00201,Current,2023-11-19,168428.67,Active
A002146,C01743,B00101,Current,2024-03-24,227030.11,Active
A002147,C00808,B00701,Current,2022-12-09,171182.91,Active
A002148,C01064,B00601,Current,2021-07-29,102695.35,Active
A002149,C00074,B00101,Savings,2021-06-23,105467.29,Active
A002150,C01584,B00101,Current,2023-12-28,84693.16,Active
A002151,C00083,B00801,Savings,2023-11-06,214451.48,Active
A002152,C01310,B00101,Savings,2020-10-24,27003.55,Active
A002153,C01463,B00201,Salary,2024-05-15,257339.96,Active
A002154,C02592,B00601,Savings,2020-09-01,256507.37,Active
A002155,C03180,B00901,Salary,2020-07-21,99065.34,Active
A002156,C04105,B00101,Salary,2024-02-14,215897.68,Active
A002157,C01734,B00601,Salary,2021-01-19,98892.21,Active
A002158,C01601,B01001,Salary,2022-03-23,58680.83,Active
A002159,C02485,B00901,Savings,2023-07-07,325892.4,Active
A002160,C00809,B00901,Savings,2021-01-11,370115.53,Active
A002161,C03420,B00901,Salary,2024-11-03,355230.97,Active
A002162,C03719,B00301,Salary,2022-10-04,236287.96,Active
A002163,C03245,B00701,Premium Savings,2021-11-15,273902.77,Active
A002164,C01551,B00201,Salary,2024-08-01,309203.1,Active
A002165,C00723,B00401,Savings,2023-06-19,433652.09,Active
A002166,C01032,B00101,Savings,2024-01-08,88651.76,Active
A002167,C02857,B00101,Salary,2022-10-21,10659.68,Active
A002168,C01795,B00201,Savings,2020-03-24,275586.74,Active
A002169,C04930,B00101,Salary,2021-03-12,266694.16,Active
A002170,C00999,B00301,Salary,2022-07-27,254540.98,Active
A002171,C00321,B00101,Salary,2024-09-18,93428.29,Active
A002172,C03791,B00401,Salary,2023-07-06,206264.96,Active
A002173,C02348,B00301,Salary,2020-11-03,108493.8,Active
A002174,C01015,B00601,Premium Savings,2023-07-10,138269.0,Active
A002175,C03286,B00101,Salary,2021-07-17,249729.73,Active
A002176,C01802,B00201,Current,2023-04-03,254332.17,Active
A002177,C03378,B00501,Salary,2021-02-19,251098.37,Active
A002178,C02315,B00301,Current,2021-07-03,382389.25,Active
A002179,C02889,B01001,Current,2024-08-30,77460.03,Active
A002180,C02688,B01001,Savings,2021-12-27,35972.99,Active
A002181,C02183,B00101,Salary,2024-10-14,129990.98,Active
A002182,C00638,B00101,Salary,2021-02-22,110874.55,Active
A002183,C01392,B00301,Premium Savings,2020-07-06,168597.57,Active
A002184,C01851,B00901,Current,2024-03-12,379093.46,Active
A002185,C04735,B00601,Salary,2020-08-07,273304.16,Active
A002186,C03473,B00301,Salary,2024-09-12,179095.53,Active
A002187,C00186,B00201,Current,2023-09-20,74133.74,Active
A002188,C00403,B00101,Premium Savings,2020-02-01,20657.87,Active
A002189,C01765,B00401,Premium Savings,2023-12-09,350013.5,Active
A002190,C04687,B00301,Premium Savings,2020-12-05,0.0,Active
A002191,C04575,B00301,Current,2020-07-08,283435.67,Active
A002192,C03094,B01001,Salary,2022-06-01,111194.76,Active
A002193,C02977,B01001,Savings,2024-03-10,333846.26,Active
A002194,C02286,B00801,Salary,2021-07-24,237491.21,Active
A002195,C03684,B00401,Savings,2022-10-29,113043.54,Active
A002196,C00486,B00201,Current,2024-11-08,505535.08,Active
A002197,C00495,B00901,Premium Savings,2022-06-27,270430.4,Active
A002198,C01969,B00101,Premium Savings,2023-09-17,292022.41,Active
A002199,C01678,B00901,Current,2023-07-27,116574.55,Active
A002200,C04676,B00501,Premium Savings,2021-03-07,176626.17,Active
A002201,C00961,B00601,Salary,2021-11-17,223826.78,Active
A002202,C02148,B01001,Current,2020-08-22,52323.36,Active
A002203,C01601,B00601,Current,2023-08-29,199264.97,Active
A002204,C02071,B00501,Salary,2022-05-10,208730.68,Active
A002205,C00372,B00201,Salary,2023-11-28,96278.84,Active
A002206,C01243,B00601,Current,2021-09-24,298346.32,Active
A002207,C03745,B00701,Current,2024-03-06,103252.45,Active
A002208,C02770,B00601,Current,2024-04-19,143947.12,Active
A002209,C00558,B01001,Current,2024-03-14,432075.66,Active
A002210,C00467,B00201,Premium Savings,2023-08-10,132722.64,Active
A002211,C03365,B00501,Salary,2023-10-17,16578.72,Active
A002212,C02829,B00601,Salary,2022-12-18,76744.37,Active
A002213,C02275,B00401,Premium Savings,2024-03-27,430337.42,Active
A002214,C04019,B00901,Savings,2020-09-13,77247.4,Active
A002215,C02264,B00301,Current,2024-02-22,196308.83,Active
A002216,C00186,B00401,Salary,2022-04-29,346898.47,Active
A002217,C00713,B01001,Current,2022-09-23,251235.67,Active
A002218,C00017,B00501,Current,2022-07-11,204065.23,Active
A002219,C03295,B00401,Current,2024-05-01,322556.19,Active
A002220,C00511,B00701,Savings,2021-08-13,282396.16,Active
A002221,C00354,B00301,Current,2023-04-05,140318.37,Active
A002222,C01065,B00101,Premium Savings,2023-01-13,425713.2,Active
A002223,C01584,B00901,Savings,2024-08-12,270468.38,Active
A002224,C02181,B00901,Current,2021-10-23,191676.68,Active
A002225,C01656,B00701,Premium Savings,2021-05-17,0.0,Active
A002226,C01931,B00101,Current,2021-06-05,165678.6,Active
A002227,C04105,B00501,Salary,2023-10-25,117315.06,Active
A002228,C00382,B01001,Current,2022-04-30,285006.19,Active
A002229,C00265,B00101,Salary,2024-09-03,109478.86,Active
A002230,C00926,B00101,Salary,2023-11-25,171974.3,Active
A002231,C02137,B00901,Salary,2024-01-04,314927.46,Active
A002232,C03341,B00901,Savings,2021-07-20,330864.78,Active
A002233,C03515,B00701,Premium Savings,2024-07-16,249231.81,Active
A002234,C04271,B00101,Savings,2023-03-26,143772.23,Active
A002235,C04534,B01001,Salary,2024-10-08,252159.39,Active
A002236,C00013,B00401,Savings,2021-02-19,64604.35,Active
A002237,C02871,B00601,Premium Savings,2022-10-24,77258.81,Active
A002238,C02750,B00601,Current,2021-03-22,225565.15,Active
A002239,C02874,B00501,Savings,2021-02-11,273130.15,Active
A002240,C03124,B00501,Premium Savings,2023-12-16,415039.61,Active
A002241,C01047,B00201,Salary,2020-01-15,176361.47,Active
A002242,C00339,B00101,Current,2023-04-27,172002.67,Active
A002243,C03981,B00201,Savings,2022-01-06,343982.02,Active
A002244,C01323,B00301,Current,2021-09-27,145046.2,Active
A002245,C00941,B00901,Current,2024-11-06,111170.9,Active
A002246,C00466,B00301,Premium Savings,2021-07-24,261618.98,Active
A002247,C01320,B01001,Current,2021-09-02,227647.9,Active
A002248,C00079,B01001,Salary,2024-08-20,41038.98,Active
A002249,C03644,B00101,Premium Savings,2024-02-15,182425.07,Active
A002250,C01454,B00301,Savings,2020-11-29,75264.51,Active
A002251,C04147,B00901,Current,2024-09-10,80559.42,Active
A002252,C03505,B00801,Savings,2021-11-16,110792.68,Active
A002253,C01748,B00201,Savings,2022-09-26,95482.66,Active
A002254,C04751,B00301,Salary,2020-11-15,220988.11,Active
A002255,C03680,B00101,Salary,2021-10-10,208469.12,Active
A002256,C01714,B00801,Current,2024-06-02,233789.38,Active
A002257,C01043,B00301,Premium Savings,2021-05-07,190080.46,Active
A002258,C00023,B00101,Premium Savings,2020-03-30,261417.94,Active
A002259,C03273,B00401,Savings,2023-11-10,78799.69,Active
A002260,C00148,B00601,Current,2023-10-18,391776.92,Active
A002261,C02567,B00901,Salary,2020-04-04,240708.01,Active
A002262,C04130,B00201,Current,2021-06-03,233856.79,Active
A002263,C04677,B00601,Current,2022-04-29,274048.21,Active
A002264,C01418,B00201,Savings,2024-05-26,149983.58,Active
A002265,C04908,B00301,Current,2020-06-27,284170.9,Active
A002266,C00036,B00601,Salary,2024-07-21,65053.79,Active
A002267,C03953,B00101,Current,2024-06-18,149225.04,Active
A002268,C04024,B00201,Savings,2021-05-31,338559.51,Active
A002269,C02329,B01001,Premium Savings,2020-08-15,250840.55,Active
A002270,C00358,B00201,Salary,2022-07-21,89056.09,Active
A002271,C01277,B00501,Savings,2022-09-05,372166.87,Active
A002272,C02392,B00401,Savings,2020-03-06,155503.57,Active
A002273,C00669,B00201,Savings,2021-04-14,0.0,Active
A002274,C04191,B00501,Savings,2023-09-26,86465.46,Active
A002275,C00111,B00201,Savings,2022-06-29,0.0,Active
A002276,C00481,B00301,Savings,2022-04-20,450040.0,Active
A002277,C04932,B00101,Premium Savings,2021-07-18,284353.91,Active
A002278,C04602,B00801,Savings,2024-07-26,245851.98,Active
A002279,C04497,B00501,Current,2024-01-25,131135.09,Active
A002280,C00237,B00401,Premium Savings,2024-07-28,252053.96,Active
A002281,C04246,B00201,Premium Savings,2020-08-12,254454.69,Active
A002282,C03302,B00501,Savings,2023-08-11,321120.45,Active
A002283,C01979,B00301,Premium Savings,2024-03-29,66240.18,Active
A002284,C04081,B00801,Salary,2021-11-05,167074.05,Active
A002285,C01152,B00801,Salary,2020-10-26,29623.23,Active
A002286,C04769,B00901,Current,2021-01-07,356739.67,Active
A002287,C04541,B00401,Savings,2021-12-27,137274.76,Active
A002288,C02189,B00601,Current,2024-06-01,76472.87,Active
A002289,C02666,B00401,Premium Savings,2023-11-01,299557.0,Active
A002290,C04854,B00601,Savings,2024-10-26,256636.11,Active
A002291,C02056,B00701,Premium Savings,2023-04-04,82694.11,Active
A002292,C00143,B00401,Savings,2022-04-09,235697.05,Active
A002293,C01539,B00401,Premium Savings,2021-02-07,0.0,Active
A002294,C02152,B00301,Salary,2022-08-09,275201.74,Active
A002295,C03105,B00201,Salary,2021-07-22,229996.64,Active
A002296,C02736,B00801,Salary,2024-04-11,140177.58,Active
A002297,C01689,B00201,Salary,2023-10-19,3502.35,Active
A002298,C00190,B01001,Savings,2020-10-04,77587.79,Active
A002299,C01400,B00901,Savings,2023-02-06,263450.65,Active
A002300,C02810,B00301,Savings,2024-11-16,0.0,Active
A002301,C04709,B00501,Current,2024-07-02,341924.48,Active
A002302,C01965,B01001,Premium Savings,2021-06-01,87001.69,Active
A002303,C04473,B00301,Salary,2021-09-03,265388.66,Active
A002304,C02175,B00401,Salary,2022-01-25,341041.72,Active
A002305,C01933,B00601,Premium Savings,2024-09-17,212670.64,Active
A002306,C01616,B01001,Current,2020-12-28,111155.62,Active
A002307,C00799,B00201,Premium Savings,2020-03-05,258203.14,Active
A002308,C03708,B00801,Current,2022-11-19,218696.24,Active
A002309,C04210,B00401,Premium Savings,2024-07-07,258798.92,Active
A002310,C01177,B00401,Current,2023-07-26,247368.72,Active
A002311,C02166,B00201,Salary,2022-06-07,219549.49,Active
A002312,C04306,B00901,Premium Savings,2023-11-06,0.0,Active
A002313,C01705,B00801,Premium Savings,2021-12-10,306035.22,Active
A002314,C04686,B00701,Current,2022-03-28,377515.97,Active
A002315,C00086,B01001,Current,2023-07-03,179924.6,Active
A002316,C04186,B00501,Salary,2022-02-21,141635.66,Active
A002317,C00616,B00801,Savings,2024-10-12,89537.13,Active
A002318,C03457,B00801,Salary,2021-03-13,372707.89,Active
A002319,C03174,B00301,Premium Savings,2022-02-16,357945.46,Active
A002320,C02608,B00101,Salary,2023-07-28,192843.61,Active
A002321,C02815,B00101,Salary,2020-09-19,295395.75,Active
A002322,C00423,B01001,Current,2024-02-09,206762.55,Active
A002323,C00208,B00601,Salary,2024-10-25,78902.58,Active
A002324,C01857,B00601,Premium Savings,2021-08-02,190034.51,Active
A002325,C03450,B00101,Savings,2021-06-17,203265.51,Active
A002326,C00133,B00701,Salary,2020-10-02,147128.76,Active
A002327,C01892,B00301,Premium Savings,2021-11-10,224621.65,Active
A002328,C00558,B00401,Salary,2023-11-08,123758.81,Active
A002329,C02426,B00301,Premium Savings,2020-07-30,163878.58,Active
A002330,C02359,B00201,Premium Savings,2021-09-08,166333.8,Active
A002331,C02329,B00201,Current,2023-10-09,214773.99,Active
A002332,C00963,B00201,Savings,2022-02-09,149902.74,Active
A002333,C04616,B00601,Current,2021-12-05,148184.9,Active
A002334,C02427,B00101,Current,2022-06-26,89505.1,Active
A002335,C01443,B00401,Premium Savings,2020-05-14,322157.84,Active
A002336,C02382,B00401,Salary,2024-03-18,367145.5,Active
A002337,C02408,B00501,Savings,2022-07-28,206287.91,Active
A002338,C00658,B00801,Premium Savings,2020-08-20,160510.12,Active
A002339,C04253,B00601,Salary,2020-08-26,0.0,Active
A002340,C01861,B01001,Premium Savings,2022-11-17,365020.51,Active
A002341,C04483,B00201,Premium Savings,2020-04-11,273098.45,Active
A002342,C02798,B00301,Current,2021-04-30,80854.3,Active
A002343,C03728,B00401,Current,2023-05-23,272693.56,Active
A002344,C03168,B00601,Premium Savings,2022-07-24,254139.29,Active
A002345,C01736,B01001,Premium Savings,2023-11-14,215554.06,Active
A002346,C00493,B00101,Savings,2020-03-08,236828.06,Active
A002347,C00978,B00901,Current,2021-08-03,280118.09,Active
A002348,C00340,B00201,Salary,2023-08-21,421159.58,Active
A002349,C04316,B00501,Salary,2021-10-03,343828.45,Active
A002350,C00854,B00501,Savings,2021-08-20,274987.04,Active
A002351,C00813,B00801,Salary,2024-10-01,50588.25,Active
A002352,C00399,B00201,Salary,2022-02-08,35170.26,Active
A002353,C02675,B00501,Current,2023-04-23,36614.18,Active
A002354,C01131,B00801,Premium Savings,2022-05-23,58988.72,Active
A002355,C00528,B00801,Salary,2022-09-12,214955.34,Active
A002356,C00072,B00901,Premium Savings,2023-07-20,259145.66,Active
A002357,C00645,B00401,Salary,2022-10-25,100655.72,Active
A002358,C04394,B00601,Salary,2020-01-02,99456.78,Active
A002359,C03743,B00701,Savings,2021-03-18,242288.19,Active
A002360,C04279,B00301,Premium Savings,2023-05-17,427889.23,Active
A002361,C00735,B00901,Salary,2021-05-26,276045.3,Active
A002362,C00949,B01001,Salary,2021-08-17,85307.33,Active
A002363,C04042,B00501,Salary,2020-06-14,33976.96,Active
A002364,C02557,B01001,Savings,2022-10-14,175027.85,Active
A002365,C04919,B00901,Premium Savings,2021-09-27,98621.52,Active
A002366,C00677,B00501,Salary,2022-05-05,324788.37,Active
A002367,C04539,B00301,Salary,2020-05-02,343846.5,Active
A002368,C00115,B00101,Premium Savings,2021-01-04,75689.48,Active
A002369,C03949,B00401,Savings,2023-10-14,386535.26,Active
A002370,C03836,B00501,Savings,2022-09-16,144087.1,Active
A002371,C02818,B00401,Current,2021-06-01,285317.27,Active
A002372,C01801,B00101,Savings,2021-06-18,179498.52,Active
A002373,C03087,B00901,Salary,2024-02-10,151913.74,Active
A002374,C01314,B00501,Salary,2022-09-18,136944.32,Active
A002375,C00536,B00901,Savings,2024-08-09,174623.06,Active
A002376,C03040,B00201,Salary,2023-01-13,66665.22,Active
A002377,C02916,B00501,Savings,2023-02-05,291357.36,Active
A002378,C00855,B00901,Current,2024-08-26,290641.08,Active
A002379,C02897,B00501,Salary,2024-08-29,61009.25,Active
A002380,C00448,B00901,Current,2024-11-03,295408.13,Active
A002381,C03430,B00301,Salary,2024-02-03,372185.67,Active
A002382,C01975,B00601,Savings,2023-05-27,227915.45,Active
A002383,C02293,B00601,Premium Savings,2020-12-08,128507.44,Active
A002384,C02107,B00101,Current,2020-02-18,177103.61,Active
A002385,C00603,B00501,Current,2020-09-02,280351.96,Active
A002386,C04029,B00601,Savings,2022-05-04,64397.24,Active
A002387,C01449,B00301,Current,2020-09-03,226840.45,Active
A002388,C02149,B00501,Premium Savings,2021-08-26,271543.13,Active
A002389,C00389,B00401,Current,2020-09-28,163633.72,Active
A002390,C03044,B00301,Current,2020-10-05,115720.5,Active
A002391,C01701,B00601,Premium Savings,2023-03-11,99448.64,Active
A002392,C04193,B00501,Premium Savings,2021-11-19,42040.08,Active
A002393,C03913,B00401,Salary,2022-01-09,361028.56,Active
A002394,C00452,B00301,Savings,2021-12-15,365786.29,Active
A002395,C01495,B00201,Premium Savings,2021-04-26,188841.64,Active
A002396,C00037,B00601,Savings,2020-04-13,61974.44,Active
A002397,C03382,B00801,Current,2020-02-06,276791.83,Active
A002398,C04692,B00201,Premium Savings,2021-09-06,308392.46,Active
A002399,C03815,B00901,Savings,2023-04-06,79319.65,Active
A002400,C00229,B00301,Salary,2020-08-22,424482.1,Active
A002401,C04047,B00501,Premium Savings,2020-08-18,396539.79,Active
A002402,C00501,B00301,Savings,2021-06-05,225541.51,Active
A002403,C03267,B00801,Savings,2024-08-10,442580.54,Active
A002404,C04755,B00401,Savings,2023-10-31,136492.62,Active
A002405,C03042,B00101,Premium Savings,2020-10-16,114843.52,Active
A002406,C00154,B00601,Savings,2022-08-31,252388.97,Active
A002407,C04684,B00601,Salary,2024-03-08,154926.67,Active
A002408,C00942,B00501,Premium Savings,2021-05-21,235253.27,Active
A002409,C02521,B00401,Premium Savings,2021-10-24,204393.49,Active
A002410,C04313,B00601,Savings,2023-09-18,365800.81,Active
A002411,C00535,B00501,Savings,2022-07-28,275804.83,Active
A002412,C00874,B00301,Premium Savings,2022-04-30,285090.75,Active
A002413,C00276,B00401,Salary,2022-07-08,125749.44,Active
A002414,C00717,B00701,Current,2020-03-01,43561.23,Active
A002415,C04008,B00301,Current,2023-10-05,250833.08,Active
A002416,C00976,B01001,Premium Savings,2020-03-09,195307.09,Active
A002417,C04867,B00901,Savings,2022-09-02,229029.08,Active
A002418,C00988,B00101,Current,2024-01-05,266424.8,Active
A002419,C00583,B00601,Premium Savings,2023-12-22,280782.92,Active
A002420,C00138,B00801,Savings,2022-08-24,339864.73,Active
A002421,C01148,B00101,Current,2022-06-17,46059.99,Active
A002422,C00844,B01001,Premium Savings,2024-06-22,194650.46,Active
A002423,C02168,B00101,Current,2022-03-25,376063.81,Active
A002424,C01233,B00401,Savings,2022-08-02,43158.58,Active
A002425,C02380,B00101,Salary,2022-04-18,162271.36,Active
A002426,C03290,B00701,Premium Savings,2020-09-28,138363.98,Active
A002427,C01429,B01001,Premium Savings,2021-03-25,85601.89,Active
A002428,C02634,B00401,Savings,2021-03-05,98165.71,Active
A002429,C03250,B00101,Current,2021-10-17,101145.99,Active
A002430,C04673,B00301,Salary,2021-08-08,280055.29,Active
A002431,C01394,B00901,Salary,2024-02-20,246448.36,Active
A002432,C02826,B00901,Salary,2024-06-03,380470.48,Active
A002433,C02041,B01001,Premium Savings,2020-01-24,221576.01,Active
A002434,C03000,B00501,Savings,2023-07-29,161427.9,Active
A002435,C00457,B00401,Salary,2021-12-20,259624.05,Active
A002436,C04303,B00801,Premium Savings,2020-03-21,114467.95,Active
A002437,C02342,B00401,Current,2022-09-29,164521.9,Active
A002438,C01358,B00101,Current,2021-05-25,179519.03,Active
A002439,C02916,B00601,Current,2020-01-13,189430.82,Active
A002440,C03229,B00201,Salary,2023-02-18,286028.44,Active
A002441,C04254,B01001,Current,2020-06-23,233451.61,Active
A002442,C00262,B00501,Savings,2021-08-22,347034.11,Active
A002443,C03803,B00401,Salary,2022-07-22,351410.42,Active
A002444,C01171,B00301,Current,2021-07-31,268987.39,Active
A002445,C04442,B01001,Current,2021-10-23,189059.16,Active
A002446,C01624,B00401,Savings,2020-10-25,100728.79,Active
A002447,C02402,B00601,Savings,2021-08-31,341167.81,Active
A002448,C04057,B00601,Current,2021-02-01,210277.76,Active
A002449,C04538,B00201,Salary,2024-11-02,215710.77,Active
A002450,C04373,B00201,Current,2021-09-28,114947.11,Active
A002451,C03609,B00701,Savings,2023-05-27,162235.98,Active
A002452,C02379,B00601,Current,2022-04-27,298432.65,Active
A002453,C01015,B00201,Current,2023-11-02,183272.9,Active
A002454,C00282,B01001,Savings,2024-04-11,237235.55,Active
A002455,C04735,B00301,Salary,2024-09-05,234798.12,Active
A002456,C00387,B00401,Premium Savings,2023-07-26,330633.72,Active
A002457,C00167,B00501,Current,2020-12-30,153535.75,Active
A002458,C02440,B01001,Current,2021-07-14,97862.18,Active
A002459,C04552,B00601,Premium Savings,2021-10-10,191306.39,Active
A002460,C04763,B00301,Current,2024-05-08,108222.88,Active
A002461,C02712,B00501,Current,2023-11-18,245712.1,Active
A002462,C03178,B00601,Savings,2021-11-14,75439.96,Active
A002463,C02574,B00101,Savings,2023-04-30,257418.18,Active
A002464,C02810,B00301,Savings,2024-10-12,153136.58,Active
A002465,C01993,B00101,Savings,2022-08-21,254843.04,Active
A002466,C00904,B00701,Salary,2022-01-05,256109.69,Active
A002467,C00849,B01001,Current,2021-04-22,72872.7,Active
A002468,C00898,B01001,Salary,2021-02-20,0.0,Active
A002469,C02118,B01001,Current,2020-03-28,376912.54,Active
A002470,C02232,B00401,Savings,2022-10-15,104087.43,Active
A002471,C00772,B01001,Savings,2024-06-30,105811.36,Active
A002472,C03391,B00701,Salary,2020-11-19,207733.25,Active
A002473,C04177,B00301,Premium Savings,2020-04-07,174054.52,Active
A002474,C03108,B00101,Salary,2020-01-30,92661.84,Active
A002475,C00372,B00401,Savings,2021-05-04,202098.1,Active
A002476,C02829,B00101,Premium Savings,2021-10-09,222694.7,Active
A002477,C03273,B01001,Current,2022-05-29,359968.95,Active
A002478,C00758,B00401,Premium Savings,2023-12-28,148446.06,Active
A002479,C03062,B01001,Savings,2021-08-10,207889.22,Active
A002480,C00806,B00801,Premium Savings,2021-04-26,206484.39,Active
A002481,C03667,B01001,Savings,2022-03-16,328567.03,Active
A002482,C01929,B00201,Salary,2022-12-01,186719.44,Active
A002483,C01224,B00301,Salary,2023-06-18,99022.24,Active
A002484,C04882,B00201,Savings,2023-07-01,239861.56,Active
A002485,C02891,B00701,Savings,2021-05-17,12579.28,Active
A002486,C02461,B00301,Premium Savings,2021-03-11,199048.51,Active
A002487,C03996,B00601,Salary,2021-10-14,113886.84,Active
A002488,C01634,B00901,Current,2020-11-10,227287.3,Active
A002489,C02061,B00901,Salary,2024-11-14,178450.26,Active
A002490,C01590,B00401,Premium Savings,2023-02-25,139897.73,Active
A002491,C02397,B00801,Salary,2021-09-06,105327.23,Active
A002492,C04173,B00801,Current,2023-11-20,143369.26,Active
A002493,C01920,B00101,Premium Savings,2024-07-05,197411.58,Active
A002494,C03648,B00901,Salary,2022-04-10,218645.94,Active
A002495,C00536,B00601,Premium Savings,2022-04-03,279843.04,Active
A002496,C02553,B00301,Savings,2021-05-21,102046.52,Active
A002497,C03589,B00201,Current,2022-03-07,306047.95,Active
A002498,C00752,B00401,Premium Savings,2024-08-17,465616.85,Active
A002499,C04849,B01001,Salary,2020-03-24,248184.01,Active
A002500,C03299,B00901,Current,2022-12-13,259047.45,Active
A002501,C03649,B00501,Savings,2022-08-07,125885.51,Active
A002502,C02428,B00501,Premium Savings,2020-02-20,1923.95,Active
A002503,C02991,B00401,Current,2021-02-25,0.0,Active
A002504,C04486,B00701,Salary,2020-08-07,162812.72,Active
A002505,C01901,B00201,Premium Savings,2020-01-06,331115.12,Active
A002506,C01085,B00201,Current,2020-11-09,262678.99,Active
A002507,C04254,B00101,Premium Savings,2021-01-19,225693.45,Active
A002508,C04584,B00901,Premium Savings,2021-11-01,164097.3,Active
A002509,C02305,B00101,Current,2024-04-29,230079.74,Active
A002510,C01252,B00401,Salary,2022-07-16,60332.06,Active
A002511,C01411,B00901,Premium Savings,2023-05-12,98087.0,Active
A002512,C01745,B00101,Current,2023-09-12,114256.4,Active
A002513,C00111,B00701,Premium Savings,2022-08-15,249484.4,Active
A002514,C03404,B00701,Savings,2023-09-02,141398.44,Active
A002515,C00177,B00201,Current,2020-02-09,159261.84,Active
A002516,C04346,B00801,Current,2024-04-07,151633.93,Active
A002517,C00238,B00701,Salary,2022-11-02,76119.73,Active
A002518,C01784,B00501,Premium Savings,2024-11-24,272640.28,Active
A002519,C00440,B00701,Premium Savings,2024-11-03,301695.83,Active
A002520,C01863,B00601,Salary,2024-07-23,150946.67,Active
A002521,C04599,B00801,Savings,2023-03-10,122371.45,Active
A002522,C03451,B01001,Premium Savings,2023-03-16,0.0,Active
A002523,C01295,B00201,Savings,2024-01-18,266508.55,Active
A002524,C03474,B00701,Salary,2024-09-23,273410.09,Active
A002525,C01676,B00401,Premium Savings,2021-01-26,247945.96,Active
A002526,C01245,B00301,Premium Savings,2024-10-18,302863.59,Active
A002527,C03326,B00401,Current,2020-01-31,260013.46,Active
A002528,C01299,B00901,Current,2022-04-21,162884.25,Active
A002529,C00310,B00401,Savings,2021-10-22,136024.07,Active
A002530,C02376,B00901,Current,2024-06-05,212651.61,Active
A002531,C02024,B00101,Current,2024-06-22,113866.4,Active
A002532,C00084,B01001,Salary,2021-08-12,330064.02,Active
A002533,C02628,B00301,Premium Savings,2023-04-09,216491.34,Active
A002534,C04396,B00501,Current,2023-09-04,278702.66,Active
A002535,C04050,B01001,Premium Savings,2024-05-06,131506.88,Active
A002536,C01433,B00401,Premium Savings,2023-09-19,35747.55,Active
A002537,C02300,B00301,Salary,2023-01-31,51549.37,Active
A002538,C01529,B00901,Current,2023-03-12,280262.47,Active
A002539,C01349,B01001,Savings,2021-06-01,243803.68,Active
A002540,C03315,B00101,Savings,2024-01-31,160278.65,Active
A002541,C01309,B00501,Salary,2024-12-03,115903.94,Active
A002542,C04865,B00101,Premium Savings,2021-06-28,424097.4,Active
A002543,C03759,B01001,Savings,2020-10-12,111432.92,Active
A002544,C02587,B00301,Savings,2021-01-23,242313.1,Active
A002545,C01856,B00201,Premium Savings,2024-11-08,62332.45,Active
A002546,C00239,B01001,Current,2022-02-23,407892.52,Active
A002547,C04572,B00301,Savings,2020-10-07,232890.93,Active
A002548,C00459,B01001,Salary,2023-10-16,103391.46,Active
A002549,C04958,B00401,Current,2024-08-09,0.0,Active
A002550,C01142,B00301,Current,2022-12-14,294913.89,Active
A002551,C02900,B01001,Savings,2021-07-18,153885.24,Active
A002552,C00540,B00101,Premium Savings,2022-03-02,284580.15,Active
A002553,C01313,B00101,Savings,2023-04-27,176259.98,Active
A002554,C04584,B00601,Savings,2022-07-02,241354.25,Active
A002555,C04566,B00901,Savings,2022-09-13,380081.27,Active
A002556,C00581,B01001,Salary,2023-07-05,351279.6,Active
A002557,C04675,B00201,Current,2023-12-10,154914.41,Active
A002558,C00505,B00401,Savings,2024-05-23,103646.62,Active
A002559,C00524,B00601,Premium Savings,2023-05-17,125559.44,Active
A002560,C02729,B00201,Premium Savings,2020-11-24,88151.63,Active
A002561,C00049,B00201,Premium Savings,2022-02-06,100206.5,Active
A002562,C01158,B00501,Salary,2023-04-30,172508.2,Active
A002563,C01734,B00901,Savings,2021-08-17,176996.35,Active
A002564,C03906,B00201,Salary,2020-04-15,118507.16,Active
A002565,C04863,B00401,Premium Savings,2020-02-03,317173.71,Active
A002566,C04945,B00101,Current,2021-07-31,276006.95,Active
A002567,C01486,B00101,Salary,2021-12-07,312683.15,Active
A002568,C03661,B00501,Savings,2022-05-19,414283.39,Active
A002569,C02654,B00201,Salary,2023-02-06,68949.61,Active
A002570,C00528,B00801,Current,2022-10-10,65560.76,Active
A002571,C00380,B00601,Savings,2021-05-08,0.0,Active
A002572,C02708,B00901,Premium Savings,2024-04-09,298166.13,Active
A002573,C02588,B00401,Current,2021-01-24,230554.95,Active
A002574,C01241,B00801,Savings,2021-06-16,334147.95,Active
A002575,C01743,B00801,Savings,2021-04-10,231370.58,Active
A002576,C00009,B00501,Salary,2020-12-30,174467.85,Active
A002577,C03752,B00601,Salary,2021-12-30,276535.78,Active
A002578,C03119,B00401,Current,2024-06-03,186788.13,Active
A002579,C02093,B00801,Current,2024-07-07,120283.99,Active
A002580,C02754,B01001,Premium Savings,2020-06-22,230979.28,Active
A002581,C00308,B01001,Premium Savings,2021-09-04,253426.38,Active
A002582,C00515,B01001,Salary,2024-02-13,0.0,Active
A002583,C02118,B00901,Premium Savings,2024-06-25,224533.96,Active
A002584,C00136,B00901,Salary,2022-03-01,68396.05,Active
A002585,C02210,B00301,Current,2024-04-15,351781.32,Active
A002586,C04554,B00701,Premium Savings,2020-12-09,201792.93,Active
A002587,C03129,B00801,Salary,2022-10-02,200121.02,Active
A002588,C04407,B00701,Salary,2022-12-18,127678.59,Active
A002589,C01394,B00501,Savings,2020-12-12,149603.26,Active
A002590,C04515,B00401,Current,2021-04-21,66676.46,Active
A002591,C01028,B00201,Savings,2021-07-18,227168.53,Active
A002592,C02753,B00701,Savings,2020-01-23,247806.58,Active
A002593,C00214,B00601,Savings,2024-05-26,167565.27,Active
A002594,C00814,B00601,Salary,2023-06-21,249056.02,Active
A002595,C02557,B00601,Premium Savings,2021-12-25,178613.18,Active
A002596,C01632,B00901,Salary,2020-04-24,187950.97,Active
A002597,C04587,B00501,Salary,2020-07-08,115469.77,Active
A002598,C04424,B01001,Savings,2021-06-11,1390.29,Active
A002599,C02917,B00401,Premium Savings,2022-11-03,69742.48,Active
A002600,C04693,B00401,Salary,2020-10-16,190270.76,Active
A002601,C02542,B00301,Premium Savings,2022-01-31,247425.82,Active
A002602,C03050,B00501,Current,2022-02-08,93232.97,Active
A002603,C00768,B00601,Savings,2020-10-19,247763.22,Active
A002604,C04855,B00201,Savings,2023-12-07,205619.63,Active
A002605,C01971,B00201,Salary,2020-02-21,23377.09,Active
A002606,C01497,B00201,Salary,2024-01-26,185098.66,Active
A002607,C03314,B00201,Current,2020-04-18,133168.85,Active
A002608,C04141,B01001,Current,2021-10-29,440057.99,Active
A002609,C01941,B00301,Current,2024-08-13,133219.39,Active
A002610,C03335,B00901,Current,2023-07-03,145007.89,Active
A002611,C00187,B00901,Current,2024-07-17,187441.66,Active
A002612,C03544,B00101,Current,2023-02-03,92842.15,Active
A002613,C01311,B00301,Current,2024-12-03,288023.1,Active
A002614,C01838,B01001,Salary,2020-11-10,345542.82,Active
A002615,C01757,B00201,Savings,2020-02-02,133267.14,Active
A002616,C04440,B00801,Current,2020-11-22,15100.54,Active
A002617,C00486,B00201,Savings,2021-09-01,301821.19,Active
A002618,C01197,B00201,Current,2021-01-07,227081.63,Active
A002619,C03327,B00201,Current,2023-10-08,135535.02,Active
A002620,C04852,B01001,Premium Savings,2024-01-27,215275.48,Active
A002621,C01322,B00401,Savings,2023-04-06,244642.91,Active
A002622,C03484,B01001,Salary,2024-05-29,310478.45,Active
A002623,C04827,B00301,Savings,2020-03-04,107941.29,Active
A002624,C04850,B00801,Premium Savings,2023-01-30,47285.18,Active
A002625,C01846,B00301,Current,2022-10-10,0.0,Active
A002626,C02708,B00201,Salary,2021-12-05,316908.17,Active
A002627,C01736,B00901,Salary,2023-09-04,127370.98,Active
A002628,C01205,B00401,Premium Savings,2020-04-02,354970.2,Active
A002629,C04710,B01001,Premium Savings,2020-02-14,138762.63,Active
A002630,C00189,B00801,Savings,2022-03-08,195127.21,Active
A002631,C01893,B00101,Current,2021-02-09,308756.39,Active
A002632,C01835,B01001,Premium Savings,2021-04-19,311469.01,Active
A002633,C02084,B00501,Savings,2021-07-31,182568.45,Active
A002634,C02323,B00801,Salary,2021-08-03,84249.18,Active
A002635,C04110,B00101,Savings,2024-09-27,194581.19,Active
A002636,C02589,B00301,Current,2022-04-11,0.0,Active
A002637,C01265,B00101,Salary,2023-12-19,0.0,Active
A002638,C01399,B00801,Premium Savings,2023-06-21,264708.95,Active
A002639,C00614,B00601,Savings,2020-08-19,258084.34,Active
A002640,C02278,B00901,Current,2021-11-29,344040.34,Active
A002641,C04186,B01001,Current,2020-07-12,0.0,Active
A002642,C04525,B00701,Premium Savings,2022-04-06,196113.38,Active
A002643,C00738,B00401,Premium Savings,2024-03-25,190982.35,Active
A002644,C00281,B00901,Salary,2023-12-21,39457.14,Active
A002645,C01644,B00601,Premium Savings,2023-10-03,397804.84,Active
A002646,C00345,B00701,Current,2024-09-19,61539.32,Active
A002647,C01234,B00801,Premium Savings,2024-02-11,37184.28,Active
A002648,C01835,B00401,Salary,2021-06-10,233125.53,Active
A002649,C02179,B00601,Savings,2024-08-27,353810.71,Active
A002650,C02233,B00201,Savings,2021-05-02,32929.01,Active
A002651,C00094,B01001,Savings,2022-12-25,275399.63,Active
A002652,C01098,B00101,Premium Savings,2022-10-12,320915.22,Active
A002653,C03863,B00301,Current,2024-10-14,65194.05,Active
A002654,C03782,B00601,Savings,2023-06-26,128136.16,Active
A002655,C03005,B00601,Premium Savings,2024-08-08,169557.26,Active
A002656,C00371,B00601,Salary,2022-03-25,258293.32,Active
A002657,C04200,B00601,Salary,2020-06-06,407227.27,Active
A002658,C00731,B00201,Premium Savings,2020-09-13,477707.26,Active
A002659,C03345,B00801,Salary,2020-01-16,267072.99,Active
A002660,C04242,B00301,Savings,2022-08-26,225051.57,Active
A002661,C02181,B00901,Current,2022-02-22,190614.91,Active
A002662,C02671,B00401,Premium Savings,2024-05-30,211874.24,Active
A002663,C00366,B00501,Premium Savings,2020-12-12,197463.91,Active
A002664,C04789,B00701,Current,2021-02-07,233387.72,Active
A002665,C01520,B00301,Salary,2021-11-14,231253.1,Active
A002666,C01013,B00401,Premium Savings,2021-12-30,218949.23,Active
A002667,C01357,B00201,Salary,2020-11-16,190691.14,Active
A002668,C00089,B00301,Salary,2020-03-05,42625.99,Active
A002669,C01148,B00901,Premium Savings,2024-04-19,183566.25,Active
A002670,C02202,B00501,Premium Savings,2021-06-30,145524.42,Active
A002671,C02559,B00501,Current,2023-05-18,111581.85,Active
A002672,C00512,B00601,Current,2020-03-03,37328.08,Active
A002673,C01487,B00401,Current,2023-03-20,143526.88,Active
A002674,C03746,B00101,Savings,2022-12-07,286790.83,Active
A002675,C02346,B00701,Salary,2021-08-23,50097.54,Active
A002676,C01957,B00601,Current,2021-12-15,216894.38,Active
A002677,C00379,B01001,Premium Savings,2020-05-21,182562.48,Active
A002678,C00115,B01001,Savings,2023-12-28,264086.55,Active
A002679,C02528,B00901,Premium Savings,2020-09-10,199337.26,Active
A002680,C03453,B00901,Current,2020-01-29,183331.07,Active
A002681,C01065,B00501,Salary,2023-11-21,178601.39,Active
A002682,C00956,B00401,Current,2023-05-15,244310.26,Active
A002683,C04178,B00401,Savings,2022-08-16,225815.53,Active
A002684,C03955,B00501,Salary,2022-07-31,234256.78,Active
A002685,C02457,B00601,Premium Savings,2023-09-27,0.0,Active
A002686,C02914,B01001,Current,2024-10-20,82809.99,Active
A002687,C03179,B00501,Savings,2021-09-30,155651.84,Active
A002688,C04134,B00401,Savings,2024-05-09,42780.24,Active
A002689,C00362,B00901,Savings,2022-11-30,229131.44,Active
A002690,C00757,B00601,Savings,2021-11-25,125126.53,Active
A002691,C00729,B00501,Salary,2023-05-29,16138.52,Active
A002692,C01168,B00301,Salary,2024-02-24,173639.9,Active
A002693,C04813,B00501,Salary,2020-09-17,183797.83,Active
A002694,C03213,B01001,Premium Savings,2023-07-23,218484.9,Active
A002695,C01985,B01001,Savings,2022-03-28,14229.21,Active
A002696,C02077,B00401,Premium Savings,2020-11-14,80394.11,Active
A002697,C04939,B01001,Savings,2023-03-17,274079.2,Active
A002698,C01488,B00201,Salary,2021-10-11,211298.58,Active
A002699,C02239,B00501,Premium Savings,2023-01-16,411439.16,Active
A002700,C02024,B00101,Savings,2020-05-21,268185.86,Active
A002701,C03745,B00301,Salary,2021-04-11,231387.4,Active
A002702,C03476,B00101,Current,2023-02-10,100309.25,Active
A002703,C01787,B00801,Salary,2021-11-28,273237.93,Active
A002704,C01159,B00501,Savings,2020-12-11,238803.96,Active
A002705,C04788,B00901,Salary,2023-04-17,161184.69,Active
A002706,C04349,B00301,Current,2020-07-05,129569.41,Active
A002707,C02091,B00801,Salary,2022-11-15,276513.42,Active
A002708,C02309,B00201,Salary,2022-02-12,178543.09,Active
A002709,C03867,B00901,Savings,2022-03-24,363770.59,Active
A002710,C02766,B00701,Salary,2020-06-08,133690.03,Active
A002711,C00123,B00801,Salary,2023-03-15,299902.11,Active
A002712,C03350,B00701,Salary,2022-07-16,95035.73,Active
A002713,C00212,B00301,Salary,2022-11-12,186029.2,Active
A002714,C00396,B00301,Current,2023-09-23,26304.12,Active
A002715,C02234,B00401,Savings,2023-02-06,53414.44,Active
A002716,C02901,B00101,Premium Savings,2024-09-23,138579.43,Active
A002717,C01480,B00701,Savings,2020-06-13,383863.87,Active
A002718,C02585,B00201,Premium Savings,2022-05-18,107027.82,Active
A002719,C02428,B00601,Savings,2021-09-07,181381.89,Active
A002720,C01490,B00401,Current,2021-09-10,191940.63,Active
A002721,C00158,B00901,Premium Savings,2022-02-09,127220.8,Active
A002722,C00753,B00501,Salary,2022-02-08,186309.83,Active
A002723,C00754,B00501,Current,2024-08-01,216650.27,Active
A002724,C01570,B01001,Salary,2020-12-31,221383.51,Active
A002725,C02787,B00501,Premium Savings,2022-06-10,201042.39,Active
A002726,C04799,B00801,Salary,2024-10-31,103524.93,Active
A002727,C01818,B00301,Current,2022-04-23,262896.59,Active
A002728,C02056,B00601,Premium Savings,2021-05-18,271694.4,Active
A002729,C01822,B00501,Salary,2021-01-13,198312.47,Active
A002730,C02835,B00501,Current,2022-11-06,216246.59,Active
A002731,C01974,B00401,Current,2022-09-26,172604.61,Active
A002732,C04573,B00601,Salary,2024-06-19,146599.82,Active
A002733,C01247,B00601,Current,2024-03-24,333262.47,Active
A002734,C04073,B00201,Salary,2023-12-04,16347.76,Active
A002735,C01489,B00501,Savings,2020-10-31,296978.9,Active
A002736,C02328,B01001,Savings,2024-08-05,300479.53,Active
A002737,C04481,B00201,Current,2024-05-08,172795.53,Active
A002738,C04404,B00401,Savings,2022-03-22,340057.01,Active
A002739,C00562,B00901,Salary,2023-07-10,100930.59,Active
A002740,C03280,B00401,Premium Savings,2023-11-16,188398.08,Active
A002741,C01618,B00701,Premium Savings,2024-09-03,366396.77,Active
A002742,C03153,B00601,Salary,2024-04-10,265312.56,Active
A002743,C01433,B00101,Premium Savings,2024-04-14,158328.68,Active
A002744,C03803,B00601,Savings,2024-06-23,201049.73,Active
A002745,C04881,B00501,Salary,2022-05-23,159377.77,Active
A002746,C04221,B00401,Current,2021-09-23,323305.23,Active
A002747,C03006,B00401,Premium Savings,2023-04-08,274757.09,Active
A002748,C00208,B00301,Current,2020-01-13,86164.49,Active
A002749,C03097,B00401,Salary,2022-04-09,79657.48,Active
A002750,C01261,B00901,Premium Savings,2023-04-20,175566.29,Active
A002751,C02829,B00601,Premium Savings,2021-09-12,115185.15,Active
A002752,C00006,B00901,Savings,2022-03-18,52099.83,Active
A002753,C03930,B00301,Salary,2021-04-27,267905.79,Active
A002754,C03115,B01001,Premium Savings,2021-12-13,310797.41,Active
A002755,C01109,B00201,Current,2024-03-11,36895.37,Active
A002756,C02937,B00201,Salary,2020-06-01,98618.36,Active
A002757,C00659,B00401,Salary,2024-10-31,147842.07,Active
A002758,C01640,B01001,Salary,2021-03-11,182825.07,Active
A002759,C04803,B00401,Savings,2024-05-18,103348.27,Active
A002760,C01871,B01001,Premium Savings,2023-10-28,93146.0,Active
A002761,C02089,B00101,Current,2022-11-24,231349.16,Active
A002762,C04464,B00101,Current,2021-05-06,198523.45,Active
A002763,C03236,B00701,Salary,2023-11-21,244334.37,Active
A002764,C01919,B00701,Premium Savings,2024-05-15,206667.78,Active
A002765,C01953,B00701,Premium Savings,2024-06-17,358222.01,Active
A002766,C04468,B00301,Salary,2020-03-27,311273.74,Active
A002767,C00747,B00701,Salary,2023-06-16,375637.44,Active
A002768,C00281,B00301,Current,2020-04-19,87455.35,Active
A002769,C00771,B00101,Premium Savings,2022-03-27,97318.93,Active
A002770,C04597,B00601,Salary,2021-10-12,280169.57,Active
A002771,C01519,B00601,Current,2024-03-14,172556.02,Active
A002772,C00707,B00501,Savings,2024-09-19,279536.0,Active
A002773,C00280,B00401,Savings,2024-09-24,228656.12,Active
A002774,C01251,B00101,Premium Savings,2022-06-26,98673.67,Active
A002775,C04502,B00301,Savings,2022-02-25,14277.22,Active
A002776,C00556,B00401,Premium Savings,2023-11-10,250486.71,Active
A002777,C01703,B00101,Salary,2024-03-03,78844.91,Active
A002778,C03154,B00601,Salary,2023-11-15,209929.32,Active
A002779,C00307,B00701,Salary,2024-05-24,324603.5,Active
A002780,C02424,B00901,Savings,2020-05-20,154473.64,Active
A002781,C03965,B00101,Salary,2023-01-06,135701.8,Active
A002782,C00572,B00501,Current,2024-02-24,358828.1,Active
A002783,C02138,B00301,Premium Savings,2024-05-01,321974.39,Active
A002784,C04755,B00301,Premium Savings,2022-11-30,289095.38,Active
A002785,C02747,B00901,Savings,2023-10-16,76158.64,Active
A002786,C02932,B00601,Savings,2023-03-02,31407.3,Active
A002787,C00776,B00101,Current,2024-04-21,53291.19,Active
A002788,C00940,B00601,Salary,2022-10-30,186652.38,Active
A002789,C00110,B00701,Premium Savings,2024-05-31,97562.26,Active
A002790,C04303,B00501,Savings,2024-05-16,352277.97,Active
A002791,C00166,B01001,Current,2022-11-30,228302.97,Active
A002792,C04840,B00601,Current,2024-02-16,127238.77,Active
A002793,C03217,B00601,Current,2022-07-03,92108.55,Active
A002794,C00706,B00201,Salary,2021-05-23,81717.87,Active
A002795,C03452,B00201,Premium Savings,2020-03-14,280228.52,Active
A002796,C03597,B00101,Current,2023-10-15,190923.22,Active
A002797,C00614,B00301,Current,2020-06-17,347922.74,Active
A002798,C04153,B00301,Savings,2024-12-04,162528.74,Active
A002799,C04451,B00301,Premium Savings,2024-03-07,204922.62,Active
A002800,C02334,B00501,Premium Savings,2022-09-14,370134.65,Active
A002801,C04626,B01001,Current,2022-07-26,246903.53,Active
A002802,C01091,B01001,Premium Savings,2020-11-22,171018.14,Active
A002803,C01282,B00401,Current,2023-08-04,276118.05,Active
A002804,C03279,B00401,Salary,2022-08-17,419813.4,Active
A002805,C04094,B00401,Current,2020-07-27,317655.24,Active
A002806,C03574,B00201,Premium Savings,2022-04-12,313010.39,Active
A002807,C04866,B00401,Premium Savings,2020-05-08,231719.52,Active
A002808,C01680,B00301,Salary,2022-03-11,307995.29,Active
A002809,C02498,B00901,Current,2020-05-11,71631.05,Active
A002810,C01446,B00301,Current,2020-01-21,253733.06,Active
A002811,C03683,B00701,Current,2021-11-29,107733.1,Active
A002812,C01151,B00801,Current,2023-03-24,98282.85,Active
A002813,C01326,B00801,Salary,2022-05-29,247270.73,Active
A002814,C01071,B00901,Salary,2021-08-17,331996.79,Active
A002815,C00819,B00801,Savings,2022-03-08,282787.59,Active
A002816,C02580,B00801,Premium Savings,2021-10-12,111400.57,Active
A002817,C01880,B01001,Current,2021-09-12,199023.18,Active
A002818,C01884,B00601,Premium Savings,2022-08-01,211133.85,Active
A002819,C00012,B00201,Salary,2023-03-13,385224.31,Active
A002820,C00460,B00501,Savings,2023-08-27,190211.99,Active
A002821,C03135,B00901,Savings,2021-11-09,3837.08,Active
A002822,C04893,B00901,Savings,2021-09-16,192154.16,Active
A002823,C03707,B00201,Salary,2024-05-20,0.0,Active
A002824,C04322,B00101,Savings,2020-07-03,220081.44,Active
A002825,C00670,B00301,Savings,2022-09-16,206672.94,Active
A002826,C02484,B00201,Premium Savings,2022-07-14,60286.28,Active
A002827,C03112,B00601,Premium Savings,2021-09-13,146146.56,Active
A002828,C03265,B00201,Current,2022-09-07,181441.54,Active
A002829,C04538,B00901,Current,2021-06-14,334436.42,Active
A002830,C04188,B00301,Current,2024-07-10,160333.48,Active
A002831,C04396,B01001,Premium Savings,2020-05-24,79511.08,Active
A002832,C03935,B00101,Premium Savings,2022-07-20,312948.24,Active
A002833,C00935,B01001,Premium Savings,2024-06-22,270946.2,Active
A002834,C02316,B00801,Salary,2020-01-18,350098.45,Active
A002835,C02419,B00701,Salary,2023-11-07,156101.12,Active
A002836,C02010,B00301,Savings,2021-02-14,240057.51,Active
A002837,C03414,B00101,Current,2021-10-15,85342.51,Active
A002838,C04314,B00901,Current,2024-11-17,128681.59,Active
A002839,C04485,B00301,Current,2022-11-10,235387.97,Active
A002840,C00704,B00801,Premium Savings,2024-08-05,98954.88,Active
A002841,C01456,B00501,Premium Savings,2024-08-05,126051.12,Active
A002842,C02550,B00801,Salary,2022-03-28,372644.65,Active
A002843,C03261,B00101,Current,2022-12-03,203293.55,Active
A002844,C01536,B00901,Current,2020-10-04,202347.72,Active
A002845,C02338,B00601,Current,2022-10-14,238804.79,Active
A002846,C01231,B00401,Savings,2023-04-12,123906.65,Active
A002847,C00990,B00201,Premium Savings,2023-11-03,126059.27,Active
A002848,C04822,B00501,Current,2024-04-17,137949.01,Active
A002849,C04115,B00301,Premium Savings,2024-06-05,338021.31,Active
A002850,C03128,B01001,Salary,2023-02-03,294429.44,Active
A002851,C02209,B00501,Salary,2022-07-28,189284.94,Active
A002852,C04173,B00301,Premium Savings,2023-01-14,208450.57,Active
A002853,C01406,B00301,Salary,2022-04-16,317417.93,Active
A002854,C02189,B00401,Current,2020-08-16,96907.75,Active
A002855,C01462,B00901,Current,2024-11-12,63537.23,Active
A002856,C02449,B00601,Savings,2020-12-02,377217.81,Active
A002857,C03264,B00701,Premium Savings,2024-06-07,205288.79,Active
A002858,C01982,B00101,Salary,2021-05-29,184648.37,Active
A002859,C00907,B00201,Current,2022-01-16,129803.09,Active
A002860,C02357,B00701,Salary,2024-03-29,310304.61,Active
A002861,C04321,B00801,Salary,2024-09-25,47710.61,Active
A002862,C02599,B00901,Premium Savings,2022-09-04,81791.28,Active
A002863,C00571,B00601,Premium Savings,2022-04-21,167955.65,Active
A002864,C02510,B01001,Savings,2021-10-06,95763.85,Active
A002865,C03117,B00401,Salary,2020-03-03,273113.72,Active
A002866,C03233,B01001,Current,2022-10-15,90359.99,Active
A002867,C04802,B00101,Savings,2020-01-09,47273.47,Active
A002868,C00064,B00501,Salary,2021-09-24,100227.92,Active
A002869,C02937,B00601,Savings,2024-05-06,69341.36,Active
A002870,C00533,B00101,Premium Savings,2021-06-03,144974.7,Active
A002871,C03301,B01001,Savings,2023-04-05,163665.44,Active
A002872,C04614,B00201,Savings,2022-03-07,403280.87,Active
A002873,C01490,B00301,Savings,2020-04-15,382236.37,Active
A002874,C03603,B00201,Salary,2023-08-31,270578.59,Active
A002875,C02964,B01001,Current,2020-12-24,293824.37,Active
A002876,C02228,B00201,Current,2023-01-17,129576.88,Active
A002877,C00699,B00801,Current,2022-02-17,174240.18,Active
A002878,C03531,B00201,Premium Savings,2020-07-07,284803.88,Active
A002879,C02883,B00401,Current,2020-09-18,115542.49,Active
A002880,C03474,B00401,Premium Savings,2023-04-10,50633.51,Active
A002881,C01799,B00901,Salary,2020-06-28,281952.83,Active
A002882,C01018,B00601,Salary,2021-06-13,8005.06,Active
A002883,C03209,B01001,Current,2023-02-25,280713.52,Active
A002884,C01474,B00201,Savings,2023-12-07,53688.66,Active
A002885,C02958,B00901,Premium Savings,2023-12-26,118009.31,Active
A002886,C01867,B00301,Current,2023-09-05,283673.94,Active
A002887,C01898,B00601,Savings,2020-07-02,18420.29,Active
A002888,C02376,B00701,Savings,2022-01-26,312103.31,Active
A002889,C00614,B00201,Current,2022-05-15,352336.52,Active
A002890,C04421,B00201,Salary,2023-03-13,107553.67,Active
A002891,C03125,B00101,Current,2023-01-05,100987.14,Active
A002892,C01286,B00501,Salary,2024-08-27,332860.95,Active
A002893,C03688,B00701,Premium Savings,2022-06-16,208576.84,Active
A002894,C00063,B00701,Premium Savings,2022-06-07,161449.69,Active
A002895,C00071,B00401,Current,2020-08-02,150396.44,Active
A002896,C04256,B01001,Current,2022-10-31,157014.21,Active
A002897,C00813,B00301,Salary,2020-11-12,194380.75,Active
A002898,C03765,B00101,Salary,2020-05-31,111091.78,Active
A002899,C02452,B00301,Current,2023-05-05,21197.47,Active
A002900,C02871,B00401,Premium Savings,2022-10-29,47551.02,Active
A002901,C04135,B01001,Savings,2023-09-30,230902.06,Active
A002902,C03883,B00501,Current,2023-01-04,190917.23,Active
A002903,C01878,B01001,Premium Savings,2023-08-02,147879.78,Active
A002904,C00045,B00501,Salary,2021-05-16,134736.93,Active
A002905,C01958,B00201,Savings,2022-05-21,441576.72,Active
A002906,C03875,B00401,Premium Savings,2023-04-26,160018.92,Active
A002907,C03827,B00601,Current,2023-02-03,235480.25,Active
A002908,C01470,B00901,Savings,2024-11-16,148279.74,Active
A002909,C01736,B00901,Premium Savings,2022-03-28,0.0,Active
A002910,C02851,B00101,Savings,2024-02-08,0.0,Active
A002911,C02797,B00101,Premium Savings,2021-03-11,278837.11,Active
A002912,C01078,B01001,Current,2023-04-21,252896.95,Active
A002913,C02549,B00401,Salary,2020-06-30,91027.99,Active
A002914,C04570,B01001,Savings,2024-01-31,242600.62,Active
A002915,C03076,B00401,Premium Savings,2020-07-04,137684.17,Active
A002916,C03145,B00301,Current,2023-02-27,106001.49,Active
A002917,C01407,B00801,Current,2023-08-24,147671.5,Active
A002918,C02742,B00101,Current,2023-03-12,76879.52,Active
A002919,C02918,B00301,Current,2021-09-21,256211.68,Active
A002920,C01466,B00701,Premium Savings,2024-10-11,256145.0,Active
A002921,C04643,B00301,Savings,2024-09-04,196028.43,Active
A002922,C01456,B00901,Savings,2024-01-25,176059.61,Active
A002923,C04293,B00201,Salary,2020-11-19,161190.27,Active
A002924,C03216,B00501,Salary,2023-11-24,54840.62,Active
A002925,C01649,B00101,Current,2020-05-22,271583.14,Active
A002926,C00334,B01001,Savings,2022-09-24,198618.5,Active
A002927,C04565,B00401,Salary,2024-02-24,135481.52,Active
A002928,C01360,B00201,Premium Savings,2021-10-31,315436.02,Active
A002929,C00401,B00101,Savings,2020-06-16,186419.67,Active
A002930,C02415,B00301,Savings,2022-01-28,217424.03,Active
A002931,C00553,B00701,Premium Savings,2023-02-03,370882.5,Active
A002932,C04005,B00701,Premium Savings,2022-08-05,106969.16,Active
A002933,C04193,B00201,Premium Savings,2020-02-14,287943.44,Active
A002934,C02048,B00501,Premium Savings,2022-10-20,32715.93,Active
A002935,C03548,B00201,Premium Savings,2020-05-23,129188.98,Active
A002936,C01589,B00601,Savings,2024-09-24,290962.1,Active
A002937,C00463,B00501,Savings,2022-01-06,235775.48,Active
A002938,C00799,B00101,Savings,2021-03-28,208189.8,Active
A002939,C03703,B00401,Savings,2021-05-01,242769.71,Active
A002940,C00717,B00601,Premium Savings,2020-08-22,286893.76,Active
A002941,C04207,B00901,Current,2024-03-31,286432.47,Active
A002942,C02082,B00201,Premium Savings,2023-03-29,226608.83,Active
A002943,C01200,B00901,Premium Savings,2020-02-14,209627.89,Active
A002944,C03280,B00901,Current,2020-08-16,146575.37,Active
A002945,C01627,B00901,Savings,2021-03-25,113400.51,Active
A002946,C04019,B00901,Salary,2022-09-11,308681.07,Active
A002947,C02096,B00901,Savings,2024-07-31,195777.49,Active
A002948,C03218,B00901,Current,2021-07-16,188439.06,Active
A002949,C04110,B00901,Savings,2024-07-13,222350.66,Active
A002950,C04755,B00201,Savings,2021-11-22,260398.01,Active
A002951,C04234,B00301,Premium Savings,2023-10-05,350831.27,Active
A002952,C02995,B00901,Premium Savings,2020-12-11,197584.84,Active
A002953,C01858,B00901,Premium Savings,2020-02-02,272963.83,Active
A002954,C02938,B00901,Savings,2024-07-09,365537.1,Active
A002955,C02750,B00701,Savings,2022-11-07,128331.48,Active
A002956,C03327,B00101,Salary,2020-02-02,427610.3,Active
A002957,C03931,B00401,Premium Savings,2021-05-29,255762.35,Active
A002958,C03604,B00201,Savings,2020-12-08,266634.13,Active
A002959,C02691,B00201,Premium Savings,2024-05-28,11035.58,Active
A002960,C01823,B00501,Savings,2020-12-11,262782.7,Active
A002961,C02231,B00201,Premium Savings,2022-12-26,260463.81,Active
A002962,C03698,B00101,Savings,2022-08-25,80180.38,Active
A002963,C00533,B00501,Premium Savings,2021-12-10,234593.21,Active
A002964,C01094,B00401,Premium Savings,2020-12-23,143969.54,Active
A002965,C02097,B00301,Salary,2023-07-03,176615.28,Active
A002966,C04094,B01001,Current,2021-07-30,121665.52,Active
A002967,C01946,B00101,Savings,2023-11-07,118720.09,Active
A002968,C01156,B00701,Salary,2020-12-14,151773.96,Active
A002969,C00397,B00801,Salary,2023-09-07,19599.22,Active
A002970,C02953,B00401,Savings,2020-10-16,67144.52,Active
A002971,C03965,B00901,Salary,2021-06-03,224720.49,Active
A002972,C00235,B00101,Premium Savings,2022-10-31,212429.09,Active
A002973,C02087,B00501,Premium Savings,2022-02-09,255102.95,Active
A002974,C03498,B00401,Savings,2021-10-29,266052.84,Active
A002975,C04412,B00501,Savings,2022-08-22,194181.96,Active
A002976,C02670,B00401,Salary,2024-01-22,115508.14,Active
A002977,C01564,B00701,Premium Savings,2021-03-31,152218.09,Active
A002978,C04259,B00201,Current,2023-07-22,232223.46,Active
A002979,C00439,B00801,Savings,2023-04-28,136732.64,Active
A002980,C03918,B00501,Savings,2024-08-01,379754.25,Active
A002981,C01372,B00401,Current,2022-09-11,211686.78,Active
A002982,C02873,B00601,Current,2024-07-02,94432.17,Active
A002983,C02368,B00801,Current,2024-11-09,216756.74,Active
A002984,C01461,B00301,Salary,2023-10-13,246473.93,Active
A002985,C03878,B00401,Current,2024-03-04,88950.2,Active
A002986,C00686,B00901,Premium Savings,2020-08-17,157221.08,Active
A002987,C02487,B00201,Premium Savings,2021-03-30,146383.97,Active
A002988,C02488,B00801,Current,2020-06-23,354184.55,Active
A002989,C03847,B00401,Premium Savings,2020-08-14,115850.74,Active
A002990,C02437,B00201,Salary,2022-05-31,168935.4,Active
A002991,C03965,B00301,Current,2021-11-07,45786.27,Active
A002992,C03447,B00301,Premium Savings,2024-04-11,375001.52,Active
A002993,C00252,B00301,Salary,2024-04-27,266342.02,Active
A002994,C03400,B00201,Premium Savings,2020-06-16,122894.45,Active
A002995,C04722,B01001,Current,2021-06-03,45374.64,Active
A002996,C04476,B00601,Salary,2020-06-08,374607.17,Active
A002997,C02194,B00101,Savings,2020-07-08,127147.2,Active
A002998,C02421,B00401,Current,2023-02-13,188965.87,Active
A002999,C04926,B00801,Current,2024-05-21,114027.98,Active
A003000,C02454,B00901,Savings,2022-10-01,271423.79,Active
A003001,C01736,B00801,Premium Savings,2022-08-07,306041.16,Active
A003002,C00756,B01001,Savings,2021-03-18,140774.81,Active
A003003,C01950,B00801,Salary,2022-02-09,296287.34,Active
A003004,C01886,B00401,Premium Savings,2022-05-23,233560.0,Active
A003005,C00182,B00201,Premium Savings,2020-06-20,232245.01,Active
A003006,C03904,B01001,Salary,2022-04-20,227615.33,Active
A003007,C04234,B00201,Savings,2021-01-07,221611.65,Active
A003008,C03044,B00401,Salary,2023-08-12,237991.01,Active
A003009,C01703,B00501,Premium Savings,2023-09-19,268496.41,Active
A003010,C01605,B00501,Savings,2022-10-24,139086.45,Active
A003011,C01732,B00801,Savings,2022-12-21,332074.43,Active
A003012,C02808,B01001,Premium Savings,2023-12-06,388902.62,Active
A003013,C03863,B00901,Current,2024-01-19,322882.16,Active
A003014,C04839,B00401,Savings,2024-03-27,101788.07,Active
A003015,C02498,B00901,Premium Savings,2022-05-23,210973.56,Active
A003016,C04621,B00601,Salary,2020-08-23,245367.53,Active
A003017,C01150,B01001,Salary,2021-06-09,346032.69,Active
A003018,C00173,B00501,Savings,2023-09-29,335471.19,Active
A003019,C02523,B00801,Savings,2022-09-24,0.0,Active
A003020,C01616,B00101,Premium Savings,2020-10-17,70649.89,Active
A003021,C04036,B01001,Premium Savings,2023-12-13,215093.03,Active
A003022,C04734,B00701,Salary,2023-04-01,242751.35,Active
A003023,C00093,B00301,Salary,2023-03-05,133580.81,Active
A003024,C05000,B00601,Savings,2020-04-09,344859.3,Active
A003025,C03105,B00201,Premium Savings,2020-06-11,14915.44,Active
A003026,C00936,B00501,Savings,2024-11-13,223411.87,Active
A003027,C03935,B00201,Current,2022-09-24,131653.29,Active
A003028,C04178,B01001,Savings,2023-06-06,187311.45,Active
A003029,C01067,B00601,Current,2024-07-27,341062.45,Active
A003030,C00474,B00701,Salary,2022-09-05,288660.45,Active
A003031,C04164,B00301,Current,2023-06-12,312276.48,Active
A003032,C00329,B01001,Savings,2024-09-18,176390.1,Active
A003033,C04073,B00601,Salary,2020-01-10,26796.33,Active
A003034,C03756,B00101,Current,2024-02-14,221580.89,Active
A003035,C04422,B00301,Current,2024-05-13,44867.06,Active
A003036,C02240,B00901,Current,2023-10-03,275986.59,Active
A003037,C02208,B00201,Savings,2024-03-21,191598.81,Active
A003038,C00141,B00501,Current,2021-06-29,359725.79,Active
A003039,C01603,B00601,Salary,2021-12-11,62019.88,Active
A003040,C02006,B00201,Premium Savings,2022-08-05,0.0,Active
A003041,C00054,B00501,Savings,2021-07-19,414843.58,Active
A003042,C01041,B00501,Premium Savings,2021-04-22,131164.2,Active
A003043,C00680,B00201,Premium Savings,2024-03-13,171323.94,Active
A003044,C00593,B00401,Savings,2024-01-02,216514.36,Active
A003045,C04723,B00601,Premium Savings,2023-07-23,298813.05,Active
A003046,C02844,B00101,Premium Savings,2020-03-20,138246.74,Active
A003047,C01712,B01001,Premium Savings,2023-08-10,52123.1,Active
A003048,C04293,B01001,Premium Savings,2023-11-21,231338.35,Active
A003049,C01881,B00501,Savings,2021-09-19,364598.71,Active
A003050,C04448,B00501,Savings,2024-01-14,226855.69,Active
A003051,C04522,B00401,Current,2021-05-24,219835.03,Active
A003052,C00384,B00601,Savings,2023-03-13,411431.7,Active
A003053,C02526,B00601,Premium Savings,2022-01-22,15930.34,Active
A003054,C01310,B00901,Salary,2021-07-23,218674.9,Active
A003055,C02920,B00501,Premium Savings,2020-10-09,26620.95,Active
A003056,C01537,B00501,Savings,2021-09-22,301761.39,Active
A003057,C00608,B00401,Savings,2023-05-23,344937.98,Active
A003058,C02923,B00201,Current,2021-10-07,184775.03,Active
A003059,C02331,B00301,Savings,2021-06-23,193255.12,Active
A003060,C01149,B00301,Savings,2021-02-27,69715.84,Active
A003061,C00202,B00301,Savings,2022-04-10,362294.57,Active
A003062,C03262,B00901,Premium Savings,2022-04-14,137346.74,Active
A003063,C00260,B00401,Premium Savings,2020-01-31,301615.17,Active
A003064,C03492,B00201,Savings,2024-04-28,381603.95,Active
A003065,C00606,B01001,Salary,2023-08-20,130717.31,Active
A003066,C01839,B00401,Premium Savings,2020-08-02,105807.69,Active
A003067,C01273,B00601,Premium Savings,2022-05-15,224013.97,Active
A003068,C01591,B00201,Savings,2022-05-05,239155.61,Active
A003069,C03062,B00501,Current,2020-10-06,172479.55,Active
A003070,C04533,B00501,Current,2022-02-03,0.0,Active
A003071,C00059,B00301,Savings,2022-04-01,259590.34,Active
A003072,C02378,B00101,Premium Savings,2020-04-20,216509.75,Active
A003073,C01600,B00101,Current,2022-04-28,181594.32,Active
A003074,C03942,B00801,Premium Savings,2020-12-06,118701.91,Active
A003075,C03088,B00801,Premium Savings,2022-05-25,184199.89,Active
A003076,C04486,B00201,Premium Savings,2020-02-15,3588.15,Active
A003077,C04205,B00701,Salary,2023-09-20,401169.19,Active
A003078,C03058,B00701,Current,2024-03-22,177091.42,Active
A003079,C04367,B00901,Salary,2020-07-05,59666.1,Active
A003080,C02720,B00201,Salary,2020-10-04,195634.59,Active
A003081,C03138,B00101,Current,2024-03-21,266808.08,Active
A003082,C00642,B00901,Salary,2022-07-09,326219.12,Active
A003083,C01763,B00201,Savings,2022-01-15,373560.63,Active
A003084,C01755,B00901,Salary,2021-12-25,159363.84,Active
A003085,C02441,B00901,Current,2022-03-07,213167.35,Active
A003086,C01527,B00901,Premium Savings,2023-05-29,186726.72,Active
A003087,C01295,B00101,Salary,2023-07-16,155708.57,Active
A003088,C00054,B00901,Salary,2020-11-14,131530.49,Active
A003089,C01604,B00201,Savings,2024-09-04,350330.35,Active
A003090,C02014,B00501,Premium Savings,2022-02-06,190737.1,Active
A003091,C04721,B00501,Premium Savings,2021-09-08,86993.27,Active
A003092,C03013,B00601,Current,2024-10-08,128938.33,Active
A003093,C02769,B00201,Premium Savings,2022-01-30,135760.71,Active
A003094,C01784,B00201,Premium Savings,2023-07-18,206351.81,Active
A003095,C00993,B00401,Premium Savings,2020-05-15,353837.74,Active
A003096,C04294,B00901,Current,2020-06-12,166500.11,Active
A003097,C04950,B00601,Savings,2023-11-18,323790.49,Active
A003098,C00428,B00101,Premium Savings,2022-06-10,235758.56,Active
A003099,C02571,B00401,Savings,2020-01-10,121061.5,Active
A003100,C02802,B00601,Current,2021-05-27,405784.64,Active
A003101,C01396,B00701,Current,2020-04-23,175648.39,Active
A003102,C04166,B01001,Savings,2020-09-29,309893.76,Active
A003103,C03397,B00501,Current,2023-08-05,304795.13,Active
A003104,C03273,B00201,Savings,2024-06-05,304028.1,Active
A003105,C01600,B01001,Salary,2020-09-13,274351.19,Active
A003106,C00436,B00601,Salary,2020-08-05,0.0,Active
A003107,C03907,B00101,Current,2023-03-18,434615.65,Active
A003108,C03962,B00401,Current,2022-10-07,145040.29,Active
A003109,C00724,B00701,Salary,2023-04-25,151620.01,Active
A003110,C04720,B00701,Current,2023-08-14,294528.59,Active
A003111,C01606,B00401,Current,2023-10-08,316548.7,Active
A003112,C01572,B00501,Current,2020-11-09,221701.76,Active
A003113,C04201,B01001,Savings,2020-09-21,84259.53,Active
A003114,C01193,B00101,Savings,2020-02-12,322246.63,Active
A003115,C04471,B00301,Premium Savings,2023-11-08,174449.0,Active
A003116,C03207,B01001,Salary,2020-04-09,0.0,Active
A003117,C03662,B00901,Premium Savings,2020-11-19,328346.51,Active
A003118,C04873,B00901,Salary,2023-09-20,274084.03,Active
A003119,C00980,B00701,Current,2023-04-20,296737.38,Active
A003120,C04722,B00501,Salary,2020-06-24,180070.63,Active
A003121,C04487,B00501,Current,2023-11-18,263231.94,Active
A003122,C02082,B00501,Salary,2023-10-14,44523.11,Active
A003123,C00177,B00501,Salary,2020-02-26,255896.95,Active
A003124,C02121,B00301,Salary,2021-04-23,318694.21,Active
A003125,C04630,B01001,Premium Savings,2020-04-29,210987.96,Active
A003126,C00477,B00901,Current,2023-04-12,397652.29,Active
A003127,C02212,B00601,Premium Savings,2021-08-16,74059.92,Active
A003128,C04996,B00201,Current,2020-09-29,351091.39,Active
A003129,C04030,B01001,Savings,2021-07-16,134186.54,Active
A003130,C00830,B00601,Salary,2023-09-19,273313.57,Active
A003131,C04554,B00501,Premium Savings,2020-11-02,23129.07,Active
A003132,C04898,B00201,Savings,2021-10-03,298173.55,Active
A003133,C04910,B00301,Current,2021-04-04,159544.71,Active
A003134,C04890,B01001,Savings,2023-02-07,80925.37,Active
A003135,C02500,B00201,Savings,2022-06-13,10858.37,Active
A003136,C01314,B01001,Current,2023-07-23,387212.62,Active
A003137,C00106,B00201,Premium Savings,2020-10-19,124998.27,Active
A003138,C03676,B00701,Salary,2022-12-25,307549.03,Active
A003139,C00254,B00701,Current,2024-03-30,17427.28,Active
A003140,C00438,B00701,Current,2022-03-21,197158.1,Active
A003141,C01509,B00401,Savings,2022-02-17,114928.05,Active
A003142,C03122,B00301,Savings,2020-06-03,347682.44,Active
A003143,C02880,B00601,Salary,2021-07-30,265717.16,Active
A003144,C03339,B00601,Premium Savings,2020-10-31,172103.74,Active
A003145,C00313,B00801,Savings,2023-10-15,392482.77,Active
A003146,C01325,B00301,Premium Savings,2024-01-14,300066.86,Active
A003147,C00764,B00601,Savings,2024-02-15,261291.95,Active
A003148,C01865,B00201,Savings,2021-08-30,133047.26,Active
A003149,C01418,B00301,Salary,2020-10-13,226771.98,Active
A003150,C02174,B00201,Salary,2021-07-28,129587.18,Active
A003151,C04172,B00601,Current,2020-04-11,403255.23,Active
A003152,C02767,B00701,Salary,2022-12-16,177765.53,Active
A003153,C01724,B00501,Savings,2020-03-03,2735.35,Active
A003154,C00577,B00901,Salary,2022-01-24,362944.13,Active
A003155,C02611,B00101,Savings,2020-06-04,118688.49,Active
A003156,C03884,B00401,Salary,2020-03-19,368690.61,Active
A003157,C01586,B01001,Salary,2022-12-30,33938.6,Active
A003158,C04005,B01001,Premium Savings,2024-02-16,363382.87,Active
A003159,C00810,B01001,Salary,2022-06-29,249091.42,Active
A003160,C02773,B00401,Premium Savings,2020-12-10,138213.91,Active
A003161,C03504,B00801,Salary,2021-02-19,90792.09,Active
A003162,C04561,B00301,Salary,2024-01-30,355276.1,Active
A003163,C03196,B00301,Current,2022-04-03,201988.75,Active
A003164,C01066,B00801,Savings,2020-03-24,286198.33,Active
A003165,C02781,B00301,Salary,2022-02-20,271223.85,Active
A003166,C02487,B00101,Premium Savings,2023-08-24,267718.51,Active
A003167,C00051,B00201,Salary,2020-10-19,107735.87,Active
A003168,C03378,B00201,Premium Savings,2020-02-23,66511.89,Active
A003169,C00279,B00701,Premium Savings,2024-04-23,219096.7,Active
A003170,C03724,B01001,Salary,2022-06-20,99648.91,Active
A003171,C04841,B00501,Current,2023-07-20,260890.09,Active
A003172,C01470,B00701,Current,2022-10-29,225547.77,Active
A003173,C02665,B00901,Salary,2020-12-08,134103.86,Active
A003174,C01154,B00701,Salary,2023-08-24,300991.75,Active
A003175,C00978,B00301,Premium Savings,2021-10-08,251420.77,Active
A003176,C04392,B00901,Salary,2020-07-18,112991.73,Active
A003177,C04713,B00501,Salary,2022-11-20,140835.28,Active
A003178,C01735,B00101,Salary,2024-03-30,355453.15,Active
A003179,C00535,B00601,Savings,2021-04-09,378187.27,Active
A003180,C03050,B00701,Savings,2024-01-21,69474.35,Active
A003181,C01435,B00501,Premium Savings,2024-03-22,179218.81,Active
A003182,C00242,B00701,Salary,2022-06-01,295477.35,Active
A003183,C02001,B00901,Savings,2020-01-18,92208.21,Active
A003184,C03595,B00501,Salary,2022-12-28,195958.92,Active
A003185,C01452,B00701,Salary,2022-08-20,182293.16,Active
A003186,C01503,B00601,Premium Savings,2022-04-18,77328.83,Active
A003187,C01529,B00901,Salary,2020-09-27,388416.08,Active
A003188,C01036,B00601,Premium Savings,2023-09-29,327985.91,Active
A003189,C03148,B00601,Salary,2021-12-21,238539.51,Active
A003190,C04570,B00701,Savings,2023-09-26,193802.56,Active
A003191,C03140,B00201,Salary,2021-07-06,125454.16,Active
A003192,C00163,B00401,Salary,2022-11-16,477221.44,Active
A003193,C00915,B00901,Salary,2024-05-13,78330.04,Active
A003194,C03691,B00701,Premium Savings,2021-05-05,111758.39,Active
A003195,C03020,B00101,Salary,2020-08-29,160530.85,Active
A003196,C03597,B00101,Savings,2020-06-24,211471.49,Active
A003197,C03305,B00201,Premium Savings,2024-10-24,250872.63,Active
A003198,C02588,B01001,Salary,2023-07-27,204933.54,Active
A003199,C00322,B00301,Savings,2024-03-04,531946.79,Active
A003200,C02015,B00301,Savings,2024-03-26,308422.77,Active
A003201,C03467,B00801,Premium Savings,2022-08-24,228258.57,Active
A003202,C00633,B00501,Premium Savings,2024-01-29,128053.72,Active
A003203,C01370,B00901,Current,2023-02-04,38221.58,Active
A003204,C02944,B00601,Savings,2021-11-21,117711.16,Active
A003205,C03894,B00501,Salary,2021-11-30,226807.75,Active
A003206,C04426,B00201,Current,2020-07-11,309222.89,Active
A003207,C00416,B00401,Current,2020-07-12,144718.28,Active
A003208,C03367,B00201,Savings,2023-03-24,272188.32,Active
A003209,C03560,B00501,Savings,2020-03-15,207880.12,Active
A003210,C01686,B00901,Salary,2020-06-02,259909.65,Active
A003211,C01423,B00901,Premium Savings,2022-11-17,239945.13,Active
A003212,C00232,B00401,Current,2020-06-26,33189.31,Active
A003213,C03591,B00901,Salary,2021-10-27,87791.33,Active
A003214,C01843,B01001,Premium Savings,2022-01-31,121681.46,Active
A003215,C00164,B00401,Savings,2024-10-29,74838.79,Active
A003216,C03866,B00501,Savings,2023-07-07,97586.67,Active
A003217,C00929,B00201,Savings,2022-10-10,324608.19,Active
A003218,C04394,B00401,Savings,2021-03-09,127110.75,Active
A003219,C02383,B00601,Current,2021-04-30,235634.01,Active
A003220,C04539,B00501,Current,2024-10-19,145796.44,Active
A003221,C02831,B00901,Savings,2024-03-05,374290.42,Active
A003222,C01871,B00201,Premium Savings,2023-06-10,213648.13,Active
A003223,C03177,B00401,Premium Savings,2022-12-27,97539.77,Active
A003224,C00479,B00501,Savings,2022-08-24,198989.16,Active
A003225,C00044,B00401,Salary,2021-08-29,122874.31,Active
A003226,C04722,B00601,Current,2022-10-31,137414.37,Active
A003227,C01259,B00901,Savings,2023-08-13,169983.12,Active
A003228,C04501,B00301,Premium Savings,2020-04-24,45787.82,Active
A003229,C01996,B00501,Premium Savings,2020-10-19,78210.76,Active
A003230,C03775,B00501,Salary,2020-10-06,252024.6,Active
A003231,C00206,B00601,Premium Savings,2023-08-03,109965.18,Active
A003232,C00942,B00401,Savings,2023-10-02,246768.74,Active
A003233,C02203,B01001,Current,2021-08-26,433165.43,Active
A003234,C04975,B00601,Current,2021-09-03,154296.47,Active
A003235,C01051,B00901,Salary,2022-11-20,0.0,Active
A003236,C02548,B00701,Salary,2022-03-03,51329.72,Active
A003237,C02425,B00201,Savings,2022-11-23,239125.66,Active
A003238,C01861,B00801,Savings,2020-08-12,124805.03,Active
A003239,C00568,B00901,Premium Savings,2021-09-27,294267.76,Active
A003240,C01169,B00901,Salary,2022-11-11,304662.39,Active
A003241,C01803,B00101,Salary,2023-05-23,303149.63,Active
A003242,C01835,B01001,Current,2024-04-10,281043.1,Active
A003243,C00685,B00601,Savings,2020-12-01,64037.7,Active
A003244,C00363,B00701,Salary,2024-10-09,128384.97,Active
A003245,C04777,B00601,Salary,2024-07-08,221319.48,Active
A003246,C00886,B00601,Current,2023-03-26,274916.98,Active
A003247,C00877,B00401,Premium Savings,2024-02-18,157011.29,Active
A003248,C00342,B00101,Premium Savings,2023-01-17,172488.35,Active
A003249,C04573,B00601,Premium Savings,2022-12-07,65752.87,Active
A003250,C02605,B00201,Premium Savings,2022-10-16,0.0,Active
A003251,C03467,B00701,Premium Savings,2024-05-21,284990.63,Active
A003252,C01001,B00701,Premium Savings,2024-10-17,8089.41,Active
A003253,C04712,B00101,Salary,2022-11-07,257656.9,Active
A003254,C01346,B00501,Current,2022-09-15,15009.55,Active
A003255,C01626,B00601,Savings,2020-03-16,341612.14,Active
A003256,C04635,B00101,Savings,2022-12-11,326630.88,Active
A003257,C01558,B00401,Salary,2024-01-06,96460.74,Active
A003258,C02523,B00801,Savings,2022-07-08,345403.59,Active
A003259,C03788,B00401,Salary,2021-09-01,320820.95,Active
A003260,C00032,B01001,Salary,2024-08-01,133048.92,Active
A003261,C01153,B00501,Current,2021-11-09,120955.82,Active
A003262,C02467,B00501,Savings,2022-08-11,140088.87,Active
A003263,C03517,B00101,Salary,2023-05-21,199015.31,Active
A003264,C01606,B00701,Premium Savings,2024-07-21,72035.17,Active
A003265,C01866,B00101,Current,2020-08-26,380503.08,Active
A003266,C01813,B00301,Salary,2024-10-23,225442.48,Active
A003267,C04990,B00301,Savings,2021-01-11,112671.71,Active
A003268,C01603,B00601,Salary,2023-11-27,185195.68,Active
A003269,C01719,B00401,Salary,2020-02-12,494129.64,Active
A003270,C03303,B00401,Premium Savings,2024-09-19,200099.5,Active
A003271,C02024,B00201,Savings,2024-02-11,119115.3,Active
A003272,C04446,B00601,Savings,2020-04-09,84027.78,Active
A003273,C01520,B00501,Savings,2023-01-01,0.0,Active
A003274,C00818,B00601,Savings,2022-05-01,166276.21,Active
A003275,C02688,B00301,Savings,2022-02-26,204232.05,Active
A003276,C00514,B01001,Premium Savings,2021-06-20,283100.66,Active
A003277,C01079,B00401,Premium Savings,2022-11-01,47445.02,Active
A003278,C04580,B00401,Current,2024-07-18,349238.11,Active
A003279,C01734,B01001,Premium Savings,2022-12-27,219683.44,Active
A003280,C04559,B00501,Salary,2023-01-25,173073.1,Active
A003281,C04623,B00501,Premium Savings,2022-06-05,303423.4,Active
A003282,C04438,B00501,Premium Savings,2021-08-31,373326.24,Active
A003283,C00432,B00901,Premium Savings,2020-12-17,74351.05,Active
A003284,C01827,B00101,Premium Savings,2020-06-05,103900.19,Active
A003285,C03660,B00101,Salary,2024-05-18,326003.6,Active
A003286,C00098,B00501,Premium Savings,2024-02-25,150321.2,Active
A003287,C00998,B00301,Current,2022-12-20,183478.07,Active
A003288,C04439,B00101,Savings,2023-02-21,128543.37,Active
A003289,C04290,B00401,Current,2021-04-02,248919.93,Active
A003290,C04671,B01001,Salary,2022-10-30,201343.48,Active
A003291,C02968,B00201,Salary,2023-02-12,57430.17,Active
A003292,C02369,B00401,Current,2023-10-27,132686.54,Active
A003293,C03256,B00901,Premium Savings,2022-01-09,125589.91,Active
A003294,C01889,B00201,Salary,2021-11-03,288335.92,Active
A003295,C02874,B01001,Salary,2021-03-22,345130.46,Active
A003296,C04428,B00601,Premium Savings,2022-03-02,123288.83,Active
A003297,C03300,B00401,Current,2021-12-25,22548.6,Active
A003298,C04422,B00101,Salary,2023-06-06,121594.79,Active
A003299,C02210,B00101,Premium Savings,2022-12-08,166498.84,Active
A003300,C02698,B00301,Premium Savings,2020-01-14,226500.44,Active
A003301,C01922,B00101,Salary,2022-10-31,188331.07,Active
A003302,C02183,B01001,Premium Savings,2021-03-01,262179.59,Active
A003303,C04137,B01001,Premium Savings,2022-08-10,65653.41,Active
A003304,C04054,B00501,Current,2023-01-13,53122.47,Active
A003305,C03878,B01001,Salary,2022-07-04,254815.8,Active
A003306,C01504,B00801,Salary,2020-11-20,0.0,Active
A003307,C00733,B00701,Premium Savings,2023-08-14,370108.79,Active
A003308,C02165,B00701,Current,2023-01-09,200492.38,Active
A003309,C02595,B00501,Savings,2021-05-17,248626.79,Active
A003310,C00671,B00201,Premium Savings,2023-03-19,103068.92,Active
A003311,C04776,B00101,Premium Savings,2023-02-15,235438.52,Active
A003312,C00042,B00901,Premium Savings,2022-08-05,350228.4,Active
A003313,C00432,B00601,Current,2021-09-03,203974.67,Active
A003314,C00525,B00401,Salary,2022-04-10,229868.42,Active
A003315,C02176,B00701,Current,2023-05-22,94681.2,Active
A003316,C02916,B00501,Premium Savings,2020-04-22,197137.57,Active
A003317,C04977,B00901,Salary,2023-12-21,189053.54,Active
A003318,C01131,B00501,Current,2022-10-07,344912.1,Active
A003319,C03936,B00301,Premium Savings,2020-06-17,212205.02,Active
A003320,C04815,B00901,Savings,2021-10-03,71052.39,Active
A003321,C00522,B00901,Savings,2023-02-13,403745.93,Active
A003322,C03691,B00801,Premium Savings,2023-11-11,193688.97,Active
A003323,C01337,B00401,Current,2023-09-21,249674.56,Active
A003324,C02755,B00101,Premium Savings,2022-01-27,465372.61,Active
A003325,C01470,B00301,Salary,2024-05-18,319394.47,Active
A003326,C03613,B00501,Savings,2024-02-14,234226.57,Active
A003327,C02095,B00101,Salary,2021-11-07,0.0,Active
A003328,C04905,B00201,Premium Savings,2020-01-15,377774.73,Active
A003329,C03130,B00301,Savings,2022-05-02,215785.77,Active
A003330,C04046,B00401,Salary,2022-11-28,321173.82,Active
A003331,C00431,B00901,Salary,2024-02-27,259730.06,Active
A003332,C02218,B00501,Salary,2021-01-05,158292.28,Active
A003333,C02585,B00101,Salary,2022-10-25,524676.38,Active
A003334,C02648,B00901,Premium Savings,2024-03-04,353868.95,Active
A003335,C01155,B00601,Salary,2024-02-13,180399.21,Active
A003336,C04379,B00301,Savings,2022-03-19,28045.63,Active
A003337,C03609,B00801,Savings,2023-06-26,194298.22,Active
A003338,C01038,B00501,Current,2021-04-20,151160.7,Active
A003339,C01767,B00601,Salary,2021-03-31,219964.14,Active
A003340,C04261,B00101,Salary,2024-01-27,160430.38,Active
A003341,C00243,B00901,Salary,2021-06-16,138644.15,Active
A003342,C02513,B00101,Salary,2022-06-25,108999.14,Active
A003343,C04753,B00201,Salary,2022-12-20,180945.47,Active
A003344,C00310,B00501,Premium Savings,2020-01-19,84915.43,Active
A003345,C01649,B01001,Current,2022-09-10,243522.41,Active
A003346,C04153,B00201,Premium Savings,2021-11-04,34182.51,Active
A003347,C01424,B00201,Savings,2022-08-18,344980.95,Active
A003348,C04526,B00401,Current,2020-04-09,51615.31,Active
A003349,C01698,B00401,Savings,2020-12-30,132499.53,Active
A003350,C04616,B00401,Savings,2020-11-10,302566.04,Active
A003351,C01502,B00701,Premium Savings,2024-07-07,416021.02,Active
A003352,C02460,B00401,Salary,2021-11-21,44862.89,Active
A003353,C00937,B00301,Current,2021-09-04,283066.65,Active
A003354,C04344,B00501,Savings,2021-09-24,137331.8,Active
A003355,C03594,B00701,Current,2021-03-07,173164.98,Active
A003356,C00936,B01001,Premium Savings,2023-08-13,224124.64,Active
A003357,C01439,B00901,Premium Savings,2023-02-18,143817.54,Active
A003358,C01802,B00901,Premium Savings,2020-07-04,167432.03,Active
A003359,C00944,B01001,Salary,2024-10-15,221138.16,Active
A003360,C04954,B00101,Salary,2024-06-20,410691.12,Active
A003361,C03720,B00401,Salary,2023-01-20,335906.53,Active
A003362,C00367,B00901,Savings,2024-03-13,274304.57,Active
A003363,C02042,B00901,Savings,2022-06-06,161792.29,Active
A003364,C02486,B00301,Savings,2022-12-28,132987.75,Active
A003365,C04311,B00501,Premium Savings,2021-09-12,56567.47,Active
A003366,C01998,B00501,Salary,2024-10-22,130967.68,Active
A003367,C03686,B01001,Savings,2024-04-10,0.0,Active
A003368,C04242,B00301,Savings,2020-04-01,200481.59,Active
A003369,C00914,B00301,Premium Savings,2022-09-11,829.61,Active
A003370,C03302,B00601,Salary,2023-03-18,197146.34,Active
A003371,C01994,B00301,Savings,2021-01-16,98359.54,Active
A003372,C04204,B00101,Premium Savings,2020-07-20,276031.73,Active
A003373,C04771,B00601,Current,2021-07-12,209754.88,Active
A003374,C00594,B00101,Salary,2022-12-09,410632.28,Active
A003375,C03609,B01001,Current,2022-11-19,251761.33,Active
A003376,C03218,B00401,Savings,2024-06-16,265552.97,Active
A003377,C03089,B00501,Savings,2022-07-02,258378.27,Active
A003378,C02815,B00101,Salary,2021-08-28,371296.24,Active
A003379,C03257,B00701,Salary,2023-12-02,64999.7,Active
A003380,C03856,B00201,Premium Savings,2020-08-29,0.0,Active
A003381,C02105,B00501,Savings,2022-09-03,195518.82,Active
A003382,C02188,B00601,Savings,2020-05-30,370945.32,Active
A003383,C04961,B00301,Savings,2023-06-07,366361.17,Active
A003384,C02593,B00201,Savings,2022-01-30,50329.95,Active
A003385,C02118,B00401,Salary,2020-01-30,189708.85,Active
A003386,C00087,B00601,Current,2022-09-29,174033.65,Active
A003387,C02644,B00601,Current,2020-06-18,134457.94,Active
A003388,C03199,B00501,Premium Savings,2024-05-24,186378.11,Active
A003389,C04685,B00401,Current,2021-01-03,381110.13,Active
A003390,C00640,B00401,Savings,2023-12-14,297690.1,Active
A003391,C03327,B00501,Premium Savings,2022-04-07,97131.5,Active
A003392,C02252,B00301,Premium Savings,2023-08-11,231179.22,Active
A003393,C03224,B00601,Salary,2022-12-22,221143.43,Active
A003394,C04776,B00201,Premium Savings,2023-12-09,0.0,Active
A003395,C01751,B00401,Current,2020-02-09,66337.32,Active
A003396,C02545,B00801,Premium Savings,2024-04-07,33574.19,Active
A003397,C03002,B00401,Current,2022-05-05,266020.89,Active
A003398,C00453,B00801,Current,2024-01-15,266373.59,Active
A003399,C02446,B01001,Salary,2023-08-19,147202.78,Active
A003400,C02395,B00101,Premium Savings,2020-01-14,340044.09,Active
A003401,C04212,B00201,Savings,2020-04-22,78735.4,Active
A003402,C04069,B01001,Current,2023-12-07,167764.6,Active
A003403,C00372,B00301,Premium Savings,2024-11-26,123759.79,Active
A003404,C01899,B00101,Current,2024-06-11,281807.27,Active
A003405,C03014,B00201,Current,2023-07-02,283436.24,Active
A003406,C04644,B00201,Premium Savings,2024-08-06,97477.64,Active
A003407,C03836,B00301,Current,2023-11-19,173765.14,Active
A003408,C02985,B00901,Current,2023-06-14,288827.13,Active
A003409,C01319,B00401,Savings,2024-10-22,258484.39,Active
A003410,C03012,B00601,Savings,2022-04-04,226050.4,Active
A003411,C02514,B00501,Current,2023-09-21,229486.02,Active
A003412,C01236,B00901,Savings,2024-07-19,383074.5,Active
A003413,C03912,B00801,Premium Savings,2023-02-01,233475.56,Active
A003414,C02983,B00401,Current,2021-06-16,394070.6,Active
A003415,C00180,B00501,Current,2023-08-26,346178.1,Active
A003416,C03280,B00601,Savings,2022-05-20,73644.86,Active
A003417,C02660,B01001,Current,2020-08-23,362041.04,Active
A003418,C02378,B00601,Current,2020-06-11,243360.6,Active
A003419,C03713,B00301,Current,2022-11-30,189606.93,Active
A003420,C02577,B00301,Current,2020-12-23,161929.42,Active
A003421,C04374,B00201,Current,2020-09-13,255458.27,Active
A003422,C03160,B00601,Current,2022-11-25,354647.13,Active
A003423,C02375,B00301,Current,2021-10-31,250404.81,Active
A003424,C02088,B00901,Current,2022-07-26,352299.58,Active
A003425,C00099,B00101,Current,2023-04-29,345005.73,Active
A003426,C03301,B00101,Premium Savings,2020-06-02,361246.75,Active
A003427,C04311,B00501,Current,2024-08-04,45688.02,Active
A003428,C03029,B00901,Savings,2021-03-24,2109.88,Active
A003429,C01664,B00901,Salary,2024-02-17,280563.34,Active
A003430,C00434,B00501,Current,2023-02-06,138439.08,Active
A003431,C01035,B00701,Salary,2020-05-24,119210.7,Active
A003432,C04577,B01001,Savings,2020-01-27,261175.38,Active
A003433,C00429,B00501,Current,2024-03-19,0.0,Active
A003434,C01828,B00901,Savings,2023-08-14,276318.84,Active
A003435,C04851,B00701,Current,2020-08-30,88404.7,Active
A003436,C01811,B00701,Premium Savings,2022-10-09,51427.26,Active
A003437,C02561,B01001,Current,2022-11-30,425222.93,Active
A003438,C00399,B00601,Premium Savings,2022-09-01,148695.22,Active
A003439,C04478,B00701,Savings,2023-08-19,87166.93,Active
A003440,C02074,B00101,Current,2020-12-06,295441.12,Active
A003441,C01661,B00501,Salary,2024-10-18,35157.65,Active
A003442,C04169,B00401,Current,2023-06-09,258719.73,Active
A003443,C00515,B00401,Premium Savings,2023-10-11,207134.49,Active
A003444,C04171,B00201,Premium Savings,2024-05-15,317735.29,Active
A003445,C01814,B00601,Savings,2023-10-23,319098.39,Active
A003446,C03859,B00401,Current,2023-12-16,55088.71,Active
A003447,C00841,B00501,Premium Savings,2023-08-14,212701.61,Active
A003448,C01818,B00901,Current,2024-04-29,311152.88,Active
A003449,C01417,B00401,Salary,2021-06-06,71023.37,Active
A003450,C03698,B01001,Savings,2022-01-18,222930.7,Active
A003451,C01231,B01001,Salary,2021-12-23,362470.37,Active
A003452,C01682,B00501,Salary,2022-03-25,57598.63,Active
A003453,C00364,B00901,Premium Savings,2020-05-13,107176.43,Active
A003454,C03606,B00801,Premium Savings,2021-08-01,68443.99,Active
A003455,C02458,B00801,Premium Savings,2022-04-12,161473.98,Active
A003456,C04942,B00701,Savings,2020-07-13,92480.56,Active
A003457,C01630,B01001,Current,2024-08-21,250352.74,Active
A003458,C01083,B01001,Salary,2021-10-14,164207.65,Active
A003459,C02047,B00501,Premium Savings,2020-04-29,345516.49,Active
A003460,C01225,B00801,Premium Savings,2023-02-25,251214.65,Active
A003461,C01551,B00901,Savings,2022-08-19,165873.43,Active
A003462,C02219,B00401,Current,2023-01-25,257482.95,Active
A003463,C04473,B00401,Savings,2023-02-25,137495.15,Active
A003464,C02099,B00901,Current,2021-04-10,145016.75,Active
A003465,C02903,B00601,Premium Savings,2023-10-28,288232.3,Active
A003466,C00333,B00901,Salary,2023-10-03,0.0,Active
A003467,C00675,B01001,Savings,2020-02-15,249307.52,Active
A003468,C03532,B00501,Salary,2021-10-19,205767.36,Active
A003469,C02626,B00501,Current,2021-05-17,231430.1,Active
A003470,C04467,B00401,Salary,2020-02-25,64565.85,Active
A003471,C01685,B00601,Savings,2020-04-25,50350.78,Active
A003472,C03047,B01001,Premium Savings,2022-03-25,313138.78,Active
A003473,C02037,B00901,Current,2023-01-08,195044.12,Active
A003474,C03097,B00801,Salary,2021-08-16,64726.96,Active
A003475,C01611,B00701,Savings,2023-01-25,241137.43,Active
A003476,C01840,B01001,Salary,2021-02-07,131313.08,Active
A003477,C03012,B00201,Premium Savings,2020-06-13,64625.44,Active
A003478,C02927,B00701,Salary,2023-01-06,16665.01,Active
A003479,C03578,B00301,Current,2020-01-19,162743.92,Active
A003480,C03538,B00901,Salary,2023-01-23,304842.13,Active
A003481,C00492,B00401,Salary,2021-02-01,330613.61,Active
A003482,C00722,B00801,Premium Savings,2024-08-18,119977.49,Active
A003483,C03611,B00601,Salary,2020-05-23,0.0,Active
A003484,C03219,B01001,Premium Savings,2021-01-21,178853.52,Active
A003485,C02462,B00501,Premium Savings,2021-10-16,157840.45,Active
A003486,C02524,B00401,Current,2023-10-08,276565.31,Active
A003487,C02935,B00101,Current,2023-06-30,314641.35,Active
A003488,C00288,B00201,Savings,2020-03-13,210776.15,Active
A003489,C04171,B00301,Current,2020-04-12,185810.0,Active
A003490,C02372,B00501,Premium Savings,2022-03-19,69536.05,Active
A003491,C04565,B00201,Premium Savings,2023-02-09,142163.5,Active
A003492,C04623,B00301,Savings,2022-05-22,66447.23,Active
A003493,C00866,B00401,Salary,2021-10-28,299324.45,Active
A003494,C04312,B00201,Current,2023-09-28,280135.28,Active
A003495,C01890,B00901,Salary,2024-01-19,385922.25,Active
A003496,C04088,B00601,Current,2020-05-25,222058.11,Active
A003497,C01471,B00901,Premium Savings,2023-12-07,202620.78,Active
A003498,C01752,B00901,Savings,2022-10-07,226957.55,Active
A003499,C01372,B00701,Current,2021-10-20,336774.53,Active
A003500,C03886,B00701,Salary,2021-10-19,168644.62,Active
A003501,C00673,B00901,Salary,2023-08-26,236615.12,Active
A003502,C04435,B00901,Premium Savings,2022-07-07,254550.05,Active
A003503,C02254,B00801,Savings,2022-06-17,22040.2,Active
A003504,C04905,B01001,Salary,2024-02-09,61938.09,Active
A003505,C03634,B00201,Salary,2023-09-09,332070.99,Active
A003506,C04414,B00401,Savings,2023-10-21,97543.73,Active
A003507,C02584,B00301,Savings,2021-02-03,0.0,Active
A003508,C03076,B00501,Current,2024-09-23,223954.03,Active
A003509,C03829,B00501,Salary,2023-11-11,216925.45,Active
A003510,C03446,B00901,Current,2022-01-20,124863.5,Active
A003511,C00188,B00401,Savings,2021-09-27,222645.94,Active
A003512,C03206,B00601,Salary,2024-02-29,395490.56,Active
A003513,C04889,B00201,Salary,2024-01-15,278916.9,Active
A003514,C01707,B00201,Savings,2024-01-24,267000.2,Active
A003515,C03903,B00101,Savings,2020-06-20,161983.12,Active
A003516,C04485,B00901,Current,2023-04-16,158029.39,Active
A003517,C00931,B00601,Salary,2023-11-23,285934.39,Active
A003518,C01400,B00601,Premium Savings,2021-02-18,238522.39,Active
A003519,C04858,B00601,Salary,2022-08-06,223120.26,Active
A003520,C01950,B00901,Salary,2023-04-21,201103.59,Active
A003521,C03717,B00301,Current,2020-07-28,297038.5,Active
A003522,C00946,B00501,Premium Savings,2021-01-01,141822.8,Active
A003523,C01632,B01001,Current,2024-07-06,184305.74,Active
A003524,C02013,B00301,Savings,2021-02-25,282385.23,Active
A003525,C00585,B00701,Current,2023-04-17,111748.98,Active
A003526,C04034,B00901,Premium Savings,2024-08-15,168135.95,Active
A003527,C04952,B00901,Savings,2021-12-27,68407.8,Active
A003528,C04766,B01001,Savings,2024-03-09,323514.11,Active
A003529,C02559,B00401,Savings,2022-04-14,119854.35,Active
A003530,C01307,B00601,Salary,2023-06-21,146159.56,Active
A003531,C01460,B00501,Savings,2021-09-01,202560.86,Active
A003532,C03843,B00701,Savings,2024-02-22,68072.54,Active
A003533,C00775,B00301,Current,2024-08-09,170712.66,Active
A003534,C04438,B00401,Salary,2023-06-26,289659.23,Active
A003535,C04642,B00901,Current,2020-12-10,395810.48,Active
A003536,C03645,B00501,Savings,2022-01-04,0.0,Active
A003537,C00570,B00501,Premium Savings,2023-08-09,193093.92,Active
A003538,C02531,B00401,Premium Savings,2024-09-29,178252.47,Active
A003539,C04682,B01001,Salary,2020-09-17,402269.91,Active
A003540,C02525,B00801,Savings,2022-02-05,59287.93,Active
A003541,C00221,B00801,Savings,2024-08-09,117175.82,Active
A003542,C01923,B00101,Premium Savings,2023-02-18,246862.46,Active
A003543,C04581,B00601,Premium Savings,2023-08-31,288375.48,Active
A003544,C03622,B00901,Savings,2024-06-08,267401.75,Active
A003545,C00554,B00901,Premium Savings,2021-06-21,100764.98,Active
A003546,C02209,B00501,Salary,2023-06-23,97527.79,Active
A003547,C00651,B00901,Premium Savings,2022-03-05,180340.24,Active
A003548,C02262,B01001,Salary,2022-02-08,317149.62,Active
A003549,C02146,B00401,Current,2023-09-03,80932.14,Active
A003550,C03513,B01001,Premium Savings,2022-06-21,127223.2,Active
A003551,C04106,B00701,Current,2024-08-24,229962.57,Active
A003552,C02793,B00101,Savings,2023-04-30,207187.45,Active
A003553,C02273,B00901,Current,2020-12-13,184124.26,Active
A003554,C04086,B00301,Premium Savings,2023-11-27,213289.23,Active
A003555,C00381,B00801,Premium Savings,2021-03-19,87590.13,Active
A003556,C01185,B00301,Salary,2021-11-30,203752.35,Active
A003557,C04586,B00401,Savings,2020-02-10,218189.08,Active
A003558,C03998,B00501,Premium Savings,2024-11-04,41802.71,Active
A003559,C03061,B00501,Premium Savings,2022-07-13,283662.17,Active
A003560,C02822,B00801,Current,2020-09-11,314340.9,Active
A003561,C04065,B00401,Savings,2024-03-18,249189.09,Active
A003562,C00001,B00701,Current,2021-05-03,319191.23,Active
A003563,C00667,B00101,Salary,2024-02-07,124645.87,Active
A003564,C03302,B00801,Savings,2023-02-23,35338.22,Active
A003565,C01942,B00401,Salary,2020-05-31,38655.28,Active
A003566,C04179,B00401,Premium Savings,2021-12-12,128000.09,Active
A003567,C00963,B00201,Current,2020-05-27,224971.47,Active
A003568,C03523,B00401,Premium Savings,2020-08-11,71018.75,Active
A003569,C01418,B00101,Current,2024-06-17,54155.09,Active
A003570,C01471,B00401,Savings,2022-04-03,223652.45,Active
A003571,C04158,B00801,Premium Savings,2024-11-28,137450.89,Active
A003572,C02871,B00801,Premium Savings,2020-07-11,191490.86,Active
A003573,C02963,B00901,Premium Savings,2023-01-08,252897.09,Active
A003574,C03576,B00501,Premium Savings,2020-01-11,54364.92,Active
A003575,C01701,B00401,Savings,2023-04-09,160181.45,Active
A003576,C00230,B00601,Current,2023-12-31,118057.6,Active
A003577,C00004,B00101,Current,2020-07-17,185728.18,Active
A003578,C00142,B00301,Current,2021-03-28,0.0,Active
A003579,C01597,B00401,Premium Savings,2024-04-23,275219.7,Active
A003580,C03321,B00601,Salary,2024-02-05,268846.15,Active
A003581,C03957,B00101,Salary,2024-04-23,199021.96,Active
A003582,C02294,B00401,Salary,2022-06-27,226824.98,Active
A003583,C03170,B00401,Current,2024-03-29,64955.81,Active
A003584,C03797,B00201,Current,2022-01-06,224202.25,Active
A003585,C02213,B00401,Salary,2023-02-14,50655.0,Active
A003586,C02183,B01001,Current,2020-12-11,98616.08,Active
A003587,C00904,B00901,Premium Savings,2023-11-25,190721.49,Active
A003588,C02371,B00101,Salary,2023-07-19,156630.32,Active
A003589,C03869,B00501,Savings,2022-10-19,79271.82,Active
A003590,C03015,B00701,Premium Savings,2022-11-04,201565.49,Active
A003591,C01906,B00201,Salary,2023-09-09,435553.77,Active
A003592,C02425,B00501,Savings,2021-06-08,161960.25,Active
A003593,C04206,B00601,Current,2021-05-07,335057.47,Active
A003594,C00056,B00101,Current,2022-05-03,117789.65,Active
A003595,C04113,B00801,Current,2020-10-19,118134.97,Active
A003596,C01933,B00501,Current,2022-02-11,283206.48,Active
A003597,C04501,B00901,Salary,2024-09-13,109360.37,Active
A003598,C03366,B00201,Current,2022-08-05,315828.63,Active
A003599,C03165,B00301,Salary,2023-12-26,292491.11,Active
A003600,C02373,B00801,Salary,2022-04-30,223213.46,Active
A003601,C02398,B00201,Savings,2022-10-26,350760.33,Active
A003602,C03765,B00401,Premium Savings,2020-03-22,23961.9,Active
A003603,C03910,B00601,Current,2023-02-13,113832.88,Active
A003604,C00122,B01001,Current,2020-02-14,317461.56,Active
A003605,C03632,B00101,Current,2021-03-07,202033.89,Active
A003606,C01151,B00301,Current,2022-07-16,142842.03,Active
A003607,C00368,B00601,Current,2021-10-22,95823.62,Active
A003608,C01966,B00101,Savings,2020-07-25,213320.69,Active
A003609,C00927,B00601,Savings,2020-05-12,228387.52,Active
A003610,C01360,B00101,Savings,2020-01-22,151029.14,Active
A003611,C01833,B00201,Premium Savings,2022-07-07,0.0,Active
A003612,C01980,B00501,Current,2021-09-04,180741.83,Active
A003613,C04138,B00501,Premium Savings,2022-07-31,256874.48,Active
A003614,C02550,B00201,Premium Savings,2022-11-08,239699.33,Active
A003615,C02751,B00201,Current,2022-08-09,176238.75,Active
A003616,C01641,B00401,Current,2024-01-29,185179.28,Active
A003617,C04535,B00601,Salary,2021-09-10,71356.08,Active
A003618,C03598,B00401,Savings,2021-04-29,46371.49,Active
A003619,C01454,B00901,Current,2022-05-25,0.0,Active
A003620,C01548,B00301,Current,2023-07-20,354477.42,Active
A003621,C03585,B00501,Premium Savings,2024-10-17,164792.41,Active
A003622,C03764,B00201,Current,2021-12-21,25612.26,Active
A003623,C02542,B00401,Current,2020-07-18,330913.41,Active
A003624,C02994,B00101,Savings,2022-05-24,164932.25,Active
A003625,C03385,B01001,Current,2021-09-25,321621.43,Active
A003626,C03257,B00401,Salary,2023-09-17,149519.65,Active
A003627,C01120,B00901,Salary,2023-01-31,162268.46,Active
A003628,C00708,B00501,Current,2023-10-29,279712.22,Active
A003629,C04595,B00901,Current,2023-09-07,51489.54,Active
A003630,C02438,B00201,Salary,2022-01-27,277684.95,Active
A003631,C00486,B01001,Premium Savings,2023-01-31,207488.93,Active
A003632,C00675,B00601,Savings,2022-05-29,109006.72,Active
A003633,C01002,B00201,Savings,2022-07-04,143967.62,Active
A003634,C01259,B00401,Current,2022-04-30,208925.89,Active
A003635,C01495,B00201,Savings,2023-01-07,318752.24,Active
A003636,C02685,B00501,Savings,2021-11-05,183557.87,Active
A003637,C01484,B00101,Current,2023-03-02,229079.12,Active
A003638,C01424,B00201,Current,2024-03-20,306240.18,Active
A003639,C01422,B00201,Premium Savings,2020-05-02,152754.89,Active
A003640,C02513,B00301,Salary,2020-12-23,192954.2,Active
A003641,C00014,B00301,Savings,2021-07-25,202966.73,Active
A003642,C03881,B00201,Savings,2022-06-21,238593.88,Active
A003643,C04613,B00301,Salary,2021-01-29,201692.4,Active
A003644,C03683,B00101,Current,2022-08-10,284494.45,Active
A003645,C01629,B00801,Savings,2021-02-24,183886.61,Active
A003646,C03438,B00301,Premium Savings,2022-06-27,275106.33,Active
A003647,C00549,B00501,Salary,2021-06-30,139441.11,Active
A003648,C00413,B00301,Premium Savings,2021-02-05,166080.91,Active
A003649,C03149,B00601,Premium Savings,2020-02-23,23318.19,Active
A003650,C01998,B01001,Savings,2022-05-20,349788.69,Active
A003651,C04504,B00201,Savings,2021-12-08,319715.23,Active
A003652,C00249,B00901,Salary,2021-03-20,378614.32,Active
A003653,C01202,B00401,Premium Savings,2020-10-06,137552.0,Active
A003654,C00891,B00701,Salary,2021-08-27,258234.38,Active
A003655,C00859,B00401,Premium Savings,2023-08-08,228512.05,Active
A003656,C02151,B00301,Savings,2022-05-14,179740.7,Active
A003657,C02597,B00201,Premium Savings,2022-11-28,66283.86,Active
A003658,C02684,B00101,Current,2024-03-27,217092.34,Active
A003659,C03556,B00401,Salary,2021-08-09,199993.48,Active
A003660,C02868,B00101,Salary,2024-11-09,323926.0,Active
A003661,C03601,B01001,Savings,2020-07-05,79391.51,Active
A003662,C01622,B00201,Premium Savings,2023-04-21,111433.73,Active
A003663,C00738,B00701,Current,2020-08-24,330094.57,Active
A003664,C02455,B00201,Current,2024-12-02,142345.91,Active
A003665,C01072,B00501,Current,2020-06-25,84774.04,Active
A003666,C00877,B00301,Savings,2023-09-08,99628.24,Active
A003667,C00411,B00101,Current,2023-02-26,247461.32,Active
A003668,C04827,B00201,Salary,2022-12-16,46366.85,Active
A003669,C03435,B00901,Salary,2021-05-01,222672.48,Active
A003670,C01603,B00601,Premium Savings,2020-12-26,305936.69,Active
A003671,C03956,B00101,Salary,2023-10-06,52363.85,Active
A003672,C01954,B00101,Current,2024-10-12,204826.71,Active
A003673,C01778,B00401,Savings,2021-06-06,27029.78,Active
A003674,C01495,B00401,Savings,2021-10-22,136622.79,Active
A003675,C04770,B00701,Current,2023-07-07,230291.48,Active
A003676,C01415,B00401,Premium Savings,2023-10-01,271320.02,Active
A003677,C02830,B00601,Current,2024-07-17,221473.38,Active
A003678,C03619,B00701,Savings,2024-06-17,88258.07,Active
A003679,C02358,B00501,Current,2024-05-13,68349.62,Active
A003680,C03110,B01001,Savings,2020-01-25,170741.58,Active
A003681,C04432,B00101,Savings,2022-10-26,260541.77,Active
A003682,C04302,B00301,Salary,2023-03-24,345849.41,Active
A003683,C00225,B00401,Premium Savings,2024-05-30,121826.25,Active
A003684,C01352,B00301,Salary,2020-02-24,199054.05,Active
A003685,C04037,B00501,Premium Savings,2024-10-21,258893.95,Active
A003686,C03594,B01001,Savings,2023-10-09,215993.03,Active
A003687,C00340,B00701,Premium Savings,2020-09-24,121241.42,Active
A003688,C00993,B00301,Current,2020-01-13,38409.8,Active
A003689,C01416,B00801,Salary,2022-10-06,174838.87,Active
A003690,C03974,B00701,Savings,2023-01-04,169787.08,Active
A003691,C03778,B00201,Current,2022-11-14,136574.96,Active
A003692,C03136,B00201,Premium Savings,2021-12-31,303159.33,Active
A003693,C03859,B00501,Premium Savings,2021-01-01,32704.16,Active
A003694,C02790,B00701,Premium Savings,2020-01-01,243346.94,Active
A003695,C04558,B00901,Current,2023-07-19,172180.91,Active
A003696,C02210,B00201,Salary,2021-05-12,281861.54,Active
A003697,C02667,B01001,Salary,2022-09-17,196658.66,Active
A003698,C04321,B00601,Savings,2023-10-29,0.0,Active
A003699,C02409,B00601,Premium Savings,2023-08-24,267859.31,Active
A003700,C03454,B00301,Current,2023-05-28,163563.77,Active
A003701,C03804,B00401,Current,2021-07-11,82942.19,Active
A003702,C01822,B00601,Premium Savings,2024-06-07,146655.74,Active
A003703,C04958,B00801,Salary,2021-04-20,113361.95,Active
A003704,C01615,B00101,Current,2020-04-26,227244.01,Active
A003705,C00274,B00601,Premium Savings,2021-06-11,206201.96,Active
A003706,C00021,B00101,Current,2022-02-03,403914.1,Active
A003707,C01938,B00101,Savings,2022-06-24,315444.58,Active
A003708,C02171,B00701,Salary,2023-06-20,286248.02,Active
A003709,C00434,B01001,Salary,2020-10-22,218113.81,Active
A003710,C00986,B00201,Salary,2024-02-06,336039.55,Active
A003711,C03590,B01001,Current,2020-10-18,146866.24,Active
A003712,C02374,B00401,Premium Savings,2024-06-09,216897.88,Active
A003713,C00457,B00101,Current,2024-07-30,227039.7,Active
A003714,C01136,B00801,Current,2023-12-27,134547.0,Active
A003715,C01056,B00201,Savings,2021-03-02,57745.22,Active
A003716,C04314,B00901,Salary,2020-01-12,6270.06,Active
A003717,C01114,B00601,Savings,2022-04-25,186482.17,Active
A003718,C01435,B00101,Current,2024-09-22,257225.19,Active
A003719,C02364,B00601,Salary,2021-08-27,176892.69,Active
A003720,C00831,B00401,Salary,2022-07-05,176361.05,Active
A003721,C04999,B00801,Salary,2021-02-18,67015.36,Active
A003722,C02312,B00701,Premium Savings,2022-10-28,89687.59,Active
A003723,C04234,B00201,Premium Savings,2022-07-31,216675.8,Active
A003724,C02795,B00601,Salary,2021-12-19,211972.82,Active
A003725,C04779,B01001,Premium Savings,2020-05-04,450758.61,Active
A003726,C04069,B00301,Savings,2020-07-10,294333.17,Active
A003727,C02989,B00501,Current,2022-04-21,57483.95,Active
A003728,C00248,B01001,Current,2023-09-28,196308.21,Active
A003729,C00477,B00401,Savings,2020-06-11,252267.07,Active
A003730,C04237,B00901,Current,2020-11-04,183368.65,Active
A003731,C02642,B00201,Salary,2022-01-21,80637.74,Active
A003732,C03562,B00801,Current,2023-09-08,49746.21,Active
A003733,C03228,B00801,Premium Savings,2020-08-24,73001.52,Active
A003734,C01190,B00401,Current,2023-03-09,168219.9,Active
A003735,C00787,B01001,Current,2024-07-27,203012.47,Active
A003736,C01704,B01001,Savings,2020-09-12,219793.91,Active
A003737,C00104,B00701,Savings,2024-01-15,170521.98,Active
A003738,C00027,B01001,Premium Savings,2023-06-27,360665.72,Active
A003739,C01722,B00301,Current,2020-01-15,122831.22,Active
A003740,C01719,B00401,Premium Savings,2024-06-01,263153.25,Active
A003741,C03235,B01001,Salary,2020-06-27,215642.81,Active
A003742,C04695,B00301,Salary,2020-08-31,49158.92,Active
A003743,C02729,B00201,Premium Savings,2024-10-09,298233.09,Active
A003744,C02727,B00401,Current,2021-10-18,410644.13,Active
A003745,C02064,B00101,Current,2022-02-19,215955.78,Active
A003746,C04076,B00501,Savings,2020-06-22,259601.31,Active
A003747,C04775,B00501,Current,2021-05-30,121446.96,Active
A003748,C03605,B00401,Current,2024-08-30,33899.32,Active
A003749,C02514,B00301,Savings,2020-05-13,161956.17,Active
A003750,C00589,B00101,Current,2020-11-15,75304.63,Active
A003751,C00208,B00101,Savings,2021-10-03,222511.67,Active
A003752,C03975,B00201,Salary,2023-07-15,292619.81,Active
A003753,C04907,B00301,Salary,2020-01-29,245979.57,Active
A003754,C03985,B00901,Salary,2020-01-15,47870.51,Active
A003755,C00794,B00601,Premium Savings,2022-02-19,19748.51,Active
A003756,C04710,B00101,Savings,2024-07-03,196676.73,Active
A003757,C03668,B00201,Savings,2021-04-13,256420.41,Active
A003758,C03661,B00401,Salary,2021-07-12,362211.52,Active
A003759,C03059,B00601,Savings,2023-09-01,149506.7,Active
A003760,C01573,B00101,Premium Savings,2024-03-15,120285.42,Active
A003761,C00746,B00801,Premium Savings,2022-10-06,129463.8,Active
A003762,C01112,B01001,Salary,2023-12-06,313749.09,Active
A003763,C04856,B00201,Premium Savings,2021-08-05,176046.78,Active
A003764,C03273,B00201,Premium Savings,2022-05-03,88374.78,Active
A003765,C04429,B00601,Premium Savings,2023-05-23,196137.4,Active
A003766,C03146,B00901,Current,2021-07-15,205065.06,Active
A003767,C00696,B00601,Salary,2023-06-12,243323.88,Active
A003768,C00732,B00301,Premium Savings,2020-08-30,355945.88,Active
A003769,C04626,B00601,Current,2021-05-07,81489.51,Active
A003770,C03599,B00301,Salary,2022-05-10,202601.17,Active
A003771,C03286,B01001,Premium Savings,2024-11-29,216286.2,Active
A003772,C00560,B00401,Salary,2021-02-06,133155.02,Active
A003773,C03694,B00201,Current,2023-08-13,210829.52,Active
A003774,C00156,B01001,Savings,2023-08-01,102978.95,Active
A003775,C01540,B00201,Current,2023-05-30,282589.72,Active
A003776,C03862,B00301,Savings,2022-01-13,204000.56,Active
A003777,C02015,B00401,Salary,2022-03-18,228074.79,Active
A003778,C02564,B00201,Premium Savings,2023-10-03,383938.28,Active
A003779,C03679,B00301,Savings,2024-11-07,246658.34,Active
A003780,C01309,B00401,Savings,2022-09-17,234377.78,Active
A003781,C04149,B00301,Savings,2023-03-04,3132.27,Active
A003782,C00234,B00501,Salary,2024-01-25,159977.81,Active
A003783,C04175,B00601,Savings,2022-02-21,350437.44,Active
A003784,C04258,B00601,Premium Savings,2021-01-15,203885.86,Active
A003785,C04481,B00501,Salary,2024-07-22,203340.61,Active
A003786,C00950,B00501,Salary,2021-02-16,121764.95,Active
A003787,C00741,B00201,Premium Savings,2021-09-21,94787.67,Active
A003788,C01353,B00701,Premium Savings,2022-06-04,232023.92,Active
A003789,C04658,B01001,Premium Savings,2022-05-12,146251.38,Active
A003790,C02670,B00201,Premium Savings,2023-09-07,205485.52,Active
A003791,C04959,B00101,Salary,2023-03-04,267561.02,Active
A003792,C04210,B00901,Salary,2021-04-11,276832.84,Active
A003793,C03487,B00601,Savings,2020-03-14,275708.49,Active
A003794,C03724,B00601,Premium Savings,2023-03-22,121013.53,Active
A003795,C02622,B01001,Salary,2024-09-25,46436.52,Active
A003796,C04222,B00501,Salary,2020-10-02,153127.87,Active
A003797,C03985,B00901,Savings,2022-08-31,65978.54,Active
A003798,C03798,B00501,Premium Savings,2022-07-10,334665.77,Active
A003799,C03724,B00301,Salary,2022-08-12,245686.97,Active
A003800,C01184,B00501,Premium Savings,2024-04-19,138998.03,Active
A003801,C00735,B00101,Premium Savings,2022-10-25,290893.66,Active
A003802,C00730,B00401,Current,2021-04-04,231516.81,Active
A003803,C03451,B00401,Current,2021-11-13,222123.85,Active
A003804,C00481,B01001,Savings,2024-02-28,154041.42,Active
A003805,C02302,B00301,Savings,2021-09-12,313114.5,Active
A003806,C04666,B00101,Current,2024-10-16,127421.46,Active
A003807,C01272,B00601,Salary,2020-06-09,234828.5,Active
A003808,C03671,B00701,Savings,2023-05-31,280293.59,Active
A003809,C04316,B00601,Current,2020-04-25,389288.15,Active
A003810,C03165,B00101,Salary,2022-10-09,75608.29,Active
A003811,C00535,B00501,Savings,2023-10-11,82321.39,Active
A003812,C00701,B00601,Premium Savings,2021-04-24,224265.89,Active
A003813,C03056,B00101,Salary,2021-07-28,102292.0,Active
A003814,C04191,B00901,Current,2024-11-24,284063.22,Active
A003815,C04165,B00701,Salary,2020-02-06,202161.21,Active
A003816,C04458,B00601,Savings,2021-09-25,53187.82,Active
A003817,C02413,B00301,Current,2020-03-13,227223.17,Active
A003818,C01292,B00601,Savings,2022-02-02,156873.82,Active
A003819,C01086,B00101,Savings,2024-10-25,295058.87,Active
A003820,C04302,B00601,Premium Savings,2021-09-13,288099.89,Active
A003821,C01401,B00701,Current,2020-09-13,293013.84,Active
A003822,C00298,B00101,Premium Savings,2021-02-01,247151.97,Active
A003823,C01230,B00601,Salary,2022-06-11,134685.95,Active
A003824,C03159,B01001,Salary,2022-09-12,103916.78,Active
A003825,C01440,B01001,Current,2023-09-30,34107.12,Active
A003826,C02549,B00301,Current,2023-12-08,70718.96,Active
A003827,C04630,B01001,Salary,2020-03-26,267876.19,Active
A003828,C00692,B00501,Current,2023-08-07,0.0,Active
A003829,C01042,B00901,Savings,2023-10-17,197301.02,Active
A003830,C04756,B00601,Salary,2024-11-29,194617.64,Active
A003831,C02713,B00501,Salary,2020-02-09,321977.69,Active
A003832,C01232,B00601,Premium Savings,2023-08-26,195381.96,Active
A003833,C03781,B00401,Salary,2024-05-30,264195.7,Active
A003834,C00016,B00301,Current,2021-11-14,295209.15,Active
A003835,C03633,B01001,Savings,2021-10-27,4621.93,Active
A003836,C04303,B00501,Salary,2020-01-11,230513.44,Active
A003837,C03012,B00901,Premium Savings,2021-09-16,451961.33,Active
A003838,C03730,B00501,Salary,2024-06-26,49034.7,Active
A003839,C02383,B00601,Current,2022-02-27,316666.35,Active
A003840,C04907,B00601,Salary,2023-11-23,85967.4,Active
A003841,C03210,B00301,Salary,2021-05-30,194975.34,Active
A003842,C04772,B00301,Salary,2022-10-14,108895.23,Active
A003843,C03488,B00701,Salary,2021-10-07,93949.81,Active
A003844,C01004,B01001,Current,2022-07-27,154953.98,Active
A003845,C02229,B01001,Premium Savings,2022-05-22,171570.62,Active
A003846,C01448,B00801,Salary,2022-09-01,118316.72,Active
A003847,C04189,B01001,Current,2020-12-04,80483.72,Active
A003848,C02142,B00201,Salary,2021-12-02,82135.28,Active
A003849,C01677,B00201,Current,2023-08-29,210879.94,Active
A003850,C01041,B00401,Premium Savings,2020-04-18,172032.5,Active
A003851,C02505,B00101,Savings,2020-03-05,280392.35,Active
A003852,C00718,B00601,Salary,2024-09-19,59339.07,Active
A003853,C02282,B00301,Premium Savings,2022-04-17,318780.29,Active
A003854,C03550,B00701,Salary,2022-01-19,235927.24,Active
A003855,C01829,B00101,Premium Savings,2024-01-06,93604.78,Active
A003856,C00623,B00501,Premium Savings,2024-08-20,235389.43,Active
A003857,C01821,B00201,Premium Savings,2020-08-10,246738.11,Active
A003858,C01256,B00501,Salary,2024-10-16,172037.71,Active
A003859,C03833,B00301,Salary,2023-12-15,219885.81,Active
A003860,C02472,B00201,Premium Savings,2021-09-17,239407.24,Active
A003861,C01053,B00501,Premium Savings,2024-01-22,225247.93,Active
A003862,C03468,B00501,Savings,2021-04-03,23906.66,Active
A003863,C00863,B00301,Current,2023-08-12,82355.99,Active
A003864,C03899,B00301,Savings,2020-01-03,259244.04,Active
A003865,C04787,B00101,Salary,2020-01-04,239797.11,Active
A003866,C00150,B00201,Salary,2022-09-08,130486.39,Active
A003867,C00332,B00501,Salary,2021-01-31,157544.6,Active
A003868,C03503,B00901,Current,2024-07-15,208326.47,Active
A003869,C01241,B00101,Current,2020-03-03,193300.32,Active
A003870,C03540,B00101,Savings,2023-11-04,353431.7,Active
A003871,C03294,B00201,Current,2022-11-03,200005.86,Active
A003872,C04232,B00601,Current,2024-01-14,257263.55,Active
A003873,C04641,B00601,Current,2022-07-16,244823.86,Active
A003874,C01784,B00801,Premium Savings,2021-04-15,34223.56,Active
A003875,C04758,B00601,Current,2021-07-30,411528.7,Active
A003876,C04628,B00201,Current,2022-01-27,329519.94,Active
A003877,C02121,B00801,Premium Savings,2024-10-04,301542.51,Active
A003878,C02971,B00101,Current,2021-02-26,269283.75,Active
A003879,C02650,B00901,Current,2021-08-17,394657.92,Active
A003880,C02150,B00501,Salary,2024-09-03,86178.13,Active
A003881,C01914,B00601,Current,2020-11-20,35175.19,Active
A003882,C01304,B00101,Current,2024-09-06,14949.93,Active
A003883,C01463,B00201,Salary,2023-01-18,323223.98,Active
A003884,C04605,B00701,Current,2020-12-19,200231.59,Active
A003885,C00603,B01001,Salary,2020-07-22,82134.68,Active
A003886,C00741,B00701,Current,2022-06-02,364876.06,Active
A003887,C01611,B01001,Current,2022-03-27,124735.21,Active
A003888,C01028,B00201,Salary,2021-12-11,369286.46,Active
A003889,C03822,B00201,Salary,2022-07-15,0.0,Active
A003890,C04246,B00101,Savings,2021-01-16,0.0,Active
A003891,C04627,B00301,Salary,2021-12-27,95493.79,Active
A003892,C01226,B00501,Premium Savings,2023-03-26,147383.12,Active
A003893,C01906,B00201,Premium Savings,2022-01-18,55734.79,Active
A003894,C03908,B00501,Savings,2020-08-31,114999.84,Active
A003895,C04478,B00901,Savings,2021-10-09,250340.99,Active
A003896,C04639,B00801,Premium Savings,2024-08-21,0.0,Active
A003897,C02222,B01001,Savings,2024-10-04,154670.27,Active
A003898,C00022,B00101,Savings,2021-03-07,89689.39,Active
A003899,C00561,B01001,Premium Savings,2024-10-01,144834.23,Active
A003900,C02726,B00601,Savings,2023-12-05,208366.04,Active
A003901,C02244,B00201,Savings,2023-01-02,301814.16,Active
A003902,C04590,B00301,Savings,2022-08-19,238255.47,Active
A003903,C04059,B00401,Current,2021-06-08,158942.43,Active
A003904,C00693,B00201,Salary,2022-09-12,51729.47,Active
A003905,C00044,B00401,Savings,2024-07-15,358663.47,Active
A003906,C04945,B00601,Current,2024-03-14,248166.88,Active
A003907,C02843,B00501,Premium Savings,2023-12-15,185133.3,Active
A003908,C02591,B00801,Premium Savings,2023-06-05,36766.78,Active
A003909,C00652,B01001,Current,2022-11-08,460679.18,Active
A003910,C04518,B00301,Salary,2023-03-03,114341.74,Active
A003911,C01835,B00301,Premium Savings,2021-08-08,272325.59,Active
A003912,C03805,B00501,Savings,2022-03-13,339626.53,Active
A003913,C01901,B00801,Savings,2024-05-12,445414.32,Active
A003914,C02341,B00301,Premium Savings,2021-01-22,271416.53,Active
A003915,C04586,B00201,Current,2022-12-22,0.0,Active
A003916,C02008,B00701,Premium Savings,2020-04-19,256756.21,Active
A003917,C03403,B00401,Salary,2022-03-23,197131.59,Active
A003918,C01603,B00501,Premium Savings,2020-06-24,141366.87,Active
A003919,C02507,B00101,Savings,2021-09-08,78400.13,Active
A003920,C03881,B00801,Savings,2021-11-23,200240.07,Active
A003921,C01126,B00901,Current,2021-11-30,269380.65,Active
A003922,C02972,B00401,Salary,2024-06-06,90962.1,Active
A003923,C01029,B00801,Current,2022-10-07,182260.89,Active
A003924,C02420,B00201,Current,2020-09-25,0.0,Active
A003925,C01879,B00301,Savings,2023-12-14,162398.7,Active
A003926,C01639,B00901,Premium Savings,2022-06-16,329409.0,Active
A003927,C02013,B00101,Premium Savings,2021-05-01,191127.56,Active
A003928,C02974,B00201,Premium Savings,2023-01-17,224664.36,Active
A003929,C02835,B00101,Current,2024-11-20,276146.94,Active
A003930,C00317,B00701,Premium Savings,2022-10-25,253910.43,Active
A003931,C01179,B00301,Savings,2024-01-09,116061.43,Active
A003932,C00674,B00201,Current,2021-09-20,238859.49,Active
A003933,C03460,B00401,Salary,2024-02-27,303571.94,Active
A003934,C03073,B00401,Savings,2023-02-19,418242.89,Active
A003935,C01542,B00501,Premium Savings,2023-08-08,379808.58,Active
A003936,C00555,B00901,Salary,2020-10-23,244366.68,Active
A003937,C01184,B00501,Salary,2021-12-19,154977.65,Active
A003938,C03665,B01001,Savings,2020-06-10,307657.05,Active
A003939,C00843,B00101,Current,2020-12-20,173473.59,Active
A003940,C01331,B00401,Current,2022-09-24,117465.52,Active
A003941,C03478,B00701,Salary,2021-04-13,300120.6,Active
A003942,C02824,B00601,Salary,2021-08-22,216526.58,Active
A003943,C04722,B00301,Savings,2021-03-30,49880.97,Active
A003944,C01660,B00501,Premium Savings,2024-03-25,281617.6,Active
A003945,C02347,B00301,Salary,2021-01-09,59202.47,Active
A003946,C03966,B01001,Current,2024-01-18,206392.03,Active
A003947,C04961,B00201,Salary,2020-09-07,170169.87,Active
A003948,C01438,B00301,Premium Savings,2021-06-30,81662.48,Active
A003949,C01348,B00701,Salary,2021-02-12,137437.89,Active
A003950,C04223,B00301,Salary,2023-08-20,232849.35,Active
A003951,C00269,B00401,Current,2020-02-15,58191.42,Active
A003952,C03715,B00201,Premium Savings,2023-06-11,187709.87,Active
A003953,C03414,B00501,Salary,2022-08-06,401452.9,Active
A003954,C02378,B00201,Current,2021-11-25,90042.65,Active
A003955,C03956,B00201,Premium Savings,2020-01-09,167906.82,Active
A003956,C01367,B00601,Current,2020-02-28,491934.77,Active
A003957,C03931,B00401,Savings,2024-04-12,292920.58,Active
A003958,C02304,B00201,Savings,2024-03-03,243805.95,Active
A003959,C02802,B00201,Current,2024-02-05,78350.9,Active
A003960,C01827,B00401,Current,2020-06-22,433273.87,Active
A003961,C00246,B00201,Salary,2023-09-14,8102.62,Active
A003962,C04781,B00401,Savings,2024-07-18,245235.84,Active
A003963,C03905,B00501,Salary,2020-09-08,220392.21,Active
A003964,C02114,B00101,Savings,2020-03-08,67373.1,Active
A003965,C04004,B01001,Salary,2024-10-13,240547.58,Active
A003966,C01486,B00301,Savings,2024-08-26,119321.8,Active
A003967,C00932,B00301,Premium Savings,2024-07-07,389066.9,Active
A003968,C02334,B00101,Salary,2021-11-21,214744.99,Active
A003969,C01499,B00601,Premium Savings,2021-01-10,302760.67,Active
A003970,C00816,B00401,Premium Savings,2020-08-11,350019.0,Active
A003971,C01735,B00101,Premium Savings,2023-12-09,127364.82,Active
A003972,C02106,B00801,Salary,2024-04-21,167293.87,Active
A003973,C01317,B01001,Premium Savings,2020-06-04,155419.11,Active
A003974,C03924,B00301,Savings,2021-06-06,71272.69,Active
A003975,C00581,B00501,Current,2021-12-07,33384.58,Active
A003976,C03451,B00201,Savings,2023-03-11,265747.3,Active
A003977,C03291,B00701,Salary,2024-10-25,178463.68,Active
A003978,C03285,B00501,Savings,2023-03-04,188060.83,Active
A003979,C01701,B00801,Premium Savings,2022-02-01,60258.24,Active
A003980,C02924,B00601,Salary,2021-01-02,2793.52,Active
A003981,C00787,B00101,Current,2023-02-28,339770.6,Active
A003982,C03050,B00901,Current,2021-01-01,434871.84,Active
A003983,C01661,B00901,Premium Savings,2020-08-13,168993.93,Active
A003984,C04863,B01001,Current,2022-02-11,185082.46,Active
A003985,C01422,B00801,Savings,2020-07-03,283929.7,Active
A003986,C02139,B00201,Current,2023-01-08,113340.14,Active
A003987,C02370,B00601,Savings,2024-10-22,298569.43,Active
A003988,C01263,B00101,Salary,2022-04-22,101204.67,Active
A003989,C03748,B00301,Savings,2020-03-18,8601.28,Active
A003990,C03314,B00301,Current,2023-12-30,333938.4,Active
A003991,C01948,B00501,Savings,2023-06-09,87636.17,Active
A003992,C01208,B00101,Salary,2021-09-23,265633.81,Active
A003993,C00002,B00501,Salary,2023-05-10,186026.24,Active
A003994,C02514,B00701,Premium Savings,2021-05-01,60476.48,Active
A003995,C03440,B00101,Savings,2022-08-11,373252.43,Active
A003996,C03495,B00701,Savings,2023-12-07,287557.16,Active
A003997,C00246,B01001,Current,2022-04-10,344399.11,Active
A003998,C02202,B00601,Savings,2022-04-06,120074.88,Active
A003999,C03611,B00101,Salary,2024-04-07,352306.06,Active
A004000,C00912,B00201,Premium Savings,2021-06-06,336142.12,Active
A004001,C02525,B00201,Salary,2022-09-19,262889.7,Active
A004002,C01238,B00401,Current,2022-01-08,76991.11,Active
A004003,C01928,B00901,Salary,2020-12-31,57439.23,Active
A004004,C04234,B00601,Current,2022-01-16,159629.76,Active
A004005,C03984,B00201,Current,2020-01-29,309776.36,Active
A004006,C03538,B00501,Savings,2022-07-21,265657.71,Active
A004007,C04268,B00201,Savings,2023-11-21,158414.07,Active
A004008,C04633,B00601,Savings,2024-09-26,210945.34,Active
A004009,C01536,B00501,Savings,2020-08-19,141139.67,Active
A004010,C02971,B00101,Premium Savings,2023-09-29,0.0,Active
A004011,C01078,B00901,Salary,2021-09-08,119511.31,Active
A004012,C03998,B00401,Premium Savings,2023-12-07,203630.93,Active
A004013,C02570,B00301,Salary,2020-05-04,228822.1,Active
A004014,C00109,B00401,Premium Savings,2022-06-15,311722.25,Active
A004015,C04398,B00501,Savings,2023-03-05,241960.41,Active
A004016,C01705,B00101,Current,2022-04-30,322181.08,Active
A004017,C02021,B01001,Savings,2022-01-22,0.0,Active
A004018,C03788,B00401,Current,2022-02-27,114063.45,Active
A004019,C01387,B01001,Current,2022-11-02,427504.86,Active
A004020,C00843,B00901,Savings,2021-01-10,433207.23,Active
A004021,C03107,B00101,Premium Savings,2023-11-28,213809.95,Active
A004022,C04557,B00201,Premium Savings,2024-06-26,316464.8,Active
A004023,C03117,B00901,Savings,2024-04-02,173200.5,Active
A004024,C00178,B00501,Premium Savings,2024-05-11,57484.25,Active
A004025,C04706,B00301,Premium Savings,2023-08-13,42409.95,Active
A004026,C00214,B00601,Premium Savings,2022-04-18,287416.45,Active
A004027,C01653,B00501,Current,2022-10-31,116897.56,Active
A004028,C00288,B00601,Premium Savings,2023-09-03,209628.61,Active
A004029,C00120,B00101,Salary,2024-11-26,466155.6,Active
A004030,C03656,B00701,Savings,2023-02-13,29336.04,Active
A004031,C03052,B00101,Current,2020-08-13,412531.55,Active
A004032,C02528,B00201,Salary,2022-12-27,119175.56,Active
A004033,C00402,B00201,Premium Savings,2020-04-30,16858.76,Active
A004034,C01883,B00901,Premium Savings,2021-03-28,287689.78,Active
A004035,C00979,B00801,Salary,2024-05-10,130486.8,Active
A004036,C02597,B00601,Savings,2022-06-07,63464.83,Active
A004037,C04412,B00401,Salary,2022-09-22,192548.18,Active
A004038,C00802,B00201,Savings,2021-05-26,11241.27,Active
A004039,C04832,B01001,Current,2023-10-29,62954.98,Active
A004040,C01962,B00901,Savings,2021-04-18,344454.34,Active
A004041,C00873,B00101,Salary,2022-03-20,90919.28,Active
A004042,C02880,B00901,Salary,2022-02-17,483793.33,Active
A004043,C02451,B00201,Premium Savings,2020-08-13,298390.71,Active
A004044,C04441,B00801,Premium Savings,2023-03-03,190989.52,Active
A004045,C00775,B00601,Salary,2024-08-07,410136.76,Active
A004046,C01740,B00301,Savings,2021-08-22,164956.0,Active
A004047,C04295,B01001,Savings,2023-08-27,291752.89,Active
A004048,C01573,B00501,Current,2020-05-12,130203.13,Active
A004049,C03099,B00101,Salary,2022-11-06,55613.86,Active
A004050,C02372,B00101,Current,2020-12-10,233678.01,Active
A004051,C04714,B00501,Premium Savings,2023-02-11,96768.41,Active
A004052,C01715,B01001,Current,2023-02-08,180039.21,Active
A004053,C03894,B00301,Current,2023-11-01,106936.46,Active
A004054,C02041,B00501,Savings,2022-04-28,204668.94,Active
A004055,C02494,B00301,Premium Savings,2023-09-04,258682.98,Active
A004056,C02282,B00201,Current,2023-01-19,183722.75,Active
A004057,C02329,B00801,Current,2024-07-31,298679.2,Active
A004058,C01467,B00401,Premium Savings,2023-07-31,341490.68,Active
A004059,C03368,B00301,Premium Savings,2024-07-05,212363.58,Active
A004060,C00650,B00601,Current,2024-04-28,159814.63,Active
A004061,C01216,B01001,Premium Savings,2024-02-22,199947.48,Active
A004062,C02686,B00901,Savings,2024-09-09,249825.4,Active
A004063,C04962,B00101,Premium Savings,2020-08-14,156203.7,Active
A004064,C04610,B01001,Current,2023-10-29,124284.63,Active
A004065,C00543,B00201,Savings,2021-06-16,256512.02,Active
A004066,C00135,B00201,Savings,2023-08-12,104095.53,Active
A004067,C03941,B00601,Current,2022-07-27,186773.02,Active
A004068,C03821,B00501,Current,2022-08-20,303436.86,Active
A004069,C01408,B00501,Current,2022-06-17,232658.13,Active
A004070,C04986,B00301,Premium Savings,2022-06-12,115217.68,Active
A004071,C02605,B01001,Savings,2021-02-27,117864.46,Active
A004072,C03706,B00401,Savings,2021-04-04,233151.02,Active
A004073,C04141,B00501,Savings,2022-03-20,293655.61,Active
A004074,C00744,B00601,Premium Savings,2021-07-22,266730.63,Active
A004075,C01258,B00301,Salary,2020-10-16,267596.57,Active
A004076,C04790,B00101,Salary,2023-04-27,143464.45,Active
A004077,C04927,B00101,Premium Savings,2023-05-12,205799.19,Active
A004078,C03176,B00901,Salary,2024-10-25,75943.08,Active
A004079,C03474,B00601,Savings,2022-12-02,246887.32,Active
A004080,C03133,B00101,Savings,2023-11-30,87968.01,Active
A004081,C02120,B01001,Savings,2022-03-17,1792.58,Active
A004082,C01039,B00101,Savings,2023-01-10,106871.15,Active
A004083,C04096,B00601,Current,2024-06-05,178062.76,Active
A004084,C00946,B00301,Savings,2022-08-07,264365.45,Active
A004085,C04086,B00901,Premium Savings,2022-08-05,248959.24,Active
A004086,C02873,B00301,Current,2021-12-09,351799.94,Active
A004087,C02827,B00201,Salary,2023-01-03,134476.24,Active
A004088,C00357,B00101,Premium Savings,2022-02-28,93282.51,Active
A004089,C01352,B00101,Salary,2024-06-28,132973.73,Active
A004090,C03754,B00801,Salary,2023-10-31,126391.75,Active
A004091,C01717,B00201,Salary,2020-02-14,433721.23,Active
A004092,C00683,B01001,Current,2020-01-03,70765.12,Active
A004093,C04506,B00301,Savings,2022-12-12,234401.04,Active
A004094,C04353,B00301,Savings,2021-04-29,0.0,Active
A004095,C04300,B00401,Premium Savings,2024-10-12,46248.41,Active
A004096,C04973,B00601,Savings,2024-07-23,127126.08,Active
A004097,C01952,B00101,Premium Savings,2023-03-23,91809.8,Active
A004098,C04622,B00501,Savings,2023-12-01,241041.1,Active
A004099,C02267,B00501,Premium Savings,2024-03-19,141344.84,Active
A004100,C04091,B00601,Current,2024-08-11,181121.73,Active
A004101,C01551,B00601,Savings,2021-02-11,145252.67,Active
A004102,C01769,B01001,Current,2023-01-03,453028.12,Active
A004103,C04717,B00701,Savings,2023-09-21,300448.03,Active
A004104,C03911,B00701,Salary,2024-08-05,0.0,Active
A004105,C00015,B00901,Premium Savings,2024-05-14,47903.28,Active
A004106,C00999,B00201,Premium Savings,2023-02-25,150396.9,Active
A004107,C00979,B00201,Current,2023-12-08,207737.33,Active
A004108,C01944,B00201,Premium Savings,2022-01-29,334982.59,Active
A004109,C00433,B00101,Premium Savings,2024-07-05,89407.36,Active
A004110,C00314,B00401,Salary,2021-12-27,76573.14,Active
A004111,C00584,B00801,Savings,2024-08-09,314509.73,Active
A004112,C04552,B00301,Premium Savings,2023-08-22,227272.51,Active
A004113,C01341,B00301,Premium Savings,2020-06-06,238510.39,Active
A004114,C04354,B01001,Savings,2022-07-30,220740.15,Active
A004115,C00303,B00301,Savings,2022-08-09,303420.24,Active
A004116,C04110,B00301,Premium Savings,2021-11-21,174588.32,Active
A004117,C04557,B00601,Premium Savings,2020-01-20,267509.9,Active
A004118,C03541,B00901,Premium Savings,2020-07-25,185618.07,Active
A004119,C02127,B00901,Savings,2023-01-16,91102.07,Active
A004120,C01447,B00801,Savings,2020-07-19,311225.94,Active
A004121,C01809,B00301,Salary,2023-03-05,349222.02,Active
A004122,C03244,B00901,Salary,2020-04-22,133884.14,Active
A004123,C00235,B00401,Current,2020-05-01,168449.23,Active
A004124,C01551,B00301,Savings,2021-06-01,243322.59,Active
A004125,C03115,B01001,Savings,2020-07-22,35671.34,Active
A004126,C03561,B00901,Salary,2020-05-07,249142.04,Active
A004127,C04358,B00101,Salary,2024-05-28,264025.04,Active
A004128,C01739,B00301,Current,2020-05-16,225501.61,Active
A004129,C04495,B00801,Premium Savings,2021-03-14,243405.74,Active
A004130,C04730,B00501,Salary,2020-06-21,122892.75,Active
A004131,C03352,B01001,Current,2022-08-21,138775.41,Active
A004132,C03198,B00901,Current,2024-08-11,253940.49,Active
A004133,C03462,B00501,Savings,2021-04-15,261861.57,Active
A004134,C03049,B00501,Premium Savings,2020-04-26,66727.71,Active
A004135,C00566,B00501,Savings,2022-11-13,103452.86,Active
A004136,C04239,B00301,Current,2022-04-04,42802.63,Active
A004137,C03162,B00101,Premium Savings,2023-05-30,73042.36,Active
A004138,C02491,B00401,Salary,2024-07-16,273602.1,Active
A004139,C03864,B00101,Salary,2023-08-22,207405.55,Active
A004140,C00274,B00201,Salary,2021-01-07,91319.05,Active
A004141,C03812,B00301,Savings,2023-07-04,246184.85,Active
A004142,C03661,B00601,Current,2024-01-28,54402.08,Active
A004143,C04481,B00701,Savings,2023-11-16,33963.95,Active
A004144,C04715,B00201,Savings,2023-06-30,260960.29,Active
A004145,C00859,B00601,Premium Savings,2021-06-10,376149.41,Active
A004146,C00839,B00301,Current,2021-09-02,311595.7,Active
A004147,C02732,B00701,Current,2023-08-26,109430.6,Active
A004148,C04186,B00401,Salary,2020-08-08,218903.86,Active
A004149,C02399,B00601,Savings,2021-08-17,252388.65,Active
A004150,C04385,B00801,Salary,2021-04-26,179254.95,Active
A004151,C00450,B00901,Savings,2020-11-20,285027.75,Active
A004152,C04195,B01001,Premium Savings,2023-04-02,76716.33,Active
A004153,C03081,B00801,Savings,2021-04-20,325922.02,Active
A004154,C02405,B00601,Salary,2022-11-02,252442.28,Active
A004155,C01259,B00601,Savings,2020-05-22,169549.48,Active
A004156,C00508,B00201,Savings,2023-12-30,165470.01,Active
A004157,C04934,B00601,Premium Savings,2023-08-22,311994.22,Active
A004158,C00683,B00501,Current,2021-05-01,15703.75,Active
A004159,C03394,B00501,Salary,2024-09-15,76376.15,Active
A004160,C04007,B00901,Savings,2024-06-18,391112.01,Active
A004161,C01546,B01001,Premium Savings,2024-01-30,172081.59,Active
A004162,C01422,B00701,Premium Savings,2022-10-09,184090.84,Active
A004163,C00641,B00201,Savings,2023-01-29,149144.27,Active
A004164,C00075,B00401,Premium Savings,2024-03-17,148793.87,Active
A004165,C03050,B00501,Salary,2024-10-13,311557.1,Active
A004166,C02929,B00501,Current,2020-08-16,21977.96,Active
A004167,C03634,B00401,Savings,2022-08-17,44647.27,Active
A004168,C04557,B00601,Salary,2023-02-24,256000.06,Active
A004169,C04103,B00101,Savings,2023-01-09,174809.94,Active
A004170,C03228,B00501,Premium Savings,2021-07-09,0.0,Active
A004171,C01129,B01001,Salary,2023-07-15,21992.17,Active
A004172,C03542,B00401,Premium Savings,2023-11-11,156227.11,Active
A004173,C01577,B00201,Premium Savings,2023-06-07,320767.74,Active
A004174,C01605,B00701,Current,2020-07-21,251883.23,Active
A004175,C01710,B00401,Salary,2020-06-30,496302.63,Active
A004176,C02690,B01001,Salary,2020-06-21,1807.16,Active
A004177,C02087,B00501,Premium Savings,2023-02-25,52908.64,Active
A004178,C01917,B00401,Premium Savings,2021-07-14,152991.88,Active
A004179,C03229,B00101,Premium Savings,2022-05-01,146543.81,Active
A004180,C00853,B00501,Current,2020-12-03,279867.4,Active
A004181,C01614,B00601,Premium Savings,2023-05-16,167921.98,Active
A004182,C03696,B00501,Savings,2021-08-09,82603.16,Active
A004183,C02342,B01001,Premium Savings,2020-11-19,281760.26,Active
A004184,C01079,B01001,Premium Savings,2020-02-12,204967.57,Active
A004185,C03058,B00301,Salary,2024-01-06,234201.82,Active
A004186,C02495,B01001,Premium Savings,2020-09-25,263922.74,Active
A004187,C01528,B00501,Salary,2023-02-11,106989.88,Active
A004188,C01843,B00101,Premium Savings,2023-11-19,189450.51,Active
A004189,C00335,B00501,Premium Savings,2021-08-16,0.0,Active
A004190,C00737,B00701,Premium Savings,2023-03-06,404718.7,Active
A004191,C00810,B00601,Salary,2020-04-15,194674.24,Active
A004192,C03748,B00801,Current,2023-03-22,56921.09,Active
A004193,C00769,B01001,Premium Savings,2021-02-08,353575.0,Active
A004194,C01147,B00301,Premium Savings,2024-08-10,381053.94,Active
A004195,C04005,B00101,Premium Savings,2022-08-01,315333.55,Active
A004196,C01646,B00101,Salary,2020-07-01,256816.78,Active
A004197,C00702,B00901,Savings,2023-03-25,390582.49,Active
A004198,C00794,B00401,Savings,2023-06-11,400758.33,Active
A004199,C02548,B01001,Savings,2020-08-28,92811.58,Active
A004200,C03330,B00601,Savings,2020-12-10,239532.45,Active
A004201,C01414,B00501,Current,2020-04-29,211578.96,Active
A004202,C03189,B00101,Salary,2020-01-28,160988.41,Active
A004203,C01578,B00101,Savings,2021-09-22,216383.47,Active
A004204,C01190,B00101,Savings,2021-10-02,278656.85,Active
A004205,C01029,B00701,Current,2024-02-24,80299.87,Active
A004206,C02977,B00401,Premium Savings,2022-12-13,298017.4,Active
A004207,C00416,B00201,Premium Savings,2020-02-02,110699.64,Active
A004208,C01262,B00901,Savings,2020-03-03,248725.68,Active
A004209,C02392,B00501,Savings,2022-04-08,339883.58,Active
A004210,C00766,B00401,Salary,2022-07-14,225394.65,Active
A004211,C04646,B00301,Salary,2021-05-15,239091.17,Active
A004212,C03013,B00901,Salary,2020-11-01,178745.16,Active
A004213,C02804,B00901,Current,2023-02-14,139686.36,Active
A004214,C03928,B00201,Current,2021-05-07,171441.32,Active
A004215,C00029,B00301,Current,2021-09-04,87005.08,Active
A004216,C03976,B00401,Current,2021-07-28,114239.03,Active
A004217,C03739,B00701,Savings,2022-04-10,199735.18,Active
A004218,C02750,B00401,Current,2024-11-16,316352.45,Active
A004219,C00385,B01001,Savings,2024-09-24,261167.57,Active
A004220,C00984,B01001,Savings,2020-12-08,170091.57,Active
A004221,C03931,B01001,Salary,2020-05-11,186066.64,Active
A004222,C00115,B00601,Current,2020-01-19,184524.61,Active
A004223,C00659,B00401,Savings,2024-07-31,382141.44,Active
A004224,C00031,B00201,Salary,2022-12-21,205018.75,Active
A004225,C01091,B00601,Salary,2021-12-09,256995.59,Active
A004226,C02041,B00201,Premium Savings,2022-03-12,264172.81,Active
A004227,C00832,B00701,Salary,2020-05-23,344200.46,Active
A004228,C04570,B00601,Current,2021-11-06,149599.55,Active
A004229,C04757,B00401,Current,2023-09-08,300441.2,Active
A004230,C04721,B00801,Salary,2023-11-16,123190.69,Active
A004231,C03208,B00601,Savings,2023-02-26,250211.52,Active
A004232,C01261,B00601,Salary,2020-05-20,335483.73,Active
A004233,C03342,B00201,Current,2021-09-13,316342.03,Active
A004234,C02258,B01001,Salary,2023-01-28,243112.45,Active
A004235,C01447,B00501,Premium Savings,2023-02-15,239481.53,Active
A004236,C00274,B00901,Savings,2023-09-08,123022.58,Active
A004237,C00447,B00901,Premium Savings,2023-11-08,108245.46,Active
A004238,C04994,B00901,Savings,2020-12-04,0.0,Active
A004239,C03499,B00701,Salary,2022-10-17,163544.97,Active
A004240,C00731,B00301,Savings,2022-04-22,137262.82,Active
A004241,C02957,B00401,Savings,2024-10-22,320039.1,Active
A004242,C03891,B00201,Premium Savings,2022-12-27,206770.02,Active
A004243,C00578,B00101,Salary,2023-10-03,49298.67,Active
A004244,C04828,B01001,Savings,2022-08-17,345263.19,Active
A004245,C03099,B00501,Salary,2021-09-19,283936.18,Active
A004246,C02088,B00301,Current,2022-03-19,35993.22,Active
A004247,C01920,B00501,Premium Savings,2023-02-17,158546.38,Active
A004248,C04601,B00201,Salary,2023-01-19,375409.6,Active
A004249,C02796,B00901,Premium Savings,2020-09-20,256656.42,Active
A004250,C01398,B00301,Savings,2020-09-10,93141.57,Active
A004251,C04288,B00501,Salary,2020-02-09,340168.89,Active
A004252,C04995,B01001,Savings,2022-08-21,0.0,Active
A004253,C02723,B00601,Salary,2024-01-02,298808.91,Active
A004254,C01110,B00101,Salary,2023-04-20,324769.89,Active
A004255,C01199,B00101,Salary,2020-03-02,134793.65,Active
A004256,C04208,B00101,Premium Savings,2024-07-21,123364.16,Active
A004257,C00536,B00701,Premium Savings,2020-11-02,237851.53,Active
A004258,C01821,B00601,Savings,2022-06-21,130027.03,Active
A004259,C02497,B00801,Savings,2020-06-03,90669.83,Active
A004260,C04576,B00801,Current,2021-08-22,226065.52,Active
A004261,C02439,B00101,Savings,2023-03-11,271298.89,Active
A004262,C02445,B00601,Premium Savings,2023-07-17,149612.06,Active
A004263,C00067,B00201,Current,2022-11-25,280584.69,Active
A004264,C00703,B00301,Current,2021-04-21,139897.35,Active
A004265,C03522,B00101,Premium Savings,2022-08-31,238258.72,Active
A004266,C03728,B00901,Savings,2024-09-16,0.0,Active
A004267,C03699,B00401,Current,2022-06-17,0.0,Active
A004268,C04780,B00301,Salary,2022-01-22,292916.27,Active
A004269,C03390,B00401,Salary,2023-11-16,196011.2,Active
A004270,C04858,B00501,Salary,2022-10-02,117471.56,Active
A004271,C02572,B00901,Salary,2020-02-02,337173.7,Active
A004272,C00382,B00501,Premium Savings,2024-01-07,176971.67,Active
A004273,C04056,B00401,Salary,2020-11-11,147362.52,Active
A004274,C04794,B01001,Current,2023-02-13,278759.84,Active
A004275,C02990,B00301,Savings,2020-05-28,149689.2,Active
A004276,C01504,B00201,Savings,2022-05-16,288704.75,Active
A004277,C01772,B01001,Salary,2022-09-02,89711.19,Active
A004278,C03670,B00901,Salary,2023-09-21,268417.16,Active
A004279,C04520,B00401,Current,2024-04-12,229691.45,Active
A004280,C00083,B00201,Savings,2021-10-22,204828.32,Active
A004281,C04721,B01001,Premium Savings,2022-05-01,134557.84,Active
A004282,C00375,B00901,Premium Savings,2024-04-07,0.0,Active
A004283,C00594,B00901,Salary,2021-04-06,49487.11,Active
A004284,C02492,B00601,Premium Savings,2024-10-29,95935.74,Active
A004285,C00488,B00901,Premium Savings,2022-05-18,33295.37,Active
A004286,C02537,B00601,Current,2023-06-23,200221.77,Active
A004287,C04916,B00301,Current,2020-06-13,127302.19,Active
A004288,C04594,B00501,Current,2020-01-20,209973.57,Active
A004289,C00357,B00701,Savings,2023-05-20,203153.17,Active
A004290,C01676,B00401,Current,2023-01-23,267858.29,Active
A004291,C02014,B00101,Salary,2024-07-28,218196.84,Active
A004292,C03537,B00201,Premium Savings,2022-07-06,284082.86,Active
A004293,C02853,B00201,Salary,2024-10-03,65534.53,Active
A004294,C01245,B00501,Salary,2020-08-17,112097.98,Active
A004295,C04720,B00501,Current,2023-12-14,42665.86,Active
A004296,C03109,B00801,Savings,2021-01-30,322289.8,Active
A004297,C00409,B00601,Current,2023-05-23,240243.87,Active
A004298,C03963,B00301,Current,2021-12-07,247724.74,Active
A004299,C04660,B00101,Premium Savings,2020-08-15,161956.54,Active
A004300,C00263,B00401,Current,2022-12-21,62513.98,Active
A004301,C00696,B01001,Premium Savings,2022-01-12,347654.44,Active
A004302,C02075,B01001,Savings,2023-11-24,340385.77,Active
A004303,C00877,B00101,Current,2024-03-25,226806.95,Active
A004304,C00686,B00501,Current,2021-12-07,255914.71,Active
A004305,C04997,B00601,Salary,2022-06-16,216811.3,Active
A004306,C00879,B00901,Savings,2023-03-22,354185.03,Active
A004307,C01508,B00401,Savings,2023-12-19,118262.55,Active
A004308,C00826,B00101,Salary,2022-04-25,100550.94,Active
A004309,C00628,B01001,Premium Savings,2023-02-05,314862.84,Active
A004310,C02356,B00401,Salary,2024-11-26,488267.4,Active
A004311,C02174,B00901,Current,2021-08-19,346726.69,Active
A004312,C04435,B00301,Salary,2021-03-19,268146.95,Active
A004313,C02547,B00401,Premium Savings,2023-07-04,52837.56,Active
A004314,C03195,B00601,Salary,2024-07-07,212199.8,Active
A004315,C01166,B00201,Salary,2020-08-16,356674.38,Active
A004316,C00108,B00301,Savings,2020-05-16,183157.46,Active
A004317,C03897,B00801,Salary,2020-03-24,51041.46,Active
A004318,C03431,B00101,Salary,2022-10-04,220431.39,Active
A004319,C03898,B00501,Premium Savings,2022-06-30,53447.13,Active
A004320,C00365,B00601,Savings,2022-06-20,130202.94,Active
A004321,C00476,B00101,Current,2023-09-16,462780.76,Active
A004322,C01419,B00901,Premium Savings,2021-06-01,275573.74,Active
A004323,C01872,B00601,Current,2023-10-26,305146.82,Active
A004324,C03750,B00501,Premium Savings,2020-09-23,337279.39,Active
A004325,C00750,B00501,Savings,2022-05-24,151795.97,Active
A004326,C04879,B00501,Current,2021-06-28,326853.89,Active
A004327,C04508,B01001,Current,2023-04-15,139006.47,Active
A004328,C00634,B00701,Savings,2024-03-19,299052.99,Active
A004329,C01109,B00901,Premium Savings,2021-04-04,128611.31,Active
A004330,C02856,B00701,Savings,2024-06-12,254716.13,Active
A004331,C01021,B00601,Premium Savings,2021-05-30,267734.51,Active
A004332,C00610,B00201,Current,2024-08-27,146391.19,Active
A004333,C00272,B00601,Premium Savings,2020-04-09,125062.63,Active
A004334,C01525,B00301,Salary,2021-11-25,153601.94,Active
A004335,C04185,B00201,Salary,2021-01-23,112421.53,Active
A004336,C03899,B00201,Current,2023-07-08,204807.18,Active
A004337,C04810,B00901,Salary,2022-02-07,313272.06,Active
A004338,C04834,B00601,Current,2023-08-14,164037.79,Active
A004339,C04984,B00901,Premium Savings,2023-10-09,218516.83,Active
A004340,C02589,B00901,Salary,2023-06-16,154832.4,Active
A004341,C02049,B00601,Salary,2024-06-25,270312.59,Active
A004342,C04767,B00701,Premium Savings,2022-11-09,186141.41,Active
A004343,C00537,B00301,Salary,2024-07-11,133234.37,Active
A004344,C04262,B00701,Current,2024-07-12,337943.31,Active
A004345,C01581,B00901,Current,2024-10-05,231123.05,Active
A004346,C01039,B00701,Current,2023-02-17,248367.88,Active
A004347,C03202,B00301,Current,2020-09-15,253699.62,Active
A004348,C03549,B00101,Premium Savings,2022-08-27,152964.26,Active
A004349,C01682,B00701,Current,2020-08-28,87882.89,Active
A004350,C03762,B00701,Premium Savings,2021-12-12,170952.54,Active
A004351,C02861,B00301,Current,2022-08-09,329926.3,Active
A004352,C00352,B00101,Premium Savings,2021-06-22,281809.15,Active
A004353,C03193,B00301,Current,2024-05-17,271061.27,Active
A004354,C04569,B00501,Premium Savings,2021-07-14,0.0,Active
A004355,C01116,B00901,Premium Savings,2023-12-19,164501.37,Active
A004356,C00127,B00301,Savings,2023-03-21,129562.62,Active
A004357,C02965,B00601,Premium Savings,2024-06-06,425612.93,Active
A004358,C03168,B00901,Current,2021-04-27,310560.96,Active
A004359,C01927,B00401,Savings,2022-02-11,287380.02,Active
A004360,C02507,B00101,Savings,2022-09-23,91295.26,Active
A004361,C02678,B00801,Premium Savings,2020-01-19,224858.23,Active
A004362,C02238,B00501,Salary,2022-02-06,272620.48,Active
A004363,C03447,B00501,Premium Savings,2020-11-20,346706.93,Active
A004364,C03462,B00301,Premium Savings,2021-06-04,163437.23,Active
A004365,C03610,B00101,Current,2020-05-25,389352.71,Active
A004366,C00223,B00701,Savings,2024-09-12,205448.95,Active
A004367,C03190,B00601,Current,2020-09-08,453765.89,Active
A004368,C04759,B00301,Premium Savings,2020-04-01,116811.6,Active
A004369,C02565,B00501,Premium Savings,2020-07-07,77964.37,Active
A004370,C04519,B00601,Salary,2021-02-14,257542.33,Active
A004371,C04524,B00401,Current,2022-04-09,160703.37,Active
A004372,C00660,B00301,Salary,2023-01-25,0.0,Active
A004373,C03678,B00101,Premium Savings,2022-07-08,112169.52,Active
A004374,C02341,B00601,Current,2022-11-14,110008.83,Active
A004375,C01927,B00301,Savings,2024-10-21,342420.34,Active
A004376,C03356,B01001,Savings,2021-12-21,130569.25,Active
A004377,C00414,B00401,Current,2021-04-15,207751.11,Active
A004378,C00434,B00401,Premium Savings,2024-06-22,28483.13,Active
A004379,C00223,B01001,Savings,2021-01-30,62535.1,Active
A004380,C00122,B00601,Savings,2021-02-06,195045.77,Active
A004381,C00939,B00601,Current,2023-02-13,267213.75,Active
A004382,C04787,B00601,Salary,2023-08-28,60971.26,Active
A004383,C04583,B00501,Current,2024-10-30,52968.78,Active
A004384,C02592,B00601,Current,2024-04-22,20188.92,Active
A004385,C01378,B00901,Savings,2020-04-05,401810.8,Active
A004386,C03227,B00601,Current,2024-11-29,83254.9,Active
A004387,C04504,B00401,Current,2024-07-05,128002.46,Active
A004388,C02943,B00101,Salary,2021-10-30,0.0,Active
A004389,C01256,B00401,Current,2023-06-29,211574.63,Active
A004390,C03597,B00701,Current,2020-10-04,212569.83,Active
A004391,C02307,B00601,Salary,2023-08-16,36157.23,Active
A004392,C02196,B00101,Current,2020-08-22,69952.71,Active
A004393,C04366,B00201,Savings,2023-08-16,30129.47,Active
A004394,C03433,B00201,Premium Savings,2022-07-23,151928.87,Active
A004395,C01214,B00701,Savings,2023-04-22,210829.35,Active
A004396,C02081,B00401,Premium Savings,2020-02-07,326903.57,Active
A004397,C04358,B01001,Premium Savings,2020-07-04,233025.89,Active
A004398,C01229,B00501,Premium Savings,2022-01-29,0.0,Active
A004399,C02461,B00201,Savings,2023-06-18,164032.96,Active
A004400,C00088,B00601,Savings,2022-11-10,192249.05,Active
A004401,C01746,B00501,Salary,2024-06-20,288440.48,Active
A004402,C00882,B00601,Premium Savings,2020-04-20,285244.13,Active
A004403,C02289,B00501,Premium Savings,2021-02-08,227370.02,Active
A004404,C00897,B00901,Savings,2024-10-11,40145.82,Active
A004405,C03830,B00301,Salary,2020-07-10,0.0,Active
A004406,C04542,B00201,Premium Savings,2020-03-16,135712.49,Active
A004407,C04552,B00201,Current,2022-10-30,262417.4,Active
A004408,C02786,B00201,Salary,2022-06-14,152042.77,Active
A004409,C01566,B00901,Salary,2021-05-14,189881.65,Active
A004410,C04750,B00201,Savings,2020-03-19,272195.0,Active
A004411,C03326,B00901,Current,2022-02-10,246257.1,Active
A004412,C01463,B00301,Salary,2024-09-30,339448.15,Active
A004413,C02891,B00601,Premium Savings,2024-12-02,165283.68,Active
A004414,C04327,B01001,Premium Savings,2023-12-05,538593.55,Active
A004415,C04392,B00701,Premium Savings,2020-02-07,123376.59,Active
A004416,C03745,B00301,Premium Savings,2024-05-11,157131.16,Active
A004417,C03807,B01001,Current,2022-08-20,18805.91,Active
A004418,C04159,B00601,Savings,2023-09-11,184291.83,Active
A004419,C02812,B00901,Savings,2021-10-16,167833.67,Active
A004420,C00722,B01001,Premium Savings,2023-08-20,90645.61,Active
A004421,C04739,B00601,Savings,2022-08-08,185654.61,Active
A004422,C03842,B00401,Premium Savings,2024-02-09,240796.59,Active
A004423,C00804,B00101,Savings,2021-11-29,199828.19,Active
A004424,C01497,B00601,Premium Savings,2023-01-10,229393.14,Active
A004425,C01134,B00201,Premium Savings,2022-11-09,139816.17,Active
A004426,C02014,B00501,Savings,2023-04-18,424547.71,Active
A004427,C04363,B00901,Savings,2022-07-01,474661.42,Active
A004428,C04345,B00901,Premium Savings,2023-12-03,115853.93,Active
A004429,C03823,B00901,Savings,2022-11-23,313522.06,Active
A004430,C02301,B00101,Premium Savings,2023-12-21,240781.7,Active
A004431,C01099,B00501,Premium Savings,2022-11-07,76556.27,Active
A004432,C01216,B00501,Savings,2024-05-06,274285.8,Active
A004433,C03708,B00901,Premium Savings,2022-08-26,404965.1,Active
A004434,C00480,B00501,Salary,2021-12-24,218230.2,Active
A004435,C04990,B00401,Current,2022-05-15,174220.97,Active
A004436,C00997,B00901,Salary,2021-01-02,136016.29,Active
A004437,C04105,B00401,Salary,2023-07-06,244837.06,Active
A004438,C00370,B00301,Current,2020-05-18,349402.73,Active
A004439,C02994,B00901,Current,2021-10-18,415534.59,Active
A004440,C03328,B00401,Savings,2021-05-10,256070.07,Active
A004441,C04143,B00101,Current,2021-08-14,176935.13,Active
A004442,C01066,B01001,Savings,2023-11-28,174570.72,Active
A004443,C04338,B00201,Savings,2020-01-26,253405.2,Active
A004444,C01000,B00201,Savings,2024-11-16,93254.0,Active
A004445,C00463,B00401,Salary,2023-02-24,237887.99,Active
A004446,C01805,B00201,Savings,2022-06-21,230681.46,Active
A004447,C03916,B00201,Premium Savings,2023-02-05,257540.55,Active
A004448,C04419,B00801,Premium Savings,2022-08-24,301341.22,Active
A004449,C02934,B00801,Savings,2024-07-09,359469.65,Active
A004450,C00454,B00501,Savings,2024-07-14,0.0,Active
A004451,C02596,B00401,Premium Savings,2023-09-19,317984.31,Active
A004452,C04147,B00401,Premium Savings,2021-04-09,229826.57,Active
A004453,C03908,B01001,Premium Savings,2020-11-05,0.0,Active
A004454,C04078,B01001,Premium Savings,2021-10-15,15577.08,Active
A004455,C04687,B00201,Salary,2022-03-05,210732.1,Active
A004456,C04837,B00801,Savings,2021-05-10,139803.77,Active
A004457,C02291,B00601,Savings,2020-07-08,0.0,Active
A004458,C02739,B00401,Premium Savings,2023-03-27,63123.08,Active
A004459,C04829,B00301,Premium Savings,2020-10-06,350336.49,Active
A004460,C01495,B00401,Premium Savings,2020-01-12,266922.82,Active
A004461,C02786,B00801,Salary,2020-12-08,338646.78,Active
A004462,C00045,B00201,Current,2023-07-15,79759.19,Active
A004463,C00577,B00101,Salary,2023-12-30,167390.17,Active
A004464,C04501,B00101,Current,2022-03-27,226595.85,Active
A004465,C03017,B00201,Premium Savings,2023-10-16,255654.38,Active
A004466,C03080,B00201,Savings,2024-03-14,405602.09,Active
A004467,C00612,B00901,Savings,2023-02-18,136791.57,Active
A004468,C01908,B00301,Premium Savings,2022-03-08,86257.05,Active
A004469,C02649,B00201,Current,2020-01-12,171440.92,Active
A004470,C02991,B00101,Salary,2020-01-25,322576.8,Active
A004471,C03846,B00701,Premium Savings,2020-12-22,251172.63,Active
A004472,C03172,B00501,Salary,2023-03-07,300217.92,Active
A004473,C04410,B00901,Savings,2023-07-28,172996.67,Active
A004474,C01144,B00301,Current,2020-08-10,311951.99,Active
A004475,C01445,B00901,Current,2021-04-05,297870.55,Active
A004476,C00982,B00601,Current,2021-07-25,55578.86,Active
A004477,C03685,B00301,Premium Savings,2024-11-21,69528.16,Active
A004478,C02676,B00601,Salary,2020-04-25,131078.9,Active
A004479,C03314,B00101,Salary,2021-05-17,143363.73,Active
A004480,C00900,B01001,Savings,2023-02-06,333560.74,Active
A004481,C02386,B00101,Savings,2024-08-23,311086.81,Active
A004482,C00379,B00201,Premium Savings,2020-12-21,0.0,Active
A004483,C00199,B00301,Current,2022-05-26,272276.87,Active
A004484,C02753,B00901,Premium Savings,2021-01-29,116219.78,Active
A004485,C03859,B00801,Salary,2024-08-24,156474.49,Active
A004486,C02463,B00401,Current,2023-09-16,159183.82,Active
A004487,C01713,B00401,Current,2022-11-12,416655.52,Active
A004488,C03671,B01001,Current,2020-02-05,203588.08,Active
A004489,C01000,B00401,Current,2022-07-15,0.0,Active
A004490,C02463,B00701,Salary,2024-04-22,0.0,Active
A004491,C01959,B00601,Premium Savings,2024-06-26,25863.49,Active
A004492,C01115,B00401,Premium Savings,2022-08-17,325097.71,Active
A004493,C01903,B00301,Savings,2023-02-26,185290.14,Active
A004494,C02532,B00901,Current,2024-11-08,83102.96,Active
A004495,C04104,B00601,Premium Savings,2020-04-27,207917.42,Active
A004496,C01521,B00701,Salary,2023-04-12,316782.86,Active
A004497,C02186,B00301,Savings,2024-01-13,274352.37,Active
A004498,C00969,B00701,Salary,2021-04-19,120594.94,Active
A004499,C01245,B00401,Salary,2022-09-26,0.0,Active
A004500,C03515,B00901,Current,2024-09-25,193162.73,Active
A004501,C02977,B00701,Premium Savings,2020-11-04,48024.63,Active
A004502,C03809,B01001,Salary,2024-05-16,323457.39,Active
A004503,C02841,B00401,Premium Savings,2020-06-16,6948.93,Active
A004504,C01931,B00601,Premium Savings,2022-01-10,253613.18,Active
A004505,C01222,B00901,Savings,2020-08-12,336238.6,Active
A004506,C04162,B00601,Current,2020-10-07,281007.78,Active
A004507,C04676,B00701,Premium Savings,2022-06-20,82431.42,Active
A004508,C00843,B00901,Premium Savings,2021-01-29,408146.09,Active
A004509,C00956,B00401,Premium Savings,2021-12-10,108767.19,Active
A004510,C02214,B00501,Savings,2021-02-19,453194.28,Active
A004511,C03022,B00501,Premium Savings,2024-08-29,193308.82,Active
A004512,C03233,B00501,Current,2020-08-25,31214.97,Active
A004513,C00023,B00401,Savings,2020-07-01,316297.94,Active
A004514,C03344,B00601,Salary,2023-04-11,251614.75,Active
A004515,C01769,B00101,Salary,2022-01-26,5319.49,Active
A004516,C02287,B00101,Salary,2024-02-28,364094.16,Active
A004517,C00958,B01001,Premium Savings,2024-04-09,220844.43,Active
A004518,C02159,B00101,Current,2022-09-27,107757.31,Active
A004519,C02298,B01001,Premium Savings,2024-02-11,156576.75,Active
A004520,C03492,B00801,Salary,2022-09-22,292283.49,Active
A004521,C03409,B00301,Savings,2020-07-16,199333.16,Active
A004522,C03107,B00701,Savings,2024-02-06,340657.09,Active
A004523,C01913,B00901,Savings,2020-12-24,317244.07,Active
A004524,C04719,B00401,Salary,2022-07-29,34409.99,Active
A004525,C04712,B00501,Current,2021-11-05,449083.32,Active
A004526,C02636,B00901,Salary,2023-11-09,150676.81,Active
A004527,C04508,B00901,Current,2021-11-21,433222.41,Active
A004528,C03939,B00201,Savings,2023-04-07,321047.88,Active
A004529,C01184,B00501,Current,2022-05-17,0.0,Active
A004530,C04730,B00701,Savings,2022-12-24,233615.18,Active
A004531,C00826,B00201,Savings,2020-11-19,257578.18,Active
A004532,C04639,B00801,Current,2021-01-04,282862.27,Active
A004533,C00464,B00401,Current,2023-04-02,277191.25,Active
A004534,C02563,B01001,Current,2020-02-27,45675.51,Active
A004535,C02750,B00501,Savings,2024-08-22,168124.39,Active
A004536,C03718,B00901,Savings,2020-03-11,195958.59,Active
A004537,C02751,B00301,Premium Savings,2022-07-12,219617.37,Active
A004538,C03896,B00501,Savings,2023-11-09,72219.04,Active
A004539,C01244,B00901,Current,2024-04-22,463317.28,Active
A004540,C00218,B00101,Salary,2020-08-05,249291.39,Active
A004541,C01738,B01001,Premium Savings,2022-08-31,414268.88,Active
A004542,C04290,B01001,Premium Savings,2023-03-08,234171.66,Active
A004543,C04706,B01001,Savings,2020-05-04,47453.97,Active
A004544,C02476,B01001,Current,2020-09-28,21974.17,Active
A004545,C02781,B00601,Salary,2023-10-11,111945.97,Active
A004546,C02887,B00601,Premium Savings,2023-09-16,197690.75,Active
A004547,C02967,B00501,Premium Savings,2022-01-15,81368.07,Active
A004548,C02950,B00301,Savings,2023-12-28,117294.84,Active
A004549,C03881,B01001,Current,2024-11-30,204757.43,Active
A004550,C03430,B00701,Current,2023-05-19,244777.89,Active
A004551,C04239,B00201,Salary,2024-03-27,0.0,Active
A004552,C02183,B00901,Salary,2022-04-04,216495.65,Active
A004553,C00278,B00601,Current,2021-01-12,136669.45,Active
A004554,C03658,B00401,Savings,2023-05-11,279416.88,Active
A004555,C03333,B00301,Premium Savings,2020-05-16,230338.74,Active
A004556,C01803,B00601,Premium Savings,2024-04-10,183442.75,Active
A004557,C02371,B00301,Premium Savings,2021-05-27,144819.73,Active
A004558,C03966,B01001,Salary,2022-09-17,160548.4,Active
A004559,C04571,B00901,Salary,2020-01-03,272165.34,Active
A004560,C02853,B00601,Premium Savings,2021-12-02,273487.05,Active
A004561,C04611,B00101,Savings,2020-02-26,174600.72,Active
A004562,C01574,B00201,Salary,2020-10-16,205917.67,Active
A004563,C02134,B00701,Salary,2024-02-07,298265.02,Active
A004564,C02930,B00301,Premium Savings,2020-12-20,273541.9,Active
A004565,C01338,B00401,Premium Savings,2020-06-25,250873.74,Active
A004566,C03172,B00201,Current,2020-04-06,76663.61,Active
A004567,C04239,B00701,Salary,2024-04-10,188857.04,Active
A004568,C01649,B00301,Premium Savings,2023-03-24,81978.52,Active
A004569,C00392,B00201,Savings,2020-05-04,238597.04,Active
A004570,C04663,B00901,Current,2021-02-25,186300.27,Active
A004571,C02770,B00301,Premium Savings,2024-06-30,49047.08,Active
A004572,C01980,B01001,Current,2024-03-22,102419.6,Active
A004573,C00585,B00401,Savings,2024-06-18,343619.3,Active
A004574,C00304,B00901,Current,2020-05-11,200695.36,Active
A004575,C01718,B00901,Salary,2022-02-25,286128.11,Active
A004576,C02896,B01001,Premium Savings,2023-03-16,205166.67,Active
A004577,C04752,B00301,Premium Savings,2020-10-24,183788.54,Active
A004578,C01787,B00901,Savings,2020-02-18,164252.87,Active
A004579,C01317,B00401,Premium Savings,2023-11-03,218112.56,Active
A004580,C04033,B00701,Savings,2022-08-08,427920.0,Active
A004581,C03622,B00201,Salary,2024-01-31,270165.85,Active
A004582,C03689,B00501,Premium Savings,2020-04-23,275564.3,Active
A004583,C01955,B00101,Premium Savings,2022-05-03,287182.4,Active
A004584,C04156,B00101,Savings,2024-07-20,177880.86,Active
A004585,C00674,B00401,Savings,2021-10-27,128269.75,Active
A004586,C01780,B00601,Premium Savings,2021-02-15,163109.57,Active
A004587,C04313,B00401,Current,2023-07-23,361078.86,Active
A004588,C00517,B00701,Salary,2022-04-11,70028.87,Active
A004589,C03249,B00501,Salary,2023-03-10,125003.83,Active
A004590,C04269,B00901,Salary,2024-02-01,377387.54,Active
A004591,C01787,B00901,Savings,2022-06-27,198882.65,Active
A004592,C01508,B00801,Premium Savings,2020-01-03,280628.16,Active
A004593,C00918,B00301,Salary,2023-06-20,209393.33,Active
A004594,C04952,B01001,Salary,2024-03-10,27564.24,Active
A004595,C03257,B00401,Current,2022-03-17,176605.85,Active
A004596,C00638,B00401,Premium Savings,2021-01-26,125912.57,Active
A004597,C01689,B01001,Savings,2020-12-26,63870.24,Active
A004598,C03268,B00601,Savings,2020-09-09,187007.89,Active
A004599,C00193,B00901,Premium Savings,2021-05-20,413091.7,Active
A004600,C02688,B00101,Savings,2024-03-13,213967.2,Active
A004601,C01558,B00501,Current,2021-03-02,299935.41,Active
A004602,C04294,B00501,Premium Savings,2020-06-13,135297.5,Active
A004603,C04142,B00601,Current,2023-03-30,325492.57,Active
A004604,C00106,B00901,Salary,2022-09-28,216124.27,Active
A004605,C04354,B00301,Savings,2023-06-14,62966.67,Active
A004606,C02979,B00201,Savings,2024-04-25,291021.14,Active
A004607,C01883,B00201,Current,2021-08-28,193297.86,Active
A004608,C01051,B00501,Salary,2024-09-13,150963.67,Active
A004609,C00476,B00801,Current,2021-04-23,200906.9,Active
A004610,C02210,B00201,Premium Savings,2020-10-28,219654.82,Active
A004611,C02606,B01001,Salary,2024-09-06,138651.77,Active
A004612,C04833,B00101,Current,2022-02-01,210970.7,Active
A004613,C04965,B00501,Salary,2021-11-20,240358.99,Active
A004614,C04729,B01001,Salary,2024-10-03,115894.11,Active
A004615,C00792,B01001,Premium Savings,2021-09-08,147004.85,Active
A004616,C04487,B01001,Current,2021-05-05,361685.97,Active
A004617,C02314,B00901,Current,2022-10-01,207903.4,Active
A004618,C04188,B01001,Current,2023-12-10,298419.94,Active
A004619,C01745,B00101,Premium Savings,2021-11-01,126903.13,Active
A004620,C04200,B00801,Current,2022-10-12,309423.9,Active
A004621,C04004,B00401,Savings,2022-12-26,203295.8,Active
A004622,C01399,B00401,Premium Savings,2023-09-22,151382.2,Active
A004623,C04832,B00301,Salary,2022-10-14,250645.36,Active
A004624,C03538,B00501,Savings,2020-09-04,373113.62,Active
A004625,C02489,B00801,Savings,2024-07-22,0.0,Active
A004626,C04955,B00401,Current,2023-02-25,342201.6,Active
A004627,C03697,B00301,Premium Savings,2021-03-05,187523.2,Active
A004628,C02667,B00401,Current,2022-08-02,9741.84,Active
A004629,C01637,B01001,Premium Savings,2022-01-31,323429.09,Active
A004630,C04891,B01001,Premium Savings,2024-04-19,84958.27,Active
A004631,C00981,B00301,Premium Savings,2020-10-18,102604.16,Active
A004632,C01278,B00201,Savings,2020-09-04,224621.66,Active
A004633,C00491,B00901,Savings,2022-02-06,394049.51,Active
A004634,C03477,B00601,Salary,2024-04-09,188561.27,Active
A004635,C00984,B00101,Current,2023-09-20,103255.15,Active
A004636,C03083,B00401,Savings,2022-12-22,1928.46,Active
A004637,C00581,B00201,Savings,2024-02-01,209135.95,Active
A004638,C01807,B00201,Savings,2024-01-08,118489.7,Active
A004639,C03938,B00101,Premium Savings,2023-02-06,193237.79,Active
A004640,C03349,B00501,Premium Savings,2021-09-15,220195.02,Active
A004641,C00825,B00901,Current,2020-04-16,74169.82,Active
A004642,C04061,B00401,Premium Savings,2022-01-01,224379.23,Active
A004643,C02157,B00401,Premium Savings,2023-01-12,177522.58,Active
A004644,C02794,B00301,Savings,2020-04-01,184295.84,Active
A004645,C01234,B00601,Savings,2020-01-21,253588.57,Active
A004646,C03178,B01001,Salary,2024-02-26,131891.22,Active
A004647,C01816,B00501,Premium Savings,2022-11-22,349514.71,Active
A004648,C00879,B00201,Salary,2021-04-20,0.0,Active
A004649,C04596,B00601,Savings,2022-01-06,364922.28,Active
A004650,C01645,B00601,Salary,2023-08-05,19741.09,Active
A004651,C04814,B00701,Savings,2022-02-15,323737.59,Active
A004652,C00751,B00301,Savings,2024-10-10,129374.64,Active
A004653,C03436,B00601,Savings,2023-09-30,382383.72,Active
A004654,C00390,B00301,Savings,2020-07-29,344225.73,Active
A004655,C03407,B00501,Savings,2021-04-18,244810.05,Active
A004656,C02904,B01001,Premium Savings,2023-08-24,243144.39,Active
A004657,C04645,B00901,Current,2022-06-06,349620.75,Active
A004658,C01072,B00601,Salary,2020-12-16,27513.16,Active
A004659,C01271,B00501,Current,2022-05-22,119047.56,Active
A004660,C01625,B00501,Salary,2021-03-23,113815.02,Active
A004661,C03382,B00501,Savings,2021-10-07,231824.99,Active
A004662,C04973,B00601,Savings,2022-07-20,154650.52,Active
A004663,C03352,B00501,Salary,2020-03-10,25926.76,Active
A004664,C01008,B00101,Salary,2023-05-16,200511.73,Active
A004665,C01406,B00101,Premium Savings,2023-03-17,86452.3,Active
A004666,C02873,B00401,Premium Savings,2024-08-29,0.0,Active
A004667,C04404,B00901,Salary,2023-11-14,351271.26,Active
A004668,C04799,B00101,Premium Savings,2024-03-03,238863.49,Active
A004669,C02746,B01001,Current,2021-02-06,119510.61,Active
A004670,C04721,B00301,Premium Savings,2022-01-13,201922.96,Active
A004671,C04388,B00201,Current,2023-10-20,280356.21,Active
A004672,C02043,B00201,Savings,2020-06-28,248298.98,Active
A004673,C00912,B00401,Current,2024-11-21,142908.71,Active
A004674,C00297,B00401,Salary,2020-07-03,336004.77,Active
A004675,C04116,B00601,Salary,2024-05-18,214182.74,Active
A004676,C00849,B01001,Current,2024-09-23,90628.51,Active
A004677,C00411,B00401,Premium Savings,2024-12-02,253287.82,Active
A004678,C02465,B01001,Salary,2020-02-24,244773.45,Active
A004679,C01429,B00201,Current,2020-05-03,310340.07,Active
A004680,C03588,B00201,Savings,2023-11-06,208757.91,Active
A004681,C01896,B01001,Current,2021-09-17,77135.94,Active
A004682,C01377,B00401,Current,2024-09-20,256689.45,Active
A004683,C04601,B00201,Premium Savings,2023-09-18,110993.11,Active
A004684,C03869,B00701,Salary,2021-05-13,178858.92,Active
A004685,C02672,B00901,Premium Savings,2024-02-18,100415.18,Active
A004686,C00968,B00601,Current,2021-06-22,112296.29,Active
A004687,C00691,B00901,Salary,2022-02-17,211343.16,Active
A004688,C04229,B01001,Current,2021-10-21,195906.18,Active
A004689,C00655,B00601,Savings,2023-01-19,23330.93,Active
A004690,C00054,B00901,Savings,2021-01-18,287062.28,Active
A004691,C00424,B00401,Current,2024-02-23,106237.4,Active
A004692,C02678,B00201,Salary,2023-01-14,10701.88,Active
A004693,C01508,B00901,Current,2020-01-06,266788.74,Active
A004694,C00567,B00601,Salary,2022-10-19,178469.34,Active
A004695,C00604,B00101,Current,2020-03-26,267645.83,Active
A004696,C03294,B01001,Salary,2023-03-20,324893.62,Active
A004697,C03634,B01001,Current,2020-08-10,162413.75,Active
A004698,C00669,B00401,Savings,2022-09-29,114825.3,Active
A004699,C02155,B00501,Salary,2021-07-27,113862.05,Active
A004700,C01968,B00201,Salary,2023-10-13,163519.96,Active
A004701,C03428,B00801,Premium Savings,2020-02-24,268848.27,Active
A004702,C04481,B00801,Savings,2021-05-07,77317.38,Active
A004703,C02301,B00501,Savings,2021-02-17,306054.36,Active
A004704,C03290,B01001,Premium Savings,2023-09-13,325964.59,Active
A004705,C04833,B00501,Premium Savings,2020-05-23,198510.7,Active
A004706,C03297,B00301,Salary,2023-08-21,384121.42,Active
A004707,C02214,B00101,Savings,2022-08-23,0.0,Active
A004708,C04950,B00201,Current,2021-10-23,193375.15,Active
A004709,C03285,B00701,Savings,2020-10-21,230848.03,Active
A004710,C04049,B00801,Savings,2020-03-31,289667.01,Active
A004711,C04847,B00101,Premium Savings,2022-05-29,86549.44,Active
A004712,C04404,B00901,Savings,2020-12-05,138191.14,Active
A004713,C03663,B01001,Premium Savings,2020-05-31,73308.6,Active
A004714,C03252,B00101,Salary,2024-10-26,308437.87,Active
A004715,C03451,B00601,Current,2020-04-18,127316.42,Active
A004716,C04311,B00101,Premium Savings,2020-02-26,80489.14,Active
A004717,C01639,B00201,Salary,2023-01-25,146942.41,Active
A004718,C04587,B00301,Current,2024-08-17,338406.13,Active
A004719,C01389,B00201,Current,2021-01-21,270983.51,Active
A004720,C04151,B01001,Savings,2024-07-24,137128.32,Active
A004721,C00996,B00201,Savings,2023-11-30,144210.84,Active
A004722,C04926,B00101,Salary,2022-08-27,79865.98,Active
A004723,C03939,B01001,Salary,2022-03-22,211154.75,Active
A004724,C04139,B00401,Salary,2022-08-29,0.0,Active
A004725,C03261,B00801,Savings,2024-02-28,114300.13,Active
A004726,C02799,B00901,Savings,2021-06-22,0.0,Active
A004727,C04898,B00801,Savings,2022-08-25,9289.05,Active
A004728,C02610,B00901,Salary,2024-04-29,0.0,Active
A004729,C03232,B00701,Current,2021-06-11,0.0,Active
A004730,C02243,B00501,Salary,2021-02-02,36485.72,Active
A004731,C00975,B00101,Current,2022-03-04,186519.15,Active
A004732,C01427,B00301,Premium Savings,2024-01-08,194251.47,Active
A004733,C04497,B00601,Premium Savings,2020-09-23,369920.41,Active
A004734,C03645,B00801,Salary,2022-06-08,266445.16,Active
A004735,C01923,B00701,Salary,2023-10-06,190161.23,Active
A004736,C02458,B00401,Salary,2024-04-29,230604.08,Active
A004737,C01314,B00301,Premium Savings,2023-06-12,137939.17,Active
A004738,C00610,B00801,Salary,2021-07-29,86684.56,Active
A004739,C00551,B00901,Current,2020-05-15,246572.18,Active
A004740,C04721,B00201,Premium Savings,2022-03-10,199889.43,Active
A004741,C03397,B01001,Premium Savings,2020-09-03,203100.24,Active
A004742,C04448,B00501,Salary,2024-03-26,235982.21,Active
A004743,C02884,B00401,Premium Savings,2022-03-13,285399.87,Active
A004744,C02706,B00501,Savings,2021-10-19,337662.53,Active
A004745,C04901,B00101,Savings,2020-07-18,293687.97,Active
A004746,C02318,B01001,Premium Savings,2023-05-16,387151.13,Active
A004747,C02730,B00301,Salary,2020-09-04,169865.3,Active
A004748,C04446,B01001,Salary,2024-06-22,476445.58,Active
A004749,C03931,B00801,Premium Savings,2024-07-09,395737.75,Active
A004750,C00666,B00101,Savings,2022-04-10,203244.14,Active
A004751,C04633,B00501,Current,2024-10-29,352830.98,Active
A004752,C02041,B00801,Premium Savings,2024-10-12,224828.85,Active
A004753,C03783,B00201,Savings,2023-04-22,194595.49,Active
A004754,C00784,B00701,Premium Savings,2023-02-27,64549.06,Active
A004755,C00944,B00201,Premium Savings,2024-07-12,248170.0,Active
A004756,C03121,B00201,Salary,2023-03-11,248798.86,Active
A004757,C01753,B00901,Salary,2020-08-17,148829.15,Active
A004758,C02701,B00101,Savings,2022-10-17,185520.15,Active
A004759,C01196,B00701,Current,2021-02-24,230779.47,Active
A004760,C04226,B00801,Current,2022-01-07,345700.08,Active
A004761,C04874,B00101,Premium Savings,2023-07-07,0.0,Active
A004762,C03668,B00101,Savings,2020-12-27,350343.51,Active
A004763,C02921,B00101,Current,2023-02-19,203929.91,Active
A004764,C00271,B01001,Premium Savings,2022-08-18,271307.73,Active
A004765,C03887,B00301,Premium Savings,2020-12-15,212013.3,Active
A004766,C01265,B00401,Current,2021-08-31,319630.47,Active
A004767,C00316,B00601,Premium Savings,2023-05-15,151381.85,Active
A004768,C02102,B00901,Premium Savings,2020-08-18,66461.64,Active
A004769,C01325,B00801,Current,2021-08-02,306703.21,Active
A004770,C04155,B00701,Savings,2021-07-11,108571.81,Active
A004771,C04228,B00401,Current,2023-06-23,116163.15,Active
A004772,C04740,B01001,Savings,2023-10-23,0.0,Active
A004773,C01955,B00101,Current,2023-11-21,271979.82,Active
A004774,C04806,B00301,Current,2023-10-17,255538.74,Active
A004775,C04665,B00101,Current,2023-11-27,23092.36,Active
A004776,C01046,B00601,Salary,2024-04-28,164512.21,Active
A004777,C03144,B00501,Current,2021-11-25,262340.31,Active
A004778,C02921,B00201,Premium Savings,2020-12-12,448784.43,Active
A004779,C01944,B01001,Salary,2023-04-16,107784.2,Active
A004780,C01673,B00401,Current,2021-10-02,176689.63,Active
A004781,C04774,B00301,Premium Savings,2021-02-28,262842.17,Active
A004782,C04741,B01001,Premium Savings,2024-03-06,326039.29,Active
A004783,C00987,B00901,Savings,2023-05-06,139544.9,Active
A004784,C00393,B01001,Current,2022-11-08,31046.16,Active
A004785,C04132,B00101,Premium Savings,2023-12-06,297080.47,Active
A004786,C03821,B00501,Salary,2021-04-24,330248.49,Active
A004787,C00011,B00901,Current,2021-01-29,102066.17,Active
A004788,C04878,B00101,Current,2021-11-08,97855.48,Active
A004789,C02286,B00101,Current,2022-08-28,0.0,Active
A004790,C04317,B00501,Salary,2021-07-21,149389.09,Active
A004791,C04633,B00101,Salary,2020-06-23,0.0,Active
A004792,C01656,B00801,Current,2022-01-10,205754.83,Active
A004793,C03473,B00201,Salary,2020-04-20,118982.16,Active
A004794,C04291,B00301,Savings,2020-12-10,168154.93,Active
A004795,C04388,B00101,Savings,2021-04-12,307523.05,Active
A004796,C03623,B00101,Salary,2022-02-23,0.0,Active
A004797,C04911,B00201,Savings,2022-08-01,46892.72,Active
A004798,C04184,B00901,Current,2021-12-03,42099.74,Active
A004799,C00366,B00501,Premium Savings,2020-06-09,234957.66,Active
A004800,C04919,B00901,Savings,2024-04-12,230053.58,Active
A004801,C00510,B00301,Premium Savings,2023-11-01,52424.38,Active
A004802,C03167,B00301,Current,2023-09-28,127865.68,Active
A004803,C03195,B00301,Premium Savings,2021-09-15,309455.02,Active
A004804,C01928,B00201,Salary,2021-12-08,173221.57,Active
A004805,C04484,B00101,Savings,2021-06-12,168098.64,Active
A004806,C04463,B00401,Premium Savings,2021-03-02,311710.14,Active
A004807,C00617,B00801,Premium Savings,2022-03-30,138934.1,Active
A004808,C02540,B00601,Premium Savings,2022-05-31,209468.92,Active
A004809,C03363,B00101,Savings,2023-02-22,264937.6,Active
A004810,C01857,B00401,Salary,2024-05-14,130653.35,Active
A004811,C01051,B00801,Current,2022-10-27,168580.16,Active
A004812,C04737,B00401,Premium Savings,2023-07-03,244685.37,Active
A004813,C04452,B00201,Premium Savings,2023-03-21,137944.91,Active
A004814,C01836,B00201,Savings,2021-05-06,229439.52,Active
A004815,C01909,B00301,Salary,2024-06-17,0.0,Active
A004816,C01981,B00301,Premium Savings,2024-06-04,256753.47,Active
A004817,C02523,B01001,Current,2020-01-02,139794.79,Active
A004818,C04280,B00801,Current,2022-03-05,181811.65,Active
A004819,C01656,B00401,Salary,2022-10-21,85329.66,Active
A004820,C03109,B00201,Current,2023-07-27,66874.68,Active
A004821,C02468,B00401,Current,2024-02-13,70940.27,Active
A004822,C03257,B00501,Premium Savings,2024-09-12,218457.18,Active
A004823,C03185,B01001,Savings,2024-09-02,100673.93,Active
A004824,C04774,B00401,Savings,2024-03-12,372261.25,Active
A004825,C00365,B01001,Savings,2022-03-27,223597.1,Active
A004826,C00793,B00501,Current,2022-06-09,318662.88,Active
A004827,C00632,B00901,Savings,2020-08-25,280223.82,Active
A004828,C01019,B00301,Savings,2022-06-08,87016.39,Active
A004829,C01463,B00401,Savings,2020-08-26,304184.59,Active
A004830,C00490,B00401,Premium Savings,2023-12-16,391708.46,Active
A004831,C03952,B00401,Salary,2023-06-28,146731.27,Active
A004832,C01591,B00901,Premium Savings,2022-02-23,91150.08,Active
A004833,C02403,B00901,Premium Savings,2022-09-14,140669.22,Active
A004834,C00854,B00401,Salary,2023-02-19,177125.64,Active
A004835,C04364,B00201,Premium Savings,2020-11-29,353869.11,Active
A004836,C04466,B00801,Current,2020-02-23,98731.29,Active
A004837,C02098,B00301,Savings,2024-08-27,120852.16,Active
A004838,C02686,B00101,Premium Savings,2023-09-12,188429.57,Active
A004839,C04085,B00901,Premium Savings,2020-12-04,174090.07,Active
A004840,C02679,B01001,Salary,2021-07-15,422256.76,Active
A004841,C03637,B00201,Savings,2021-11-06,302937.89,Active
A004842,C04512,B00501,Premium Savings,2022-03-18,202049.46,Active
A004843,C02294,B00601,Savings,2024-08-11,232083.4,Active
A004844,C03254,B00501,Savings,2024-11-11,5043.51,Active
A004845,C02453,B00901,Current,2023-03-01,364846.5,Active
A004846,C01943,B01001,Salary,2024-03-13,2474.96,Active
A004847,C04855,B00901,Current,2020-10-12,135292.81,Active
A004848,C00059,B00901,Savings,2021-01-10,140508.85,Active
A004849,C02154,B00601,Premium Savings,2021-02-12,178463.17,Active
A004850,C02306,B00801,Savings,2024-09-17,93541.58,Active
A004851,C00853,B00201,Premium Savings,2022-04-04,113709.83,Active
A004852,C01550,B00901,Current,2021-10-02,0.0,Active
A004853,C01162,B00601,Savings,2020-10-26,226196.21,Active
A004854,C02304,B00401,Current,2024-05-01,200991.01,Active
A004855,C03931,B01001,Salary,2020-12-13,169228.9,Active
A004856,C00270,B00901,Salary,2024-05-13,85175.97,Active
A004857,C02645,B00201,Savings,2020-09-15,228619.18,Active
A004858,C02227,B00401,Premium Savings,2023-11-11,92274.97,Active
A004859,C01974,B00701,Savings,2020-07-05,180176.93,Active
A004860,C03383,B00401,Premium Savings,2024-07-12,162105.91,Active
A004861,C04800,B00201,Savings,2024-10-22,132039.29,Active
A004862,C00046,B00601,Premium Savings,2021-07-17,157644.62,Active
A004863,C02407,B00801,Current,2021-06-20,271207.92,Active
A004864,C04797,B00601,Premium Savings,2021-05-05,232552.74,Active
A004865,C03055,B00401,Premium Savings,2023-10-16,206713.94,Active
A004866,C03810,B00901,Premium Savings,2021-04-28,190113.91,Active
A004867,C04690,B00801,Current,2022-01-02,93378.24,Active
A004868,C03884,B00601,Current,2024-05-04,16633.85,Active
A004869,C04272,B00201,Premium Savings,2020-08-02,209822.01,Active
A004870,C02879,B00101,Current,2024-08-23,201035.95,Active
A004871,C02171,B00401,Salary,2024-08-02,307005.44,Active
A004872,C00627,B00301,Premium Savings,2021-12-28,151118.66,Active
A004873,C00348,B00101,Premium Savings,2023-01-29,175812.73,Active
A004874,C01263,B00901,Salary,2020-02-25,210671.19,Active
A004875,C03405,B01001,Current,2024-10-17,270952.12,Active
A004876,C00619,B00201,Premium Savings,2020-06-04,143553.58,Active
A004877,C01664,B00701,Savings,2020-11-19,44737.63,Active
A004878,C00681,B00201,Current,2024-06-03,205169.54,Active
A004879,C01391,B00301,Premium Savings,2020-03-18,168351.63,Active
A004880,C01421,B00301,Current,2020-12-28,88297.7,Active
A004881,C04437,B00501,Premium Savings,2020-01-06,224235.86,Active
A004882,C01087,B00601,Premium Savings,2023-07-28,246801.96,Active
A004883,C01729,B00901,Savings,2021-06-30,188157.32,Active
A004884,C03366,B00501,Current,2023-03-11,146061.38,Active
A004885,C04704,B00501,Current,2024-11-01,182347.81,Active
A004886,C00456,B00701,Savings,2024-10-18,135546.64,Active
A004887,C03960,B00901,Current,2024-07-02,78489.72,Active
A004888,C04608,B00201,Salary,2022-01-06,200256.82,Active
A004889,C01565,B00701,Current,2020-01-31,103038.39,Active
A004890,C01067,B00401,Savings,2021-09-24,248071.19,Active
A004891,C01187,B00501,Salary,2022-04-11,114818.05,Active
A004892,C02601,B00201,Savings,2022-02-04,91278.51,Active
A004893,C01810,B00301,Savings,2020-04-29,159690.67,Active
A004894,C01056,B00801,Savings,2022-09-02,199141.57,Active
A004895,C00372,B00601,Salary,2021-11-18,98016.94,Active
A004896,C04602,B00301,Premium Savings,2024-02-07,40192.45,Active
A004897,C01696,B00701,Premium Savings,2023-06-27,0.0,Active
A004898,C00662,B00901,Savings,2024-03-06,152260.34,Active
A004899,C03702,B00501,Current,2024-05-20,101999.06,Active
A004900,C01271,B00401,Current,2022-08-02,370287.8,Active
A004901,C02126,B00601,Savings,2022-08-23,240799.36,Active
A004902,C03934,B00301,Premium Savings,2022-08-16,274108.05,Active
A004903,C04894,B00801,Premium Savings,2024-08-22,74198.66,Active
A004904,C04772,B00301,Savings,2021-01-05,316427.92,Active
A004905,C02548,B00601,Savings,2024-07-19,185743.66,Active
A004906,C00704,B00201,Current,2020-06-03,221874.01,Active
A004907,C03442,B01001,Premium Savings,2022-07-23,106980.61,Active
A004908,C01315,B00901,Current,2024-07-05,285634.81,Active
A004909,C02317,B00301,Savings,2023-06-28,277995.83,Active
A004910,C00413,B00901,Current,2023-05-24,163607.36,Active
A004911,C04538,B00701,Savings,2024-06-24,83804.37,Active
A004912,C03734,B00601,Current,2023-05-02,126826.59,Active
A004913,C02096,B00101,Premium Savings,2021-01-26,470449.22,Active
A004914,C03169,B00401,Salary,2023-01-26,177220.34,Active
A004915,C00897,B00401,Salary,2021-04-16,175488.93,Active
A004916,C00215,B00901,Savings,2024-06-03,319323.06,Active
A004917,C02462,B00501,Salary,2023-02-03,166615.93,Active
A004918,C00318,B00101,Salary,2024-06-22,341464.83,Active
A004919,C04680,B00101,Current,2022-11-06,243791.55,Active
A004920,C02010,B00301,Premium Savings,2024-06-27,176913.39,Active
A004921,C03482,B00401,Premium Savings,2023-02-17,150338.43,Active
A004922,C03246,B00601,Premium Savings,2020-02-19,241241.63,Active
A004923,C02427,B00801,Salary,2023-09-22,303431.43,Active
A004924,C00396,B00901,Savings,2022-01-31,232514.44,Active
A004925,C04312,B01001,Premium Savings,2021-03-04,212349.65,Active
A004926,C03233,B00101,Current,2021-07-28,307505.22,Active
A004927,C03891,B00101,Current,2020-12-05,112318.83,Active
A004928,C02610,B00301,Premium Savings,2024-08-26,356738.7,Active
A004929,C02177,B00301,Premium Savings,2022-10-28,290626.76,Active
A004930,C03233,B00301,Premium Savings,2023-03-26,216778.88,Active
A004931,C00052,B00401,Premium Savings,2020-08-16,132379.26,Active
A004932,C00450,B00301,Premium Savings,2022-05-26,76511.45,Active
A004933,C02832,B00901,Salary,2024-11-01,262197.97,Active
A004934,C04474,B00101,Current,2024-04-15,26592.06,Active
A004935,C02335,B00601,Premium Savings,2020-07-25,213187.54,Active
A004936,C02987,B00601,Premium Savings,2021-05-24,135805.33,Active
A004937,C02826,B00501,Salary,2024-01-28,131819.26,Active
A004938,C03196,B01001,Salary,2022-02-22,31286.12,Active
A004939,C03034,B00301,Current,2023-11-26,190153.16,Active
A004940,C01630,B00901,Savings,2023-08-13,212450.41,Active
A004941,C00656,B00101,Savings,2023-04-13,366191.67,Active
A004942,C02969,B00901,Savings,2020-12-29,235080.25,Active
A004943,C00593,B00201,Savings,2021-05-04,151878.86,Active
A004944,C01670,B01001,Savings,2021-11-05,148681.22,Active
A004945,C00620,B00801,Current,2021-02-02,437895.43,Active
A004946,C01324,B00401,Current,2022-02-05,159675.69,Active
A004947,C00410,B00501,Current,2020-12-17,263411.47,Active
A004948,C01179,B00101,Salary,2024-11-28,85658.35,Active
A004949,C04157,B00101,Premium Savings,2022-05-06,225262.59,Active
A004950,C01276,B00801,Savings,2020-08-07,220562.81,Active
A004951,C04359,B00901,Premium Savings,2020-07-01,152400.47,Active
A004952,C00322,B00701,Savings,2023-10-12,332855.64,Active
A004953,C04942,B00901,Savings,2022-08-27,317109.68,Active
A004954,C02585,B01001,Savings,2022-02-06,171647.85,Active
A004955,C04583,B00301,Current,2020-08-25,103070.58,Active
A004956,C01266,B00501,Salary,2020-08-27,193356.85,Active
A004957,C00823,B00501,Savings,2024-08-29,51058.36,Active
A004958,C01654,B00601,Savings,2024-09-15,0.0,Active
A004959,C01321,B00401,Savings,2021-01-15,308821.56,Active
A004960,C04674,B01001,Salary,2021-12-25,307428.57,Active
A004961,C04343,B00301,Premium Savings,2022-01-01,381014.15,Active
A004962,C01169,B00401,Savings,2021-06-05,20459.6,Active
A004963,C01024,B00401,Savings,2023-03-07,58582.07,Active
A004964,C00212,B00301,Savings,2021-07-23,250737.76,Active
A004965,C00846,B00101,Salary,2024-04-23,220517.9,Active
A004966,C01777,B01001,Savings,2024-07-19,232417.37,Active
A004967,C01163,B00101,Salary,2021-10-19,57624.51,Active
A004968,C02855,B00901,Savings,2023-04-02,161378.51,Active
A004969,C00760,B00201,Current,2020-04-15,127219.57,Active
A004970,C03221,B01001,Current,2020-07-14,157356.83,Active
A004971,C04192,B00501,Premium Savings,2021-03-31,134830.22,Active
A004972,C01771,B00201,Savings,2024-03-14,102268.34,Active
A004973,C01480,B00201,Savings,2023-03-25,140414.31,Active
A004974,C01167,B00301,Current,2022-02-20,264195.78,Active
A004975,C04281,B00301,Premium Savings,2022-06-02,187460.89,Active
A004976,C03204,B01001,Savings,2022-01-29,43479.4,Active
A004977,C01938,B00501,Premium Savings,2022-10-05,170874.97,Active
A004978,C04664,B00601,Savings,2023-10-02,133782.16,Active
A004979,C02767,B00301,Premium Savings,2021-07-01,131762.83,Active
A004980,C01245,B00601,Salary,2023-10-29,138140.82,Active
A004981,C03489,B00801,Savings,2023-06-21,67202.53,Active
A004982,C00640,B00201,Premium Savings,2021-10-16,207279.44,Active
A004983,C01897,B00401,Current,2021-07-21,154748.75,Active
A004984,C04292,B00701,Premium Savings,2021-06-12,181509.45,Active
A004985,C03508,B00401,Savings,2022-09-04,316368.34,Active
A004986,C00848,B00101,Current,2021-02-28,123259.89,Active
A004987,C04419,B00901,Current,2022-11-27,215486.88,Active
A004988,C00016,B00601,Premium Savings,2024-09-17,78123.98,Active
A004989,C03052,B00401,Premium Savings,2023-10-27,114138.48,Active
A004990,C04556,B00501,Current,2021-10-21,467786.28,Active
A004991,C04111,B00201,Premium Savings,2023-05-16,232775.9,Active
A004992,C03666,B00301,Savings,2022-12-01,10150.55,Active
A004993,C00893,B00601,Premium Savings,2021-08-02,220351.34,Active
A004994,C04454,B00601,Salary,2021-02-06,245793.35,Active
A004995,C00769,B00101,Premium Savings,2021-12-20,219723.32,Active
A004996,C03903,B00701,Savings,2020-12-28,167674.51,Active
A004997,C04868,B01001,Premium Savings,2021-07-17,196624.02,Active
A004998,C03064,B00301,Salary,2023-01-09,269870.73,Active
A004999,C01070,B01001,Savings,2021-11-28,244457.18,Active
A005000,C04125,B01001,Savings,2023-05-25,0.0,Active
A005001,C00874,B00301,Savings,2023-04-05,176882.79,Active
A005002,C04276,B00901,Savings,2021-03-22,257350.66,Active
A005003,C00755,B00601,Savings,2023-03-09,253161.51,Active
A005004,C01066,B00201,Savings,2020-12-03,123395.77,Active
A005005,C03292,B00301,Salary,2024-01-02,202308.15,Active
A005006,C03241,B00101,Salary,2020-11-19,143090.09,Active
A005007,C00873,B00901,Premium Savings,2020-01-31,219087.33,Active
A005008,C02817,B00101,Salary,2023-06-08,346615.47,Active
A005009,C01872,B00501,Savings,2020-11-27,116055.35,Active
A005010,C00135,B00801,Premium Savings,2021-08-17,125150.9,Active
A005011,C00330,B00101,Savings,2021-10-09,424360.03,Active
A005012,C01924,B00201,Salary,2023-07-08,173320.96,Active
A005013,C00302,B00601,Current,2020-06-30,244518.56,Active
A005014,C04688,B00401,Salary,2023-02-02,125487.71,Active
A005015,C01765,B00201,Current,2024-09-13,245791.46,Active
A005016,C00084,B00601,Savings,2021-08-29,0.0,Active
A005017,C00547,B00601,Premium Savings,2021-12-12,149560.91,Active
A005018,C01018,B00201,Savings,2023-06-13,80505.6,Active
A005019,C01051,B00201,Premium Savings,2022-10-18,168233.15,Active
A005020,C00442,B00301,Salary,2020-11-06,375227.36,Active
A005021,C02632,B00201,Premium Savings,2022-11-21,11392.83,Active
A005022,C04536,B00701,Savings,2024-03-14,24536.18,Active
A005023,C00189,B00601,Premium Savings,2023-08-05,210287.7,Active
A005024,C02215,B00401,Salary,2020-06-09,393465.08,Active
A005025,C00898,B00301,Savings,2021-11-04,226328.43,Active
A005026,C04850,B00501,Premium Savings,2024-02-17,168633.83,Active
A005027,C01983,B00101,Salary,2024-11-16,107452.53,Active
A005028,C04441,B00501,Savings,2020-05-29,202348.83,Active
A005029,C04156,B00201,Salary,2022-02-25,214078.5,Active
A005030,C02022,B00601,Current,2021-06-25,140068.35,Active
A005031,C00002,B00301,Salary,2021-04-15,0.0,Active
A005032,C03371,B00301,Salary,2022-12-23,239343.22,Active
A005033,C00653,B00601,Savings,2024-09-05,293286.7,Active
A005034,C00429,B00601,Salary,2020-03-25,227264.09,Active
A005035,C04183,B01001,Premium Savings,2021-04-07,193558.63,Active
A005036,C02611,B00601,Salary,2024-08-06,200218.19,Active
A005037,C01979,B00101,Current,2020-09-23,0.0,Active
A005038,C00410,B00601,Current,2021-10-16,226125.89,Active
A005039,C03306,B00201,Salary,2020-07-08,236551.8,Active
A005040,C01280,B00201,Salary,2022-02-22,121080.29,Active
A005041,C02298,B00801,Current,2023-08-09,212235.64,Active
A005042,C02646,B01001,Current,2021-03-16,177653.52,Active
A005043,C04352,B00501,Premium Savings,2023-11-22,118638.12,Active
A005044,C02505,B00801,Salary,2022-09-10,325230.38,Active
A005045,C02390,B00401,Salary,2023-10-11,228997.77,Active
A005046,C02632,B00601,Savings,2021-11-06,205956.33,Active
A005047,C00994,B00401,Salary,2023-12-27,429337.08,Active
A005048,C02369,B00201,Savings,2023-12-21,251142.13,Active
A005049,C04489,B00301,Salary,2022-04-27,282171.84,Active
A005050,C02705,B00801,Savings,2022-11-01,22845.43,Active
A005051,C04638,B00601,Premium Savings,2024-01-18,446285.5,Active
A005052,C04237,B00401,Current,2021-01-21,339196.17,Active
A005053,C00099,B00401,Savings,2020-07-08,24356.48,Active
A005054,C03893,B00101,Current,2022-06-28,39497.9,Active
A005055,C00373,B00801,Savings,2023-01-15,208018.8,Active
A005056,C03114,B01001,Savings,2020-07-04,179556.23,Active
A005057,C03538,B00601,Premium Savings,2024-11-04,300540.95,Active
A005058,C01888,B00301,Salary,2023-07-04,81680.85,Active
A005059,C02374,B00101,Salary,2023-08-10,58119.56,Active
A005060,C00135,B00601,Salary,2024-04-27,173685.41,Active
A005061,C03240,B00101,Salary,2024-08-26,266761.02,Active
A005062,C01021,B00601,Premium Savings,2021-12-10,325428.05,Active
A005063,C02263,B00501,Savings,2022-08-18,176347.16,Active
A005064,C04542,B01001,Current,2020-04-16,254278.28,Active
A005065,C00223,B00501,Salary,2022-07-23,313603.94,Active
A005066,C04484,B00301,Savings,2024-09-23,279329.9,Active
A005067,C00034,B00501,Current,2021-10-02,99706.76,Active
A005068,C02949,B00301,Current,2020-05-03,417425.61,Active
A005069,C01355,B00301,Salary,2024-01-31,346138.76,Active
A005070,C04699,B00501,Savings,2021-01-14,179116.75,Active
A005071,C00962,B00601,Premium Savings,2020-09-08,334995.68,Active
A005072,C02958,B00901,Savings,2020-01-10,360083.57,Active
A005073,C01689,B00701,Salary,2024-11-07,65674.13,Active
A005074,C04707,B00901,Savings,2023-12-26,291554.14,Active
A005075,C02467,B00501,Savings,2020-09-18,344827.29,Active
A005076,C04805,B01001,Salary,2022-07-17,87764.29,Active
A005077,C04663,B00901,Premium Savings,2022-08-06,223505.92,Active
A005078,C02326,B00201,Current,2023-02-06,375619.41,Active
A005079,C01761,B00901,Salary,2023-04-01,176645.1,Active
A005080,C00502,B00301,Current,2023-06-22,140968.93,Active
A005081,C01366,B00401,Premium Savings,2021-09-19,196296.8,Active
A005082,C00756,B01001,Current,2021-04-01,217431.86,Active
A005083,C04028,B00501,Savings,2024-03-06,83423.98,Active
A005084,C00875,B00401,Savings,2023-01-08,103648.05,Active
A005085,C03807,B01001,Savings,2020-07-19,140319.46,Active
A005086,C01490,B00701,Premium Savings,2022-08-09,343531.11,Active
A005087,C01984,B00401,Premium Savings,2023-12-16,306267.05,Active
A005088,C03989,B00901,Premium Savings,2024-07-18,121078.64,Active
A005089,C01556,B00501,Premium Savings,2022-02-19,322282.1,Active
A005090,C00509,B00101,Salary,2024-11-12,90706.22,Active
A005091,C04767,B00501,Current,2021-01-10,160792.68,Active
A005092,C04782,B00301,Savings,2021-02-16,249210.71,Active
A005093,C02980,B00801,Savings,2022-11-11,341708.96,Active
A005094,C02903,B00201,Current,2021-07-12,283509.27,Active
A005095,C00606,B00401,Current,2022-01-29,302957.68,Active
A005096,C01747,B01001,Savings,2022-10-10,161863.17,Active
A005097,C01963,B00101,Savings,2024-06-24,221924.19,Active
A005098,C01701,B00401,Premium Savings,2023-05-01,232665.67,Active
A005099,C01140,B00501,Premium Savings,2022-09-23,233069.89,Active
A005100,C04210,B00501,Salary,2020-11-17,109847.5,Active
A005101,C00307,B01001,Premium Savings,2020-04-14,266018.23,Active
A005102,C04815,B00201,Current,2020-05-05,309520.26,Active
A005103,C04801,B00901,Premium Savings,2022-07-01,22116.92,Active
A005104,C00004,B00901,Salary,2024-02-27,185391.08,Active
A005105,C01297,B01001,Salary,2021-12-08,287821.62,Active
A005106,C04842,B00401,Savings,2022-11-28,221408.27,Active
A005107,C00161,B00701,Savings,2021-05-20,0.0,Active
A005108,C01569,B00301,Salary,2022-08-12,184732.36,Active
A005109,C02732,B00401,Premium Savings,2022-10-18,275830.82,Active
A005110,C00432,B00201,Current,2023-03-08,214259.76,Active
A005111,C01241,B00201,Salary,2020-12-27,144160.78,Active
A005112,C01216,B00801,Current,2023-10-30,178959.0,Active
A005113,C02865,B00101,Salary,2023-05-30,18417.26,Active
A005114,C00646,B00301,Premium Savings,2020-12-24,231112.84,Active
A005115,C00111,B00601,Salary,2023-03-07,67879.3,Active
A005116,C00832,B01001,Savings,2021-11-17,205370.37,Active
A005117,C01394,B00901,Current,2020-04-23,252633.91,Active
A005118,C04256,B00401,Savings,2024-07-27,115904.32,Active
A005119,C01216,B00901,Premium Savings,2023-05-12,252585.77,Active
A005120,C03887,B00901,Current,2021-09-28,231557.49,Active
A005121,C02234,B00201,Current,2022-12-28,86623.48,Active
A005122,C00442,B00401,Salary,2020-02-17,89100.24,Active
A005123,C04234,B00601,Salary,2021-03-10,149240.72,Active
A005124,C02414,B01001,Savings,2021-04-05,362571.14,Active
A005125,C00528,B00401,Premium Savings,2021-11-09,214756.58,Active
A005126,C01707,B00201,Salary,2020-06-15,159566.49,Active
A005127,C04885,B01001,Savings,2022-02-14,260812.96,Active
A005128,C02928,B00201,Current,2024-09-26,311166.92,Active
A005129,C01373,B00701,Premium Savings,2023-11-28,503846.82,Active
A005130,C03368,B00701,Salary,2020-10-20,284091.51,Active
A005131,C04555,B00601,Current,2023-06-23,137340.31,Active
A005132,C04616,B00101,Savings,2023-10-14,38064.99,Active
A005133,C03201,B00201,Premium Savings,2021-08-15,0.0,Active
A005134,C04933,B01001,Premium Savings,2022-11-28,421519.1,Active
A005135,C02240,B01001,Current,2020-06-11,72438.09,Active
A005136,C02905,B00201,Savings,2023-09-16,201553.64,Active
A005137,C01509,B00601,Salary,2022-02-27,463159.83,Active
A005138,C02443,B01001,Savings,2021-01-28,190696.61,Active
A005139,C01481,B00401,Current,2024-09-25,299058.87,Active
A005140,C02268,B01001,Premium Savings,2022-07-04,205028.31,Active
A005141,C02101,B00301,Salary,2024-02-17,274374.02,Active
A005142,C00672,B00501,Salary,2024-11-30,244548.47,Active
A005143,C01210,B00301,Premium Savings,2024-09-08,260980.16,Active
A005144,C03654,B00101,Current,2021-01-21,219680.56,Active
A005145,C01474,B00501,Current,2020-05-07,209798.82,Active
A005146,C04253,B00901,Savings,2021-07-28,167697.23,Active
A005147,C04853,B00101,Premium Savings,2020-08-04,289837.4,Active
A005148,C03548,B00201,Savings,2023-07-28,284211.04,Active
A005149,C02309,B01001,Savings,2020-10-10,164149.6,Active
A005150,C02284,B00501,Premium Savings,2021-10-19,267033.27,Active
A005151,C04072,B00101,Current,2020-11-08,82705.95,Active
A005152,C04054,B00501,Salary,2024-01-20,304255.52,Active
A005153,C04534,B00701,Premium Savings,2024-05-26,205485.77,Active
A005154,C04499,B00401,Salary,2020-05-15,342904.04,Active
A005155,C02024,B00301,Current,2021-08-26,187379.11,Active
A005156,C02889,B00601,Savings,2023-08-16,97206.29,Active
A005157,C04089,B00501,Salary,2020-08-09,90271.38,Active
A005158,C03394,B01001,Current,2023-12-12,280122.73,Active
A005159,C00727,B00201,Savings,2024-09-26,198820.29,Active
A005160,C02195,B00801,Salary,2022-10-09,307073.07,Active
A005161,C03807,B00501,Premium Savings,2021-09-21,431204.38,Active
A005162,C02951,B00501,Current,2024-03-26,214196.64,Active
A005163,C04161,B00201,Savings,2024-06-28,142271.56,Active
A005164,C03489,B00801,Premium Savings,2024-07-09,327834.94,Active
A005165,C03262,B00901,Current,2021-03-31,395791.58,Active
A005166,C01036,B00901,Current,2024-09-03,183923.5,Active
A005167,C00926,B01001,Savings,2021-09-12,54160.88,Active
A005168,C04563,B00701,Current,2022-09-09,176127.16,Active
A005169,C03947,B00201,Current,2022-10-22,336238.96,Active
A005170,C02759,B00901,Current,2022-04-22,173738.55,Active
A005171,C02269,B00401,Premium Savings,2021-06-04,222571.24,Active
A005172,C00658,B00601,Current,2023-11-03,146936.95,Active
A005173,C04961,B00101,Savings,2022-08-08,273750.61,Active
A005174,C03996,B00801,Current,2023-02-23,97025.74,Active
A005175,C02784,B00601,Savings,2024-09-04,479463.08,Active
A005176,C04594,B00201,Salary,2022-08-24,86388.46,Active
A005177,C00808,B00501,Current,2022-02-09,207796.97,Active
A005178,C01560,B00201,Savings,2021-06-09,51507.92,Active
A005179,C04212,B00501,Savings,2023-04-07,258729.14,Active
A005180,C03394,B00901,Salary,2021-07-04,0.0,Active
A005181,C01840,B00201,Salary,2020-12-26,149437.4,Active
A005182,C04451,B01001,Salary,2020-04-03,156927.44,Active
A005183,C00818,B01001,Savings,2024-02-28,273392.07,Active
A005184,C01180,B00401,Current,2022-11-23,88626.28,Active
A005185,C01644,B00701,Premium Savings,2023-06-04,136623.66,Active
A005186,C02684,B00301,Premium Savings,2023-12-13,199358.3,Active
A005187,C00920,B00401,Salary,2023-12-13,233420.44,Active
A005188,C03103,B00901,Current,2020-11-26,131149.3,Active
A005189,C02099,B00201,Salary,2023-12-26,200216.89,Active
A005190,C02427,B01001,Savings,2024-05-20,58281.27,Active
A005191,C04088,B00601,Savings,2024-08-02,112822.44,Active
A005192,C01179,B00601,Current,2023-01-11,342396.0,Active
A005193,C01007,B00101,Premium Savings,2024-05-14,161988.85,Active
A005194,C00376,B00901,Savings,2024-10-28,21539.49,Active
A005195,C04473,B00101,Current,2023-10-18,343033.14,Active
A005196,C03389,B00801,Premium Savings,2021-04-04,111280.5,Active
A005197,C01314,B00501,Current,2020-06-09,231231.61,Active
A005198,C00727,B00101,Premium Savings,2022-12-23,174712.74,Active
A005199,C00209,B00801,Current,2023-05-06,363766.56,Active
A005200,C00691,B00601,Premium Savings,2023-12-10,93384.13,Active
A005201,C00767,B00901,Salary,2021-02-07,55945.21,Active
A005202,C04978,B00801,Salary,2024-01-16,175991.87,Active
A005203,C02352,B00201,Salary,2021-03-31,337485.49,Active
A005204,C02027,B00601,Current,2023-04-27,254532.58,Active
A005205,C02359,B00401,Savings,2021-03-27,184167.41,Active
A005206,C01833,B00301,Premium Savings,2024-05-15,158701.11,Active
A005207,C03552,B00901,Salary,2024-11-11,125200.79,Active
A005208,C01191,B00901,Premium Savings,2021-11-20,69463.65,Active
A005209,C04502,B00401,Premium Savings,2020-08-01,93810.57,Active
A005210,C03177,B00501,Premium Savings,2023-01-03,83808.42,Active
A005211,C03555,B00401,Salary,2023-09-15,254121.86,Active
A005212,C03064,B00401,Savings,2021-12-08,137167.0,Active
A005213,C01037,B00801,Savings,2023-04-20,181833.19,Active
A005214,C01406,B00201,Premium Savings,2020-10-09,166606.5,Active
A005215,C00891,B01001,Current,2021-05-19,68686.2,Active
A005216,C03414,B00401,Current,2021-07-01,217237.03,Active
A005217,C04481,B00501,Salary,2020-01-05,278294.37,Active
A005218,C03718,B00901,Salary,2020-03-13,248375.33,Active
A005219,C03606,B00601,Salary,2022-03-24,58539.25,Active
A005220,C04061,B00401,Premium Savings,2021-12-20,367568.73,Active
A005221,C00875,B00501,Savings,2020-06-05,117694.55,Active
A005222,C03589,B00101,Premium Savings,2022-09-25,116355.74,Active
A005223,C04215,B00301,Salary,2021-08-16,66109.2,Active
A005224,C04009,B00301,Savings,2022-09-22,287169.23,Active
A005225,C04800,B00601,Current,2022-10-27,225898.43,Active
A005226,C01048,B00501,Premium Savings,2022-02-16,246068.78,Active
A005227,C02855,B00201,Current,2021-07-19,206821.4,Active
A005228,C03441,B00301,Premium Savings,2024-07-22,183055.18,Active
A005229,C04083,B00601,Savings,2020-12-13,308593.52,Active
A005230,C04706,B00701,Salary,2024-10-01,176389.66,Active
A005231,C02669,B00201,Premium Savings,2021-01-07,367400.75,Active
A005232,C00032,B00501,Salary,2022-01-14,313663.89,Active
A005233,C03262,B00401,Salary,2024-10-08,236798.6,Active
A005234,C01583,B00701,Salary,2020-07-03,154351.51,Active
A005235,C03137,B00901,Salary,2022-07-25,278834.9,Active
A005236,C01556,B00701,Salary,2024-08-10,28940.27,Active
A005237,C04802,B01001,Premium Savings,2021-06-25,38549.54,Active
A005238,C04071,B00201,Current,2020-10-11,188121.89,Active
A005239,C03359,B00101,Savings,2021-06-02,85542.51,Active
A005240,C00674,B00201,Salary,2021-12-26,198074.74,Active
A005241,C00053,B00201,Premium Savings,2020-03-06,86726.02,Active
A005242,C01165,B00901,Premium Savings,2020-06-09,114422.55,Active
A005243,C00622,B00301,Current,2022-12-28,266021.2,Active
A005244,C03912,B00401,Premium Savings,2021-09-01,186921.34,Active
A005245,C03080,B00301,Salary,2021-12-08,147654.82,Active
A005246,C03151,B00801,Current,2022-04-07,81315.66,Active
A005247,C03847,B00701,Current,2020-06-30,66276.18,Active
A005248,C02497,B00501,Premium Savings,2020-12-23,285986.45,Active
A005249,C00775,B00601,Current,2021-12-17,185399.89,Active
A005250,C04027,B00201,Premium Savings,2024-06-21,188808.8,Active
A005251,C04605,B00401,Salary,2020-01-01,208062.38,Active
A005252,C00577,B00201,Salary,2021-10-07,221214.34,Active
A005253,C01231,B00501,Salary,2022-12-02,78221.65,Active
A005254,C00915,B00201,Salary,2020-01-09,298249.06,Active
A005255,C00807,B00901,Salary,2022-04-09,239870.85,Active
A005256,C04456,B00601,Salary,2021-05-19,364127.09,Active
A005257,C02732,B00901,Premium Savings,2024-02-23,203402.03,Active
A005258,C03479,B00501,Current,2020-03-27,188600.34,Active
A005259,C02340,B00101,Current,2021-08-03,136240.87,Active
A005260,C04154,B00201,Salary,2020-12-24,216636.93,Active
A005261,C00805,B01001,Salary,2023-11-30,130065.29,Active
A005262,C04862,B00601,Current,2023-03-21,36747.78,Active
A005263,C04613,B01001,Savings,2021-09-15,174681.77,Active
A005264,C04723,B00401,Current,2024-08-23,251332.49,Active
A005265,C01767,B00401,Salary,2023-04-21,220358.3,Active
A005266,C00399,B00901,Current,2023-02-24,359208.19,Active
A005267,C03927,B00401,Savings,2022-05-30,230474.2,Active
A005268,C04062,B00501,Salary,2021-01-14,156437.35,Active
A005269,C00055,B00601,Savings,2024-04-14,280952.64,Active
A005270,C04566,B00101,Salary,2024-09-13,0.0,Active
A005271,C01052,B00901,Premium Savings,2023-09-07,158430.59,Active
A005272,C04152,B00201,Premium Savings,2022-01-16,179638.37,Active
A005273,C04021,B00401,Current,2022-02-14,24416.45,Active
A005274,C00536,B00101,Current,2022-11-30,0.0,Active
A005275,C03160,B00601,Savings,2024-03-14,276247.11,Active
A005276,C03802,B00601,Salary,2024-05-16,186414.79,Active
A005277,C00374,B00101,Salary,2023-07-07,192313.46,Active
A005278,C00030,B01001,Salary,2020-05-14,136746.03,Active
A005279,C00661,B00101,Savings,2021-06-08,348261.09,Active
A005280,C03095,B00601,Savings,2021-05-29,264231.65,Active
A005281,C01592,B00201,Current,2021-08-31,159713.92,Active
A005282,C01064,B00301,Current,2020-03-31,23489.53,Active
A005283,C00246,B00201,Savings,2024-05-25,185606.14,Active
A005284,C04913,B00301,Salary,2023-07-09,163035.2,Active
A005285,C00575,B00601,Salary,2023-03-25,338445.43,Active
A005286,C03930,B01001,Premium Savings,2020-11-19,159924.85,Active
A005287,C00285,B00901,Salary,2022-10-30,157124.15,Active
A005288,C02150,B00901,Salary,2020-05-30,163827.94,Active
A005289,C03766,B00901,Premium Savings,2023-06-01,66632.89,Active
A005290,C00807,B00101,Premium Savings,2022-01-15,53830.66,Active
A005291,C01733,B00201,Savings,2022-09-17,115079.34,Active
A005292,C02336,B00901,Salary,2020-07-02,156611.13,Active
A005293,C02587,B00101,Salary,2023-08-19,164008.14,Active
A005294,C03156,B00601,Premium Savings,2020-06-29,259818.48,Active
A005295,C00810,B00301,Savings,2024-03-08,65095.46,Active
A005296,C01872,B00601,Salary,2021-09-24,181370.56,Active
A005297,C04022,B00801,Current,2021-09-22,238512.22,Active
A005298,C02803,B00101,Premium Savings,2020-10-17,152627.15,Active
A005299,C03950,B00501,Current,2022-01-24,250116.19,Active
A005300,C03975,B00501,Current,2024-09-17,24113.15,Active
A005301,C01874,B00401,Salary,2022-08-04,49721.24,Active
A005302,C03826,B00101,Salary,2022-11-23,341985.34,Active
A005303,C02623,B00101,Salary,2024-11-22,253102.66,Active
A005304,C01060,B00601,Salary,2020-01-16,83328.05,Active
A005305,C04616,B00501,Salary,2021-07-23,65780.65,Active
A005306,C04683,B00501,Premium Savings,2020-01-10,317599.18,Active
A005307,C01753,B00201,Salary,2020-08-28,17559.83,Active
A005308,C00397,B00301,Current,2023-10-10,45812.4,Active
A005309,C03012,B00501,Current,2021-07-06,0.0,Active
A005310,C00217,B00601,Premium Savings,2023-07-19,246853.65,Active
A005311,C04512,B01001,Premium Savings,2020-04-19,226851.96,Active
A005312,C04970,B00301,Current,2024-07-08,306815.88,Active
A005313,C01776,B01001,Current,2020-05-24,292545.61,Active
A005314,C04136,B00701,Savings,2020-03-15,57493.54,Active
A005315,C02957,B01001,Premium Savings,2024-06-23,0.0,Active
A005316,C02453,B00601,Salary,2023-02-24,144087.51,Active
A005317,C03533,B00101,Savings,2020-05-19,238453.89,Active
A005318,C03401,B00701,Salary,2022-04-26,389172.95,Active
A005319,C01812,B00101,Savings,2020-07-06,298109.24,Active
A005320,C02728,B00501,Premium Savings,2022-06-12,266314.07,Active
A005321,C02727,B00501,Premium Savings,2024-08-14,59980.53,Active
A005322,C02588,B01001,Salary,2022-11-05,80923.23,Active
A005323,C03822,B00601,Savings,2023-06-29,321268.19,Active
A005324,C00445,B00901,Savings,2021-09-01,150323.01,Active
A005325,C01561,B00701,Premium Savings,2020-10-21,179539.27,Active
A005326,C04616,B00401,Premium Savings,2020-12-17,275136.45,Active
A005327,C04717,B00301,Salary,2020-02-23,0.0,Active
A005328,C00574,B00301,Savings,2022-11-09,240265.39,Active
A005329,C03185,B00401,Current,2020-08-14,199762.71,Active
A005330,C01606,B00401,Savings,2024-01-31,0.0,Active
A005331,C04760,B01001,Premium Savings,2024-07-22,278419.01,Active
A005332,C00211,B00201,Salary,2022-06-20,338653.21,Active
A005333,C03893,B00401,Salary,2023-03-25,92114.28,Active
A005334,C03621,B00501,Premium Savings,2020-11-02,318194.48,Active
A005335,C00546,B00201,Savings,2022-04-14,361254.22,Active
A005336,C02838,B00301,Salary,2024-05-14,186162.8,Active
A005337,C03773,B00101,Premium Savings,2020-09-20,154380.19,Active
A005338,C02939,B00101,Current,2021-11-07,257991.79,Active
A005339,C02888,B00601,Salary,2023-05-31,206882.15,Active
A005340,C00342,B01001,Salary,2023-01-17,284338.72,Active
A005341,C04208,B00501,Savings,2020-04-16,158111.53,Active
A005342,C03229,B00701,Premium Savings,2020-03-21,444538.63,Active
A005343,C04379,B01001,Current,2024-07-27,262441.58,Active
A005344,C02344,B00101,Savings,2021-08-30,117277.12,Active
A005345,C01257,B01001,Premium Savings,2023-08-16,170092.06,Active
A005346,C04308,B00901,Current,2021-10-11,126599.35,Active
A005347,C03967,B01001,Savings,2023-07-11,221555.04,Active
A005348,C03038,B00801,Savings,2024-11-08,30574.25,Active
A005349,C04904,B00501,Premium Savings,2022-12-23,160616.42,Active
A005350,C02381,B00501,Salary,2021-02-01,57594.54,Active
A005351,C01154,B00301,Current,2020-04-09,155376.67,Active
A005352,C04377,B01001,Premium Savings,2024-09-28,167819.82,Active
A005353,C03482,B00101,Premium Savings,2023-06-25,203636.0,Active
A005354,C00296,B00101,Premium Savings,2021-06-05,235185.43,Active
A005355,C02521,B00901,Current,2021-09-15,79909.9,Active
A005356,C00635,B00801,Premium Savings,2022-06-24,181564.28,Active
A005357,C00128,B00901,Savings,2020-11-03,255402.66,Active
A005358,C02801,B00401,Savings,2024-01-04,239333.13,Active
A005359,C01298,B00401,Current,2021-05-19,138527.56,Active
A005360,C02152,B00301,Premium Savings,2023-08-21,54878.68,Active
A005361,C01194,B00501,Salary,2024-04-21,165288.65,Active
A005362,C02867,B00201,Salary,2021-07-29,229215.07,Active
A005363,C04613,B00101,Current,2024-06-28,227637.69,Active
A005364,C03738,B01001,Premium Savings,2022-06-17,870.04,Active
A005365,C00284,B00501,Savings,2022-08-12,362555.16,Active
A005366,C00561,B00701,Premium Savings,2020-10-26,298168.44,Active
A005367,C02837,B00501,Current,2021-01-26,195442.15,Active
A005368,C01048,B01001,Savings,2022-12-08,266925.72,Active
A005369,C03224,B00601,Savings,2023-11-20,270946.58,Active
A005370,C01715,B00701,Current,2021-01-25,278746.68,Active
A005371,C04820,B00201,Current,2022-10-05,121408.36,Active
A005372,C00720,B00601,Savings,2024-05-24,293152.16,Active
A005373,C01372,B00901,Current,2021-06-26,89467.57,Active
A005374,C03263,B00901,Savings,2021-05-31,128549.64,Active
A005375,C01548,B00101,Premium Savings,2023-01-04,139187.28,Active
A005376,C02976,B00301,Salary,2022-09-27,293163.16,Active
A005377,C00027,B00901,Current,2022-09-04,228149.76,Active
A005378,C01110,B00701,Salary,2020-05-27,245187.13,Active
A005379,C00946,B00201,Current,2022-11-28,184537.56,Active
A005380,C02063,B00401,Current,2020-11-17,201578.49,Active
A005381,C04956,B00201,Current,2023-08-28,242212.41,Active
A005382,C00383,B00201,Current,2023-10-14,258866.51,Active
A005383,C03642,B00601,Salary,2021-12-09,217887.92,Active
A005384,C04682,B00301,Current,2023-07-17,234147.6,Active
A005385,C02917,B00701,Current,2021-02-22,218855.91,Active
A005386,C02360,B01001,Savings,2022-12-03,274579.64,Active
A005387,C01303,B00201,Savings,2024-08-11,20779.41,Active
A005388,C00034,B00601,Current,2023-04-21,355859.85,Active
A005389,C03893,B00101,Savings,2022-07-18,240209.59,Active
A005390,C04040,B00501,Salary,2023-07-04,506640.33,Active
A005391,C04341,B00601,Premium Savings,2023-08-26,302783.24,Active
A005392,C04933,B00601,Premium Savings,2022-07-29,194844.82,Active
A005393,C00384,B00501,Premium Savings,2023-03-29,361140.39,Active
A005394,C02948,B01001,Current,2024-01-09,222817.6,Active
A005395,C03438,B00501,Current,2021-02-06,77960.67,Active
A005396,C01485,B00901,Savings,2022-09-27,0.0,Active
A005397,C04263,B00801,Premium Savings,2021-12-12,0.0,Active
A005398,C04591,B00401,Salary,2023-08-31,220994.66,Active
A005399,C00774,B00101,Salary,2020-06-10,277287.21,Active
A005400,C00165,B00601,Savings,2022-01-14,74051.66,Active
A005401,C03209,B00601,Savings,2023-05-20,275943.66,Active
A005402,C02602,B00501,Current,2024-05-20,144798.54,Active
A005403,C03815,B00101,Salary,2021-06-08,154222.34,Active
A005404,C02932,B01001,Salary,2023-09-04,280751.67,Active
A005405,C01187,B00701,Savings,2024-05-25,176836.34,Active
A005406,C02691,B00101,Current,2022-05-01,337347.57,Active
A005407,C01864,B00601,Salary,2023-11-18,233008.51,Active
A005408,C04155,B00201,Current,2021-02-15,149670.42,Active
A005409,C04384,B00501,Current,2024-08-19,93226.43,Active
A005410,C00444,B00201,Savings,2021-10-17,232284.57,Active
A005411,C03009,B00801,Salary,2023-06-11,164255.97,Active
A005412,C04705,B00401,Current,2024-11-25,314363.06,Active
A005413,C01530,B01001,Salary,2023-03-29,236412.55,Active
A005414,C03246,B00401,Premium Savings,2020-09-18,267824.22,Active
A005415,C00665,B00901,Salary,2024-09-03,299977.85,Active
A005416,C01544,B00901,Salary,2024-11-06,90078.06,Active
A005417,C04127,B00601,Current,2023-08-12,236515.87,Active
A005418,C03450,B00801,Premium Savings,2024-04-18,108985.29,Active
A005419,C03332,B00801,Salary,2021-05-10,27835.65,Active
A005420,C03827,B00101,Salary,2020-08-12,218121.0,Active
A005421,C03783,B01001,Savings,2022-05-28,186023.02,Active
A005422,C04191,B00101,Savings,2024-04-15,218570.87,Active
A005423,C00206,B00101,Premium Savings,2023-10-01,323360.79,Active
A005424,C04337,B00401,Premium Savings,2024-02-23,158750.37,Active
A005425,C02601,B00501,Savings,2020-06-19,187017.2,Active
A005426,C02378,B00901,Premium Savings,2022-05-08,501767.95,Active
A005427,C00204,B00501,Salary,2022-02-21,220940.77,Active
A005428,C03553,B00601,Salary,2021-06-13,160496.52,Active
A005429,C03518,B00701,Salary,2024-11-14,197868.45,Active
A005430,C00574,B00101,Premium Savings,2023-12-13,174206.56,Active
A005431,C00538,B00501,Salary,2022-05-31,179735.35,Active
A005432,C00563,B00501,Current,2024-07-04,126671.76,Active
A005433,C00447,B00801,Current,2021-11-22,288222.44,Active
A005434,C03486,B00601,Salary,2024-04-21,358522.2,Active
A005435,C02070,B00401,Salary,2022-05-11,197785.63,Active
A005436,C02757,B00101,Salary,2022-11-02,83467.69,Active
A005437,C02362,B00101,Savings,2023-01-17,245776.37,Active
A005438,C02992,B00801,Current,2023-06-03,226012.62,Active
A005439,C04572,B00901,Premium Savings,2020-12-16,107906.39,Active
A005440,C04687,B00401,Premium Savings,2024-05-29,73220.47,Active
A005441,C01912,B00901,Savings,2022-03-14,257087.66,Active
A005442,C03794,B01001,Current,2021-02-14,17369.48,Active
A005443,C01044,B00301,Current,2022-01-01,259973.32,Active
A005444,C02656,B00601,Current,2023-09-24,53323.3,Active
A005445,C04031,B00101,Savings,2023-12-12,244333.14,Active
A005446,C03265,B00201,Salary,2024-06-08,316954.17,Active
A005447,C00710,B00401,Premium Savings,2021-06-03,206654.51,Active
A005448,C02259,B01001,Salary,2024-05-28,419513.01,Active
A005449,C03958,B00601,Current,2021-08-28,96704.34,Active
A005450,C00104,B00601,Premium Savings,2022-01-07,330198.74,Active
A005451,C01810,B00901,Premium Savings,2023-05-29,255468.38,Active
A005452,C00637,B00901,Savings,2022-02-14,289227.24,Active
A005453,C00645,B00501,Premium Savings,2022-04-24,274959.83,Active
A005454,C01061,B00701,Salary,2024-11-21,283446.47,Active
A005455,C04125,B00301,Salary,2024-02-12,185716.32,Active
A005456,C01819,B00101,Salary,2023-10-11,313335.01,Active
A005457,C01395,B00601,Premium Savings,2021-06-17,296938.68,Active
A005458,C01521,B00101,Current,2023-07-16,156820.14,Active
A005459,C03193,B00101,Salary,2022-03-01,273993.15,Active
A005460,C02788,B00101,Premium Savings,2021-10-14,297018.5,Active
A005461,C04263,B01001,Premium Savings,2023-01-27,222714.23,Active
A005462,C01544,B00501,Premium Savings,2021-01-31,317451.76,Active
A005463,C04928,B01001,Salary,2022-10-09,280183.05,Active
A005464,C02624,B00101,Salary,2023-03-13,215414.07,Active
A005465,C04079,B00401,Premium Savings,2021-02-28,189773.64,Active
A005466,C02705,B00901,Current,2021-04-23,279359.88,Active
A005467,C04384,B00301,Salary,2021-09-05,220069.53,Active
A005468,C00771,B00101,Current,2023-11-08,89021.66,Active
A005469,C02499,B00701,Premium Savings,2023-05-31,360771.99,Active
A005470,C00086,B00501,Premium Savings,2023-10-16,234619.01,Active
A005471,C01375,B00501,Current,2024-08-27,291222.24,Active
A005472,C01768,B00101,Salary,2021-09-02,225086.06,Active
A005473,C00417,B00301,Savings,2022-10-06,130694.9,Active
A005474,C04781,B00901,Premium Savings,2021-11-23,175771.2,Active
A005475,C01598,B00301,Premium Savings,2022-07-05,206649.17,Active
A005476,C03273,B00901,Savings,2020-03-12,103309.81,Active
A005477,C04121,B01001,Salary,2024-03-17,317633.03,Active
A005478,C04030,B00901,Salary,2022-11-30,78149.61,Active
A005479,C03003,B00301,Salary,2022-06-21,118446.7,Active
A005480,C00785,B00901,Premium Savings,2023-09-30,136853.55,Active
A005481,C02831,B00501,Current,2020-01-01,164943.02,Active
A005482,C04324,B00901,Salary,2022-05-17,205971.13,Active
A005483,C03061,B00301,Salary,2020-12-03,217625.93,Active
A005484,C02177,B00101,Premium Savings,2021-01-26,190612.68,Active
A005485,C02263,B00201,Salary,2024-09-28,195212.41,Active
A005486,C00152,B00101,Premium Savings,2021-02-08,383327.51,Active
A005487,C02620,B00301,Premium Savings,2024-07-21,148440.72,Active
A005488,C04983,B00901,Current,2022-01-03,207071.18,Active
A005489,C03094,B00801,Premium Savings,2023-08-24,95109.06,Active
A005490,C03390,B01001,Savings,2020-06-06,112143.44,Active
A005491,C00343,B01001,Current,2023-02-07,280429.95,Active
A005492,C03453,B00401,Current,2024-05-24,110192.35,Active
A005493,C02759,B00601,Current,2024-06-04,212580.7,Active
A005494,C01848,B00601,Savings,2023-09-16,155135.2,Active
A005495,C01177,B00401,Premium Savings,2022-11-18,144387.36,Active
A005496,C01248,B00401,Premium Savings,2020-05-19,268432.99,Active
A005497,C00641,B00201,Premium Savings,2023-05-23,0.0,Active
A005498,C00079,B00401,Salary,2022-05-06,318821.06,Active
A005499,C01788,B00901,Current,2024-04-19,388331.71,Active
A005500,C00741,B00601,Savings,2022-04-03,202839.18,Active
A005501,C01832,B00401,Salary,2020-01-26,223048.88,Active
A005502,C03452,B00201,Current,2020-08-16,195064.66,Active
A005503,C00148,B01001,Salary,2023-04-29,304328.51,Active
A005504,C03163,B00301,Premium Savings,2022-05-05,123600.8,Active
A005505,C04349,B00701,Salary,2021-10-21,62058.58,Active
A005506,C04829,B00101,Current,2023-04-01,165382.73,Active
A005507,C01787,B00401,Salary,2023-04-15,286093.87,Active
A005508,C00232,B00201,Salary,2021-06-13,151837.44,Active
A005509,C04150,B00501,Premium Savings,2020-06-25,187295.13,Active
A005510,C03668,B00401,Current,2024-07-04,229489.45,Active
A005511,C03124,B00101,Premium Savings,2023-05-26,211774.84,Active
A005512,C03220,B00101,Premium Savings,2021-05-23,436840.7,Active
A005513,C00164,B00401,Salary,2021-08-22,190820.11,Active
A005514,C04261,B00501,Savings,2021-01-18,0.0,Active
A005515,C04773,B00401,Premium Savings,2023-07-13,229586.5,Active
A005516,C00299,B00101,Salary,2023-02-28,185386.87,Active
A005517,C02221,B00801,Salary,2022-11-05,0.0,Active
A005518,C00837,B00301,Salary,2024-11-15,125603.05,Active
A005519,C04733,B01001,Salary,2020-02-16,163241.55,Active
A005520,C01043,B00501,Current,2022-07-23,150537.27,Active
A005521,C03423,B00901,Current,2024-11-22,101787.0,Active
A005522,C02076,B00701,Current,2022-01-16,255857.25,Active
A005523,C03040,B00301,Current,2023-05-31,137104.05,Active
A005524,C01292,B00901,Premium Savings,2024-05-17,68001.32,Active
A005525,C04123,B00901,Current,2023-05-20,292046.17,Active
A005526,C03946,B00801,Savings,2022-09-01,81261.26,Active
A005527,C04827,B00201,Savings,2022-11-13,266944.9,Active
A005528,C01424,B00101,Salary,2020-10-29,323942.67,Active
A005529,C02849,B00401,Savings,2023-07-11,223617.17,Active
A005530,C03739,B00501,Savings,2021-02-24,313193.96,Active
A005531,C01806,B00101,Premium Savings,2021-05-27,135854.3,Active
A005532,C01266,B00401,Salary,2021-11-24,130388.65,Active
A005533,C01494,B00701,Current,2022-01-27,205038.73,Active
A005534,C04597,B01001,Savings,2020-02-20,166935.73,Active
A005535,C01226,B00501,Savings,2022-08-11,254147.75,Active
A005536,C00278,B01001,Salary,2021-02-13,70182.03,Active
A005537,C00779,B00501,Current,2023-05-27,251427.28,Active
A005538,C02443,B00201,Premium Savings,2023-04-08,307278.66,Active
A005539,C03496,B00901,Salary,2022-02-21,117083.38,Active
A005540,C01126,B00801,Savings,2023-12-15,282578.44,Active
A005541,C00248,B00501,Current,2021-10-09,239161.19,Active
A005542,C00641,B01001,Salary,2023-12-20,164192.65,Active
A005543,C01938,B00301,Current,2023-10-02,424241.34,Active
A005544,C00051,B00301,Savings,2020-03-11,330993.21,Active
A005545,C01298,B00201,Salary,2021-03-15,192769.18,Active
A005546,C03764,B00901,Premium Savings,2020-12-07,17455.06,Active
A005547,C03725,B00401,Current,2020-05-18,272290.76,Active
A005548,C01373,B00601,Salary,2021-01-25,151391.02,Active
A005549,C04141,B00401,Premium Savings,2021-06-04,51471.4,Active
A005550,C01217,B00501,Savings,2021-06-08,67809.93,Active
A005551,C00691,B00501,Premium Savings,2021-09-07,189378.06,Active
A005552,C02251,B00401,Current,2021-10-02,263662.53,Active
A005553,C03017,B00701,Savings,2021-02-01,372047.6,Active
A005554,C04973,B00201,Savings,2022-03-28,51425.04,Active
A005555,C01864,B01001,Current,2022-03-26,221234.1,Active
A005556,C00494,B00101,Salary,2023-10-07,361836.96,Active
A005557,C00132,B00301,Savings,2020-06-05,294384.0,Active
A005558,C04229,B00501,Current,2020-12-16,214367.95,Active
A005559,C02508,B00901,Savings,2022-07-16,2039.11,Active
A005560,C02376,B00101,Savings,2021-06-04,367828.25,Active
A005561,C00712,B00101,Savings,2021-04-13,267289.44,Active
A005562,C03325,B00501,Savings,2023-03-23,151535.41,Active
A005563,C04726,B00101,Current,2022-10-24,0.0,Active
A005564,C04417,B00401,Salary,2020-08-27,164281.93,Active
A005565,C02064,B00201,Current,2023-06-04,224701.05,Active
A005566,C04082,B00401,Savings,2022-05-05,425718.55,Active
A005567,C02489,B00601,Salary,2021-08-28,296272.99,Active
A005568,C02219,B00701,Savings,2020-07-21,47056.09,Active
A005569,C04187,B00501,Premium Savings,2023-08-19,0.0,Active
A005570,C00626,B01001,Premium Savings,2021-06-01,55550.42,Active
A005571,C04258,B00901,Salary,2024-06-15,307340.26,Active
A005572,C01514,B00301,Savings,2020-02-21,148030.66,Active
A005573,C03450,B00801,Salary,2020-12-30,165874.4,Active
A005574,C01798,B00101,Current,2020-05-01,356244.93,Active
A005575,C00125,B00601,Current,2024-05-30,183203.87,Active
A005576,C00934,B00101,Savings,2021-03-20,325084.98,Active
A005577,C00072,B00901,Current,2024-08-07,288913.69,Active
A005578,C04230,B00301,Salary,2020-11-29,164414.01,Active
A005579,C02544,B00201,Current,2024-03-13,200333.56,Active
A005580,C03909,B00201,Salary,2021-10-08,43382.41,Active
A005581,C02775,B00501,Salary,2024-10-03,358408.9,Active
A005582,C02764,B00201,Savings,2021-02-28,294617.5,Active
A005583,C00272,B00301,Savings,2021-04-17,45516.64,Active
A005584,C01795,B00201,Savings,2024-10-17,101820.43,Active
A005585,C03779,B00701,Premium Savings,2024-07-09,209452.34,Active
A005586,C00569,B00201,Current,2022-03-28,145519.04,Active
A005587,C04383,B00401,Savings,2021-05-10,314529.1,Active
A005588,C02571,B00901,Salary,2023-06-16,223867.93,Active
A005589,C00490,B00501,Savings,2024-05-07,182351.1,Active
A005590,C04228,B00501,Premium Savings,2024-09-23,15877.67,Active
A005591,C01542,B00401,Premium Savings,2020-06-24,34383.46,Active
A005592,C00536,B00701,Savings,2020-03-07,212199.85,Active
A005593,C02497,B00501,Premium Savings,2024-03-29,297758.96,Active
A005594,C02356,B00101,Current,2022-01-23,80895.6,Active
A005595,C02037,B00301,Current,2022-05-04,264080.26,Active
A005596,C01503,B00201,Current,2021-04-20,341623.95,Active
A005597,C03071,B00801,Premium Savings,2023-11-10,157575.91,Active
A005598,C02897,B00401,Salary,2021-04-16,0.0,Active
A005599,C04490,B01001,Salary,2022-03-07,0.0,Active
A005600,C02542,B00101,Savings,2024-06-30,112159.68,Active
A005601,C02825,B00301,Savings,2021-05-04,116101.11,Active
A005602,C02309,B00201,Savings,2023-09-18,130691.5,Active
A005603,C03927,B00301,Salary,2021-10-14,140794.35,Active
A005604,C03782,B00901,Current,2021-02-03,191495.13,Active
A005605,C00400,B01001,Premium Savings,2023-04-05,181979.23,Active
A005606,C02872,B00401,Premium Savings,2023-03-19,115812.85,Active
A005607,C04241,B00601,Current,2023-03-21,189120.91,Active
A005608,C04973,B00501,Current,2021-01-02,250328.23,Active
A005609,C02197,B00301,Savings,2020-07-16,247751.51,Active
A005610,C04133,B00901,Savings,2022-10-24,14821.98,Active
A005611,C03404,B00901,Savings,2020-12-25,143710.9,Active
A005612,C04927,B00301,Current,2020-03-17,157426.3,Active
A005613,C00874,B00601,Premium Savings,2023-02-18,178102.06,Active
A005614,C04021,B00701,Salary,2023-10-01,271716.36,Active
A005615,C02238,B00201,Current,2022-09-20,385042.96,Active
A005616,C03617,B00601,Savings,2020-03-19,253727.65,Active
A005617,C04462,B00701,Premium Savings,2023-03-28,337096.57,Active
A005618,C03247,B00201,Premium Savings,2020-09-05,76938.03,Active
A005619,C04034,B01001,Savings,2021-10-29,82756.99,Active
A005620,C04298,B00601,Savings,2023-01-30,329766.93,Active
A005621,C02043,B00901,Savings,2024-11-07,138098.99,Active
A005622,C03490,B01001,Current,2024-05-07,289039.75,Active
A005623,C04663,B01001,Premium Savings,2023-05-31,199883.65,Active
A005624,C04634,B00601,Current,2020-08-27,220348.64,Active
A005625,C00666,B00301,Current,2023-07-24,276511.54,Active
A005626,C01255,B00101,Premium Savings,2023-09-07,177357.59,Active
A005627,C02394,B00401,Current,2022-07-04,192075.09,Active
A005628,C00483,B00301,Premium Savings,2023-02-19,103377.58,Active
A005629,C02669,B01001,Savings,2020-06-25,359452.49,Active
A005630,C00513,B00901,Salary,2020-12-31,350907.08,Active
A005631,C04075,B00101,Savings,2020-06-17,509398.95,Active
A005632,C01104,B00601,Savings,2023-04-20,0.0,Active
A005633,C04468,B00601,Current,2021-04-22,0.0,Active
A005634,C01788,B01001,Premium Savings,2022-11-20,251685.68,Active
A005635,C04561,B00601,Premium Savings,2024-08-30,359432.59,Active
A005636,C00018,B01001,Savings,2024-09-09,256210.82,Active
A005637,C03433,B00401,Savings,2021-04-05,320908.88,Active
A005638,C00180,B00101,Salary,2023-05-13,256081.58,Active
A005639,C01411,B00401,Premium Savings,2022-02-15,125727.31,Active
A005640,C03650,B00101,Premium Savings,2020-02-15,143804.5,Active
A005641,C01766,B00401,Current,2020-05-11,301110.53,Active
A005642,C02337,B00401,Current,2022-06-29,110328.88,Active
A005643,C04661,B00201,Salary,2021-04-27,122433.62,Active
A005644,C04642,B00401,Savings,2024-08-21,324617.86,Active
A005645,C01358,B00401,Savings,2024-01-28,271569.28,Active
A005646,C01497,B01001,Current,2021-02-23,71964.74,Active
A005647,C02520,B01001,Premium Savings,2021-02-16,297074.74,Active
A005648,C04056,B01001,Savings,2022-09-26,1693.88,Active
A005649,C00752,B00601,Salary,2023-10-28,261444.99,Active
A005650,C00333,B00201,Savings,2024-05-10,261396.71,Active
A005651,C03421,B00401,Premium Savings,2023-08-16,33571.75,Active
A005652,C02816,B00601,Premium Savings,2023-09-10,366473.75,Active
A005653,C04568,B00301,Current,2023-04-10,208911.51,Active
A005654,C00682,B00501,Savings,2021-12-12,261389.79,Active
A005655,C01883,B00401,Salary,2020-06-07,159130.17,Active
A005656,C03144,B00401,Premium Savings,2023-11-07,338096.33,Active
A005657,C01807,B00401,Savings,2022-07-14,0.0,Active
A005658,C00170,B00501,Savings,2020-04-06,202974.25,Active
A005659,C01731,B00201,Salary,2020-01-30,82070.09,Active
A005660,C00685,B00901,Current,2021-04-13,180340.21,Active
A005661,C03284,B00801,Current,2021-03-04,185511.14,Active
A005662,C03863,B00101,Current,2022-11-22,137567.39,Active
A005663,C04410,B00901,Premium Savings,2020-03-09,121478.46,Active
A005664,C02607,B00201,Current,2022-08-31,152278.04,Active
A005665,C01409,B00601,Salary,2022-04-08,225334.94,Active
A005666,C00500,B00101,Savings,2023-11-22,106025.61,Active
A005667,C04085,B00501,Savings,2021-05-02,147555.54,Active
A005668,C00893,B00901,Premium Savings,2020-02-17,95767.93,Active
A005669,C01700,B00701,Salary,2022-09-02,91920.69,Active
A005670,C03572,B00301,Premium Savings,2022-07-07,206724.16,Active
A005671,C04653,B00701,Salary,2022-09-12,220077.72,Active
A005672,C03377,B00601,Current,2023-07-29,85635.25,Active
A005673,C03891,B00301,Salary,2024-11-30,147157.78,Active
A005674,C00253,B00401,Salary,2021-04-16,289000.33,Active
A005675,C01738,B01001,Savings,2021-08-25,146816.77,Active
A005676,C00236,B01001,Salary,2023-09-08,239989.93,Active
A005677,C00410,B00201,Savings,2023-04-28,374547.53,Active
A005678,C04207,B00201,Salary,2022-04-04,51955.47,Active
A005679,C02277,B00601,Premium Savings,2020-10-02,146108.88,Active
A005680,C01542,B00101,Premium Savings,2020-02-14,176162.92,Active
A005681,C00799,B00401,Premium Savings,2023-05-25,179170.31,Active
A005682,C04382,B00401,Savings,2020-08-20,259095.37,Active
A005683,C01339,B01001,Savings,2024-08-05,37151.93,Active
A005684,C00687,B00601,Current,2020-11-25,431456.34,Active
A005685,C01873,B00601,Current,2022-10-13,120045.27,Active
A005686,C04099,B00201,Salary,2024-11-13,167853.4,Active
A005687,C03760,B00101,Salary,2022-07-28,204107.36,Active
A005688,C04976,B00701,Savings,2024-06-26,344185.93,Active
A005689,C04617,B01001,Salary,2021-11-23,286383.26,Active
A005690,C00208,B00301,Premium Savings,2022-04-23,220742.62,Active
A005691,C02557,B00501,Salary,2021-01-25,191241.43,Active
A005692,C02596,B00201,Savings,2022-03-09,317351.48,Active
A005693,C03148,B00401,Salary,2021-05-16,326314.61,Active
A005694,C00540,B00101,Current,2023-01-08,48755.91,Active
A005695,C02410,B00101,Current,2022-01-28,158346.59,Active
A005696,C04828,B00501,Savings,2023-11-03,316830.46,Active
A005697,C00641,B00301,Savings,2020-04-24,245447.95,Active
A005698,C00864,B00101,Premium Savings,2020-02-27,179399.16,Active
A005699,C02359,B00601,Current,2023-10-29,169764.11,Active
A005700,C02608,B00701,Savings,2020-02-05,116765.13,Active
A005701,C02821,B00201,Salary,2020-03-25,241043.99,Active
A005702,C02526,B00101,Current,2021-11-24,224293.62,Active
A005703,C01009,B00301,Current,2024-03-07,34235.04,Active
A005704,C03040,B00601,Premium Savings,2021-09-29,227898.87,Active
A005705,C04513,B00401,Salary,2021-09-17,289645.06,Active
A005706,C02826,B00301,Premium Savings,2023-07-07,279211.29,Active
A005707,C03865,B01001,Current,2022-07-22,171330.37,Active
A005708,C04416,B00301,Salary,2023-05-13,113906.27,Active
A005709,C03484,B00101,Premium Savings,2023-08-28,432861.18,Active
A005710,C03909,B00201,Salary,2023-05-11,196752.5,Active
A005711,C02670,B00201,Savings,2021-06-24,223101.3,Active
A005712,C01145,B00601,Salary,2020-05-06,187500.14,Active
A005713,C03346,B00601,Salary,2021-07-31,201441.26,Active
A005714,C00257,B01001,Salary,2021-01-12,146940.79,Active
A005715,C01533,B01001,Savings,2021-07-28,277327.93,Active
A005716,C03187,B00901,Premium Savings,2024-11-21,292718.42,Active
A005717,C02666,B00301,Savings,2022-11-25,208278.58,Active
A005718,C01536,B00101,Premium Savings,2021-03-24,207065.52,Active
A005719,C03160,B00601,Premium Savings,2024-11-06,388107.23,Active
A005720,C00332,B00201,Premium Savings,2023-05-19,128841.38,Active
A005721,C04529,B00401,Current,2023-06-24,125810.35,Active
A005722,C03319,B00601,Salary,2021-05-23,244054.98,Active
A005723,C01417,B00201,Current,2022-02-17,164045.07,Active
A005724,C04953,B00901,Savings,2022-03-20,331205.81,Active
A005725,C00573,B00501,Current,2020-04-30,133750.04,Active
A005726,C04190,B00801,Salary,2024-05-15,214400.46,Active
A005727,C02938,B00901,Savings,2024-02-22,57660.25,Active
A005728,C00569,B00901,Current,2024-10-22,404268.15,Active
A005729,C01993,B00201,Premium Savings,2021-08-30,342652.54,Active
A005730,C03087,B00401,Salary,2022-07-31,212204.51,Active
A005731,C04913,B00201,Savings,2020-02-03,362511.94,Active
A005732,C00418,B00901,Salary,2024-11-15,196852.71,Active
A005733,C03504,B00701,Premium Savings,2024-04-16,172780.17,Active
A005734,C00192,B00601,Premium Savings,2021-01-14,170637.34,Active
A005735,C00705,B00301,Savings,2022-02-28,121190.2,Active
A005736,C04320,B00101,Savings,2021-06-09,138142.57,Active
A005737,C03656,B00801,Current,2021-04-18,290690.07,Active
A005738,C01322,B00401,Current,2024-04-30,244779.35,Active
A005739,C01241,B00801,Salary,2020-01-10,96720.31,Active
A005740,C02199,B00401,Premium Savings,2022-04-08,149968.1,Active
A005741,C04756,B00401,Salary,2021-11-26,65842.91,Active
A005742,C03192,B00301,Premium Savings,2021-10-27,253005.12,Active
A005743,C00787,B00801,Savings,2021-09-17,379755.57,Active
A005744,C02108,B00901,Salary,2022-12-03,85229.09,Active
A005745,C04663,B00801,Savings,2023-12-01,163968.43,Active
A005746,C01162,B00501,Premium Savings,2022-02-04,267381.63,Active
A005747,C01262,B00801,Premium Savings,2020-05-15,198019.92,Active
A005748,C01103,B00101,Premium Savings,2024-07-12,408021.3,Active
A005749,C03824,B00701,Salary,2022-10-03,281271.8,Active
A005750,C01177,B00101,Current,2023-05-11,47862.62,Active
A005751,C04207,B00501,Savings,2023-04-29,397531.76,Active
A005752,C00612,B00201,Premium Savings,2021-03-27,244526.51,Active
A005753,C03592,B00201,Savings,2021-05-09,117263.82,Active
A005754,C04620,B01001,Salary,2021-09-15,207726.02,Active
A005755,C00056,B00801,Premium Savings,2022-07-02,222129.29,Active
A005756,C03410,B00501,Premium Savings,2022-10-03,423916.9,Active
A005757,C04314,B00801,Current,2021-02-01,243343.28,Active
A005758,C02444,B00101,Savings,2022-04-15,170299.66,Active
A005759,C00590,B01001,Current,2021-02-23,124924.15,Active
A005760,C01666,B00601,Premium Savings,2024-04-15,213045.0,Active
A005761,C03417,B00301,Premium Savings,2021-11-16,244201.67,Active
A005762,C04396,B00801,Salary,2022-07-04,52526.75,Active
A005763,C01988,B00401,Savings,2023-01-02,228515.81,Active
A005764,C00975,B00301,Salary,2023-11-18,223499.0,Active
A005765,C03553,B00401,Salary,2023-12-13,94746.22,Active
A005766,C02835,B00301,Current,2020-11-25,144034.69,Active
A005767,C00435,B00801,Savings,2024-01-22,301736.24,Active
A005768,C02365,B00601,Salary,2024-09-25,182534.45,Active
A005769,C03902,B00501,Salary,2020-02-11,438222.11,Active
A005770,C04359,B00401,Savings,2021-04-03,294800.31,Active
A005771,C02151,B00401,Savings,2020-09-17,86418.28,Active
A005772,C02125,B00801,Premium Savings,2021-02-12,0.0,Active
A005773,C03271,B00901,Salary,2023-06-15,120228.27,Active
A005774,C03494,B00401,Premium Savings,2021-11-11,138604.71,Active
A005775,C01953,B00501,Salary,2023-12-22,0.0,Active
A005776,C00308,B00801,Savings,2024-05-14,437265.97,Active
A005777,C01769,B00601,Premium Savings,2024-04-22,309141.05,Active
A005778,C04005,B00801,Current,2020-03-09,213666.57,Active
A005779,C02535,B00401,Savings,2020-09-06,100516.07,Active
A005780,C04610,B00301,Premium Savings,2021-12-21,106790.25,Active
A005781,C00828,B00401,Premium Savings,2022-11-02,177246.21,Active
A005782,C00816,B00401,Current,2023-06-16,343225.96,Active
A005783,C03138,B00101,Current,2021-09-19,0.0,Active
A005784,C00044,B00501,Current,2022-01-17,236865.81,Active
A005785,C01586,B00501,Savings,2020-02-06,252074.23,Active
A005786,C00962,B00501,Current,2024-11-03,184447.69,Active
A005787,C01313,B01001,Salary,2024-08-21,322538.38,Active
A005788,C03224,B01001,Salary,2023-05-06,123848.25,Active
A005789,C04906,B00501,Current,2023-04-05,215987.64,Active
A005790,C03488,B00601,Current,2020-09-01,107598.85,Active
A005791,C00409,B00101,Savings,2024-05-12,168664.68,Active
A005792,C02662,B00601,Current,2023-01-10,390777.24,Active
A005793,C01583,B00501,Salary,2020-01-04,294192.41,Active
A005794,C01294,B00401,Premium Savings,2024-08-08,408073.24,Active
A005795,C04707,B00601,Salary,2022-08-19,335647.05,Active
A005796,C02071,B00301,Salary,2024-09-20,298951.61,Active
A005797,C03409,B00301,Current,2023-09-27,71048.2,Active
A005798,C04409,B00401,Savings,2023-12-18,193234.3,Active
A005799,C01720,B00301,Savings,2021-09-08,325586.79,Active
A005800,C01320,B00101,Premium Savings,2024-04-11,72515.89,Active
A005801,C03324,B00301,Savings,2024-10-02,330727.21,Active
A005802,C00191,B00601,Savings,2020-04-15,409241.86,Active
A005803,C04225,B00501,Current,2020-11-09,333385.22,Active
A005804,C00737,B00401,Savings,2021-07-05,14531.08,Active
A005805,C03127,B00401,Salary,2021-02-27,105514.73,Active
A005806,C00040,B00901,Premium Savings,2024-08-05,353537.65,Active
A005807,C04978,B00401,Premium Savings,2021-11-08,243292.65,Active
A005808,C00622,B00101,Premium Savings,2020-10-07,0.0,Active
A005809,C00228,B00801,Salary,2023-10-04,266271.72,Active
A005810,C03612,B00801,Current,2023-11-17,272095.76,Active
A005811,C02699,B00101,Current,2024-09-27,231016.72,Active
A005812,C01611,B00501,Premium Savings,2023-12-02,352217.5,Active
A005813,C04280,B00601,Salary,2024-05-17,78000.13,Active
A005814,C00213,B00901,Salary,2024-01-15,72343.99,Active
A005815,C02938,B00501,Current,2024-07-01,241450.33,Active
A005816,C03425,B00701,Salary,2024-07-04,174812.41,Active
A005817,C03462,B00201,Premium Savings,2024-03-23,0.0,Active
A005818,C03338,B00501,Savings,2020-09-25,0.0,Active
A005819,C01460,B01001,Savings,2022-04-24,102974.74,Active
A005820,C01665,B00901,Savings,2021-12-28,346326.69,Active
A005821,C02423,B00201,Savings,2020-12-21,193242.74,Active
A005822,C03064,B00901,Salary,2023-07-26,126218.88,Active
A005823,C00259,B00101,Savings,2020-10-25,82153.2,Active
A005824,C00625,B00701,Savings,2022-12-28,235007.75,Active
A005825,C01254,B00301,Premium Savings,2022-01-01,154403.14,Active
A005826,C00627,B00301,Premium Savings,2024-11-28,201316.06,Active
A005827,C04650,B00201,Current,2022-07-15,192258.44,Active
A005828,C02115,B00401,Premium Savings,2021-03-17,281685.69,Active
A005829,C01927,B00101,Salary,2022-10-15,335249.64,Active
A005830,C04652,B00601,Savings,2021-01-07,121609.1,Active
A005831,C00666,B00701,Salary,2024-02-05,169770.63,Active
A005832,C04249,B00801,Current,2020-07-17,25317.83,Active
A005833,C04865,B01001,Premium Savings,2024-06-02,353016.57,Active
A005834,C01195,B00201,Savings,2020-09-23,102191.2,Active
A005835,C02491,B00501,Premium Savings,2023-03-01,150362.0,Active
A005836,C01547,B00101,Salary,2024-10-21,304327.15,Active
A005837,C01489,B00301,Savings,2020-04-08,94064.24,Active
A005838,C03727,B00301,Salary,2024-02-22,275492.17,Active
A005839,C03366,B00601,Current,2023-11-15,255917.63,Active
A005840,C02320,B00201,Savings,2022-10-20,389107.34,Active
A005841,C00982,B00401,Current,2020-01-06,232505.12,Active
A005842,C03598,B00401,Savings,2022-03-02,127413.01,Active
A005843,C00951,B01001,Current,2022-10-04,216959.9,Active
A005844,C03198,B00201,Current,2021-09-04,236295.73,Active
A005845,C02263,B00601,Savings,2022-06-29,0.0,Active
A005846,C04615,B00301,Savings,2024-11-21,204318.97,Active
A005847,C04918,B00401,Current,2020-07-16,78785.86,Active
A005848,C01763,B00801,Savings,2024-06-02,225569.37,Active
A005849,C00306,B01001,Savings,2021-08-16,56779.87,Active
A005850,C02157,B00101,Savings,2021-12-14,222432.31,Active
A005851,C04480,B00301,Salary,2022-03-14,390610.62,Active
A005852,C04972,B00901,Savings,2023-02-20,188532.14,Active
A005853,C04881,B00201,Premium Savings,2024-11-30,168088.92,Active
A005854,C04574,B01001,Salary,2020-07-12,246384.37,Active
A005855,C02101,B00101,Premium Savings,2024-07-22,253953.38,Active
A005856,C01252,B00701,Premium Savings,2024-01-09,114208.86,Active
A005857,C03094,B00301,Salary,2024-08-22,328384.5,Active
A005858,C00191,B00501,Premium Savings,2022-10-10,268608.44,Active
A005859,C04902,B00701,Salary,2022-08-11,252753.22,Active
A005860,C04573,B01001,Salary,2021-07-15,102139.48,Active
A005861,C03545,B00201,Current,2021-08-27,326018.09,Active
A005862,C01215,B00901,Current,2020-05-22,19686.63,Active
A005863,C01272,B00501,Salary,2022-07-06,333518.78,Active
A005864,C01638,B00401,Premium Savings,2023-03-29,148628.27,Active
A005865,C03017,B00401,Current,2020-07-25,175391.02,Active
A005866,C00114,B00701,Current,2023-08-29,213984.23,Active
A005867,C04199,B00501,Salary,2023-09-12,186437.04,Active
A005868,C01638,B00601,Current,2022-04-06,200126.83,Active
A005869,C00919,B00401,Premium Savings,2020-03-26,186951.25,Active
A005870,C02481,B00701,Premium Savings,2022-04-24,248861.32,Active
A005871,C04835,B00901,Savings,2024-05-22,145122.36,Active
A005872,C02114,B00201,Salary,2020-05-26,378943.34,Active
A005873,C03156,B00201,Premium Savings,2020-01-16,296145.05,Active
A005874,C01730,B00201,Savings,2023-06-30,422202.78,Active
A005875,C03991,B00201,Savings,2023-09-01,302867.24,Active
A005876,C03077,B00601,Savings,2020-08-17,235567.75,Active
A005877,C02014,B01001,Premium Savings,2020-06-09,218421.53,Active
A005878,C04708,B00401,Salary,2022-10-03,178461.03,Active
A005879,C01345,B01001,Savings,2020-02-02,239187.12,Active
A005880,C00883,B00601,Premium Savings,2023-01-03,332530.0,Active
A005881,C02951,B01001,Premium Savings,2023-02-24,281217.89,Active
A005882,C02646,B00101,Current,2022-09-30,222728.46,Active
A005883,C00753,B00601,Salary,2023-08-02,197374.98,Active
A005884,C03318,B00401,Salary,2023-03-02,152593.36,Active
A005885,C01517,B00301,Savings,2023-04-16,171459.49,Active
A005886,C02689,B00501,Salary,2024-03-15,323386.08,Active
A005887,C03803,B00901,Savings,2020-03-08,142182.37,Active
A005888,C02237,B01001,Premium Savings,2023-10-27,0.0,Active
A005889,C03759,B00901,Current,2021-04-11,452073.9,Active
A005890,C02837,B00901,Premium Savings,2021-01-23,220609.11,Active
A005891,C01985,B00901,Premium Savings,2024-09-17,207014.7,Active
A005892,C00402,B00201,Savings,2020-12-14,348102.92,Active
A005893,C01162,B01001,Premium Savings,2023-03-30,155107.29,Active
A005894,C01093,B00601,Salary,2021-05-01,487229.41,Active
A005895,C03383,B00901,Premium Savings,2024-07-28,153155.02,Active
A005896,C01336,B00601,Salary,2020-11-17,226376.39,Active
A005897,C00357,B00201,Premium Savings,2020-08-03,264142.83,Active
A005898,C04473,B00801,Premium Savings,2022-08-14,69439.5,Active
A005899,C03034,B00201,Salary,2022-06-12,128807.92,Active
A005900,C04381,B00401,Salary,2023-07-07,182611.47,Active
A005901,C00900,B00401,Savings,2021-10-18,268856.96,Active
A005902,C02936,B00401,Current,2021-06-15,115314.65,Active
A005903,C01455,B00301,Current,2020-07-03,225587.79,Active
A005904,C03791,B00801,Salary,2024-02-14,181867.26,Active
A005905,C00959,B00401,Savings,2020-02-20,330152.96,Active
A005906,C01486,B01001,Savings,2021-09-23,210099.88,Active
A005907,C03529,B01001,Current,2021-11-30,81895.27,Active
A005908,C00136,B00901,Salary,2022-01-30,271207.68,Active
A005909,C01127,B01001,Savings,2020-01-11,284312.99,Active
A005910,C04847,B00601,Salary,2024-09-17,0.0,Active
A005911,C00699,B01001,Savings,2021-02-17,409583.28,Active
A005912,C01334,B00201,Salary,2022-03-21,40634.44,Active
A005913,C01703,B01001,Savings,2020-10-06,199937.59,Active
A005914,C03949,B00101,Current,2023-05-31,77967.58,Active
A005915,C04105,B00901,Savings,2021-05-02,289422.79,Active
A005916,C01937,B00901,Salary,2024-11-28,307241.23,Active
A005917,C04954,B00301,Savings,2022-02-07,213672.98,Active
A005918,C00276,B00801,Salary,2022-12-14,70140.05,Active
A005919,C00996,B00401,Premium Savings,2021-09-30,297869.39,Active
A005920,C00647,B00901,Current,2020-10-26,25107.39,Active
A005921,C02875,B00401,Savings,2022-02-05,241258.3,Active
A005922,C03065,B01001,Premium Savings,2021-03-19,405265.55,Active
A005923,C03301,B00801,Current,2020-01-13,314462.9,Active
A005924,C02022,B00901,Current,2021-03-17,316623.77,Active
A005925,C00825,B01001,Salary,2024-09-13,133497.11,Active
A005926,C03034,B00801,Premium Savings,2023-08-02,237822.94,Active
A005927,C00421,B00501,Salary,2022-07-22,246135.11,Active
A005928,C00063,B00801,Savings,2020-12-13,204001.89,Active
A005929,C04791,B00401,Savings,2022-12-25,312970.27,Active
A005930,C01519,B00101,Savings,2022-02-13,175480.84,Active
A005931,C01827,B00901,Premium Savings,2023-02-27,158085.03,Active
A005932,C01916,B00501,Current,2024-09-18,135398.63,Active
A005933,C02395,B00201,Current,2024-06-18,0.0,Active
A005934,C04171,B01001,Salary,2023-08-02,158040.69,Active
A005935,C03296,B00701,Salary,2020-01-10,247714.7,Active
A005936,C01123,B00901,Premium Savings,2021-05-02,99048.5,Active
A005937,C02465,B00201,Salary,2020-04-21,276849.52,Active
A005938,C01724,B00301,Salary,2022-03-20,0.0,Active
A005939,C03731,B00801,Current,2020-03-13,273302.51,Active
A005940,C01264,B01001,Salary,2023-02-17,242359.45,Active
A005941,C00308,B00201,Current,2021-09-05,124294.65,Active
A005942,C04881,B01001,Salary,2022-12-03,217005.16,Active
A005943,C01779,B00901,Savings,2021-07-08,227445.64,Active
A005944,C00577,B00301,Current,2024-01-12,113674.98,Active
A005945,C01880,B00601,Salary,2020-09-04,202073.07,Active
A005946,C02959,B00501,Savings,2023-03-07,207025.25,Active
A005947,C04666,B00101,Salary,2022-07-12,309893.62,Active
A005948,C02266,B00901,Savings,2020-12-13,316216.44,Active
A005949,C01256,B00101,Premium Savings,2021-09-10,289015.87,Active
A005950,C04669,B00301,Savings,2022-11-16,164002.73,Active
A005951,C04887,B01001,Savings,2021-03-31,163673.78,Active
A005952,C04964,B00201,Savings,2021-01-18,123937.88,Active
A005953,C00325,B00801,Salary,2023-09-04,390002.52,Active
A005954,C04526,B00901,Current,2021-03-13,341134.98,Active
A005955,C02563,B00501,Current,2020-01-04,164835.71,Active
A005956,C02025,B00301,Current,2023-10-27,125245.46,Active
A005957,C02084,B01001,Salary,2024-01-01,182999.46,Active
A005958,C02164,B00501,Salary,2022-03-19,220023.88,Active
A005959,C03498,B00101,Savings,2021-06-23,0.0,Active
A005960,C00663,B00301,Savings,2020-02-20,305177.94,Active
A005961,C00588,B00401,Premium Savings,2022-03-26,266500.52,Active
A005962,C01919,B01001,Premium Savings,2021-08-06,262584.66,Active
A005963,C04112,B00901,Current,2020-07-29,176530.39,Active
A005964,C01602,B00801,Savings,2023-07-04,162957.69,Active
A005965,C02854,B00401,Premium Savings,2024-08-17,214063.95,Active
A005966,C02152,B00601,Premium Savings,2020-07-12,208646.23,Active
A005967,C01013,B00701,Current,2021-01-07,363937.8,Active
A005968,C01443,B00901,Current,2023-11-01,105745.83,Active
A005969,C01138,B00601,Salary,2022-08-23,403031.05,Active
A005970,C02302,B00101,Salary,2023-11-01,200217.29,Active
A005971,C03058,B00501,Premium Savings,2023-01-17,242567.86,Active
A005972,C03546,B00601,Premium Savings,2022-02-03,347303.15,Active
A005973,C01423,B00301,Savings,2022-09-24,127213.22,Active
A005974,C04278,B00501,Premium Savings,2021-07-14,38177.31,Active
A005975,C03445,B00101,Salary,2024-01-19,350673.24,Active
A005976,C02737,B01001,Current,2024-04-03,78963.61,Active
A005977,C00808,B00401,Salary,2024-10-06,245314.63,Active
A005978,C00721,B00201,Salary,2024-10-18,206892.8,Active
A005979,C01119,B00101,Premium Savings,2023-05-10,240543.65,Active
A005980,C00073,B00501,Salary,2023-08-13,247300.59,Active
A005981,C00466,B00301,Current,2022-05-11,343658.7,Active
A005982,C04631,B00101,Salary,2024-06-26,510602.43,Active
A005983,C02792,B01001,Savings,2022-06-08,253047.02,Active
A005984,C03410,B00901,Premium Savings,2020-09-07,198474.64,Active
A005985,C00227,B00801,Premium Savings,2021-09-05,130423.6,Active
A005986,C04398,B00201,Premium Savings,2024-02-26,225611.46,Active
A005987,C00645,B00501,Current,2024-08-16,109843.98,Active
A005988,C00349,B00901,Savings,2023-12-09,292718.0,Active
A005989,C03963,B00901,Premium Savings,2024-06-27,403882.8,Active
A005990,C00376,B00401,Premium Savings,2024-02-18,431161.23,Active
A005991,C02473,B01001,Salary,2023-07-13,144471.97,Active
A005992,C03308,B00201,Salary,2023-12-02,257056.42,Active
A005993,C04281,B00101,Current,2023-05-12,45423.89,Active
A005994,C00335,B00601,Savings,2024-03-20,47207.84,Active
A005995,C04653,B00401,Premium Savings,2023-04-04,95606.42,Active
A005996,C00775,B00601,Salary,2023-09-12,240714.71,Active
A005997,C02394,B00901,Premium Savings,2024-05-04,426756.8,Active
A005998,C02771,B00701,Current,2024-05-06,354411.15,Active
A005999,C02921,B01001,Current,2022-11-29,288144.92,Active
A006000,C03872,B00901,Salary,2021-06-17,170440.28,Active
A006001,C00258,B00101,Current,2020-07-30,0.0,Active
A006002,C01100,B00801,Salary,2023-03-18,388533.4,Active
A006003,C02398,B00301,Current,2021-12-30,64416.43,Active
A006004,C00024,B00901,Premium Savings,2024-10-01,309362.1,Active
A006005,C02604,B00401,Premium Savings,2020-12-27,106510.76,Active
A006006,C03135,B00201,Current,2021-03-02,6932.8,Active
A006007,C03886,B00301,Salary,2022-09-15,250754.32,Active
A006008,C04541,B00901,Current,2021-06-27,352851.73,Active
A006009,C01655,B00901,Premium Savings,2023-08-07,166907.15,Active
A006010,C00914,B00701,Current,2024-08-21,319445.98,Active
A006011,C01232,B00301,Savings,2020-02-11,0.0,Active
A006012,C03375,B00601,Savings,2024-11-25,157808.28,Active
A006013,C02686,B00801,Premium Savings,2022-03-12,248143.37,Active
A006014,C00906,B00201,Current,2022-07-14,94288.58,Active
A006015,C00576,B00901,Current,2020-10-11,248860.78,Active
A006016,C03179,B00601,Savings,2020-05-30,245422.5,Active
A006017,C01702,B01001,Premium Savings,2020-05-05,356303.61,Active
A006018,C03450,B00201,Premium Savings,2020-07-09,443840.67,Active
A006019,C03150,B01001,Savings,2022-02-18,147008.76,Active
A006020,C02080,B00501,Salary,2021-11-06,245962.16,Active
A006021,C00777,B00601,Salary,2020-04-06,287305.49,Active
A006022,C04136,B00301,Salary,2021-03-07,398290.75,Active
A006023,C02066,B00901,Savings,2022-11-28,278698.3,Active
A006024,C03716,B00301,Current,2024-01-20,322102.21,Active
A006025,C01564,B00101,Current,2023-07-11,288407.1,Active
A006026,C04454,B00501,Current,2021-10-29,48818.56,Active
A006027,C03478,B00901,Current,2024-06-08,239233.31,Active
A006028,C04741,B00501,Premium Savings,2024-10-23,130010.67,Active
A006029,C02566,B00701,Current,2024-06-23,374928.59,Active
A006030,C00658,B00201,Current,2020-09-29,268932.39,Active
A006031,C00512,B00601,Current,2020-12-09,414298.7,Active
A006032,C00479,B00401,Premium Savings,2023-04-19,389536.03,Active
A006033,C04164,B00201,Savings,2021-07-10,127479.55,Active
A006034,C01865,B01001,Salary,2024-06-02,239821.29,Active
A006035,C03116,B00501,Salary,2021-02-25,125478.15,Active
A006036,C01965,B00201,Salary,2022-01-08,0.0,Active
A006037,C03043,B00301,Salary,2020-08-02,306304.03,Active
A006038,C00999,B01001,Savings,2021-01-01,148938.18,Active
A006039,C03253,B00101,Salary,2023-03-08,26501.08,Active
A006040,C02471,B01001,Savings,2020-06-18,297510.44,Active
A006041,C03340,B00401,Savings,2023-09-27,62335.18,Active
A006042,C01282,B00401,Premium Savings,2020-01-15,189783.53,Active
A006043,C03355,B00901,Salary,2023-02-25,152312.03,Active
A006044,C03004,B00101,Current,2023-10-18,100262.44,Active
A006045,C01658,B00301,Salary,2021-04-11,138373.74,Active
A006046,C01101,B00601,Premium Savings,2021-02-10,0.0,Active
A006047,C03561,B00401,Salary,2022-04-11,258113.77,Active
A006048,C03411,B00801,Salary,2024-06-21,20840.15,Active
A006049,C04817,B00101,Salary,2023-01-13,278251.67,Active
A006050,C01334,B00201,Current,2023-09-22,86231.84,Active
A006051,C04529,B00101,Premium Savings,2024-06-27,276182.36,Active
A006052,C00030,B00201,Savings,2021-09-14,284330.16,Active
A006053,C00678,B00601,Premium Savings,2022-02-28,304564.54,Active
A006054,C04201,B01001,Premium Savings,2021-01-23,50737.26,Active
A006055,C03842,B00101,Salary,2024-09-05,166051.8,Active
A006056,C02267,B00401,Premium Savings,2024-01-15,147737.01,Active
A006057,C01059,B00601,Savings,2023-07-18,278587.44,Active
A006058,C03559,B00501,Current,2022-10-30,349265.79,Active
A006059,C01213,B00601,Premium Savings,2020-03-12,171937.6,Active
A006060,C02073,B00101,Current,2021-09-14,280699.05,Active
A006061,C03590,B00201,Current,2023-03-07,141469.0,Active
A006062,C03180,B00701,Savings,2023-09-30,115025.69,Active
A006063,C01820,B00301,Premium Savings,2024-03-13,158493.78,Active
A006064,C02923,B01001,Savings,2021-08-10,203779.12,Active
A006065,C03642,B00901,Current,2020-05-07,206822.83,Active
A006066,C04416,B00301,Salary,2023-08-15,394702.69,Active
A006067,C00082,B00501,Current,2024-03-24,63633.15,Active
A006068,C04620,B00101,Current,2024-02-13,153036.52,Active
A006069,C01206,B00701,Savings,2021-02-23,204148.0,Active
A006070,C00322,B00401,Premium Savings,2021-04-01,67247.3,Active
A006071,C01181,B00101,Premium Savings,2020-12-18,156256.55,Active
A006072,C03233,B00301,Savings,2021-08-25,163608.65,Active
A006073,C01921,B00901,Current,2021-11-30,163829.3,Active
A006074,C01643,B00101,Salary,2022-03-03,93325.18,Active
A006075,C02503,B00701,Salary,2022-10-05,37868.84,Active
A006076,C02281,B00201,Current,2021-10-15,248838.47,Active
A006077,C01316,B00901,Savings,2023-12-25,98428.15,Active
A006078,C01315,B00601,Premium Savings,2020-05-28,139680.52,Active
A006079,C04235,B00201,Savings,2022-03-17,279251.29,Active
A006080,C04280,B00501,Salary,2024-05-23,119246.46,Active
A006081,C04181,B00401,Salary,2023-11-01,312612.0,Active
A006082,C00491,B01001,Savings,2021-07-02,128083.79,Active
A006083,C04868,B00201,Salary,2023-02-07,245191.86,Active
A006084,C02911,B00301,Savings,2020-05-03,0.0,Active
A006085,C01187,B00301,Salary,2023-12-22,119346.9,Active
A006086,C02000,B00101,Current,2022-06-05,83828.97,Active
A006087,C04500,B00601,Current,2022-09-17,55123.73,Active
A006088,C02096,B00901,Salary,2021-07-15,165930.72,Active
A006089,C02673,B00901,Current,2021-06-24,297586.74,Active
A006090,C01417,B00201,Premium Savings,2022-02-14,282681.86,Active
A006091,C00708,B00701,Premium Savings,2021-06-01,125190.98,Active
A006092,C00369,B00201,Premium Savings,2020-09-13,276734.17,Active
A006093,C00415,B00901,Current,2024-04-17,181989.99,Active
A006094,C00821,B00601,Savings,2021-06-27,33812.86,Active
A006095,C04170,B00601,Savings,2021-06-08,171941.49,Active
A006096,C04498,B00901,Premium Savings,2021-09-14,92780.81,Active
A006097,C03849,B00901,Current,2023-05-20,159346.93,Active
A006098,C03140,B00801,Savings,2020-07-23,249190.46,Active
A006099,C03254,B00901,Savings,2024-01-26,0.0,Active
A006100,C01300,B00301,Premium Savings,2020-12-04,191208.81,Active
A006101,C03302,B00901,Salary,2023-03-14,287465.16,Active
A006102,C03483,B00101,Current,2023-12-17,162125.54,Active
A006103,C02486,B00101,Savings,2020-01-12,166894.21,Active
A006104,C00329,B00901,Premium Savings,2021-09-30,103836.94,Active
A006105,C02108,B00201,Salary,2021-08-15,255198.59,Active
A006106,C04964,B00601,Current,2023-01-31,409926.14,Active
A006107,C00470,B00601,Savings,2020-09-18,0.0,Active
A006108,C00565,B00501,Premium Savings,2020-02-25,244925.83,Active
A006109,C03642,B00101,Current,2021-02-10,162725.2,Active
A006110,C00863,B00901,Current,2024-03-18,171853.73,Active
A006111,C03317,B00401,Savings,2020-10-13,265771.14,Active
A006112,C03521,B00601,Current,2020-06-25,72281.83,Active
A006113,C03543,B00301,Salary,2021-08-14,156458.86,Active
A006114,C02549,B00401,Current,2022-12-09,277609.61,Active
A006115,C03043,B00301,Current,2020-01-26,20006.34,Active
A006116,C01007,B00601,Salary,2024-11-07,209129.4,Active
A006117,C02288,B00601,Savings,2021-02-21,272878.01,Active
A006118,C03233,B01001,Savings,2023-12-29,139180.86,Active
A006119,C02435,B00501,Current,2021-11-10,307761.41,Active
A006120,C04009,B00701,Premium Savings,2020-03-05,112357.4,Active
A006121,C01687,B00901,Premium Savings,2023-02-06,21734.29,Active
A006122,C00260,B00701,Premium Savings,2024-04-28,146670.73,Active
A006123,C03788,B00501,Salary,2020-08-08,200713.3,Active
A006124,C01878,B00501,Current,2023-04-05,0.0,Active
A006125,C02552,B00701,Savings,2021-07-30,91630.6,Active
A006126,C00316,B00801,Salary,2024-05-12,255545.07,Active
A006127,C04185,B00101,Current,2020-05-14,372818.39,Active
A006128,C04921,B00101,Current,2021-07-03,296714.65,Active
A006129,C00252,B00101,Savings,2024-04-06,327662.89,Active
A006130,C02496,B00301,Salary,2024-03-28,68451.18,Active
A006131,C03731,B00501,Savings,2024-11-26,210285.55,Active
A006132,C04869,B00501,Premium Savings,2021-11-20,147706.11,Active
A006133,C00902,B00901,Salary,2022-01-01,101344.6,Active
A006134,C03487,B00401,Current,2020-11-01,417185.01,Active
A006135,C03012,B00101,Savings,2023-03-27,218037.19,Active
A006136,C03643,B00201,Current,2024-06-28,109045.93,Active
A006137,C04497,B00701,Savings,2024-01-13,183346.75,Active
A006138,C02419,B00201,Savings,2023-05-26,140210.57,Active
A006139,C02581,B00901,Salary,2021-12-10,300610.06,Active
A006140,C01228,B00501,Current,2020-09-20,134461.36,Active
A006141,C01155,B01001,Premium Savings,2024-04-16,360418.82,Active
A006142,C02954,B00601,Salary,2020-03-22,362731.17,Active
A006143,C01866,B00101,Current,2024-05-10,260556.98,Active
A006144,C04928,B00601,Premium Savings,2024-03-13,228709.66,Active
A006145,C02640,B00201,Premium Savings,2020-03-05,86907.94,Active
A006146,C03959,B00901,Premium Savings,2020-03-13,299480.75,Active
A006147,C03728,B00501,Current,2022-06-15,12445.67,Active
A006148,C04698,B00901,Salary,2021-02-06,269306.3,Active
A006149,C01253,B00601,Premium Savings,2024-04-26,348872.23,Active
A006150,C04200,B00801,Savings,2020-05-21,234896.81,Active
A006151,C01883,B00201,Premium Savings,2020-08-22,15897.17,Active
A006152,C04708,B00301,Premium Savings,2024-02-18,256447.72,Active
A006153,C04555,B00101,Current,2023-10-12,139145.27,Active
A006154,C03852,B00701,Savings,2024-02-21,259334.16,Active
A006155,C01857,B00101,Salary,2021-05-09,289840.74,Active
A006156,C00450,B00201,Current,2022-04-28,83423.2,Active
A006157,C04989,B00301,Premium Savings,2021-03-09,373619.86,Active
A006158,C04572,B00501,Savings,2023-08-23,327055.14,Active
A006159,C02872,B00601,Savings,2022-08-03,109251.27,Active
A006160,C03663,B00801,Premium Savings,2021-09-13,186680.52,Active
A006161,C04142,B00201,Salary,2020-10-01,119339.0,Active
A006162,C01055,B00401,Current,2020-10-02,255987.83,Active
A006163,C02514,B00301,Savings,2021-01-02,75400.39,Active
A006164,C01798,B01001,Current,2021-01-12,0.0,Active
A006165,C04332,B00501,Current,2021-07-29,315169.38,Active
A006166,C02552,B00801,Current,2023-07-29,214362.65,Active
A006167,C03732,B01001,Current,2020-07-28,62393.73,Active
A006168,C02973,B00501,Salary,2023-01-16,147828.98,Active
A006169,C04719,B00601,Premium Savings,2023-10-12,172369.99,Active
A006170,C03952,B00401,Current,2022-03-23,194306.3,Active
A006171,C02768,B00401,Savings,2022-09-28,235068.75,Active
A006172,C02260,B00801,Savings,2022-08-29,183575.98,Active
A006173,C04937,B00901,Savings,2022-11-16,201930.71,Active
A006174,C03853,B00501,Current,2021-02-10,0.0,Active
A006175,C01454,B00301,Salary,2024-01-12,0.0,Active
A006176,C04604,B00201,Premium Savings,2022-09-06,229342.84,Active
A006177,C04022,B00901,Salary,2023-09-21,130793.38,Active
A006178,C01645,B00901,Premium Savings,2020-04-02,108802.97,Active
A006179,C00390,B00901,Savings,2022-05-24,121822.66,Active
A006180,C04714,B00601,Savings,2021-03-14,112566.77,Active
A006181,C02919,B00201,Salary,2022-11-26,232803.63,Active
A006182,C04261,B00701,Salary,2022-03-27,106319.77,Active
A006183,C04406,B00701,Current,2022-07-19,351177.59,Active
A006184,C00875,B00601,Premium Savings,2023-05-11,224769.39,Active
A006185,C00841,B00601,Savings,2024-04-03,360980.0,Active
A006186,C02171,B01001,Salary,2022-01-18,360369.24,Active
A006187,C03121,B01001,Current,2020-05-01,55537.64,Active
A006188,C02416,B00101,Premium Savings,2022-01-05,269158.84,Active
A006189,C01539,B00901,Current,2024-11-27,218525.77,Active
A006190,C04711,B00301,Premium Savings,2020-03-01,169579.09,Active
A006191,C03133,B00801,Premium Savings,2021-05-09,211704.16,Active
A006192,C01966,B00501,Premium Savings,2022-04-26,127130.67,Active
A006193,C04279,B00601,Current,2021-11-08,200689.12,Active
A006194,C04206,B00501,Current,2021-12-10,219605.08,Active
A006195,C04477,B00201,Savings,2024-07-04,225491.8,Active
A006196,C04464,B00301,Savings,2021-07-18,157024.7,Active
A006197,C02528,B00301,Premium Savings,2023-06-26,259239.67,Active
A006198,C00633,B00201,Savings,2020-02-21,94586.37,Active
A006199,C00076,B00101,Salary,2023-02-22,278846.24,Active
A006200,C03408,B00601,Premium Savings,2023-09-04,120408.39,Active
A006201,C01938,B00201,Salary,2024-11-25,71535.13,Active
A006202,C02474,B00201,Premium Savings,2022-10-02,292352.63,Active
A006203,C00051,B00401,Salary,2023-07-14,113825.26,Active
A006204,C01908,B01001,Current,2024-08-11,113225.53,Active
A006205,C04523,B00101,Premium Savings,2023-06-27,268496.73,Active
A006206,C03460,B00101,Savings,2024-06-10,281799.27,Active
A006207,C04576,B01001,Savings,2020-04-07,270588.14,Active
A006208,C00033,B00501,Salary,2021-03-29,139153.02,Active
A006209,C01646,B00901,Current,2021-09-11,117945.77,Active
A006210,C02480,B00501,Premium Savings,2022-07-09,69839.49,Active
A006211,C04969,B00701,Savings,2021-02-04,234935.36,Active
A006212,C02862,B01001,Savings,2021-02-02,121592.34,Active
A006213,C04042,B00501,Premium Savings,2024-02-14,50636.61,Active
A006214,C04936,B00601,Premium Savings,2023-11-21,187669.57,Active
A006215,C01507,B00401,Premium Savings,2024-11-15,239564.78,Active
A006216,C01443,B00701,Premium Savings,2022-05-02,191441.86,Active
A006217,C01118,B01001,Current,2021-03-14,187083.35,Active
A006218,C03286,B00201,Salary,2021-09-13,3106.99,Active
A006219,C01872,B00701,Salary,2022-11-15,202554.16,Active
A006220,C01839,B00401,Current,2023-06-23,219177.7,Active
A006221,C01188,B00601,Current,2020-02-14,188439.69,Active
A006222,C00565,B00201,Current,2022-04-04,178958.72,Active
A006223,C03261,B00501,Salary,2021-03-22,232290.35,Active
A006224,C00028,B00301,Current,2022-08-08,222152.54,Active
A006225,C02221,B00501,Premium Savings,2024-06-14,130082.86,Active
A006226,C02010,B00201,Current,2023-07-02,254524.26,Active
A006227,C02103,B00101,Current,2022-11-26,320282.08,Active
A006228,C04988,B00401,Current,2023-10-05,43184.17,Active
A006229,C03770,B00701,Premium Savings,2021-07-30,355769.2,Active
A006230,C04991,B00801,Current,2023-09-04,250816.79,Active
A006231,C04038,B01001,Current,2020-03-28,203577.41,Active
A006232,C01916,B00101,Current,2022-05-30,116524.89,Active
A006233,C01460,B00501,Savings,2021-02-16,223958.39,Active
A006234,C00643,B01001,Salary,2022-09-01,226828.71,Active
A006235,C02187,B00901,Current,2020-06-16,283451.14,Active
A006236,C02424,B00301,Premium Savings,2020-11-11,195750.59,Active
A006237,C02504,B00401,Salary,2022-09-17,275024.06,Active
A006238,C00143,B00601,Premium Savings,2023-12-28,398804.1,Active
A006239,C03380,B01001,Premium Savings,2024-08-25,134672.36,Active
A006240,C01971,B00501,Premium Savings,2021-09-17,147600.66,Active
A006241,C00134,B00401,Premium Savings,2024-03-31,40620.24,Active
A006242,C03226,B00401,Savings,2023-12-26,223064.25,Active
A006243,C00014,B00601,Premium Savings,2020-08-18,100562.58,Active
A006244,C04351,B00201,Premium Savings,2022-12-06,293680.24,Active
A006245,C04858,B00601,Current,2022-01-14,214661.89,Active
A006246,C03994,B00901,Premium Savings,2023-12-14,32566.78,Active
A006247,C04179,B00401,Savings,2022-08-12,69472.25,Active
A006248,C04313,B00501,Salary,2024-04-21,232442.01,Active
A006249,C04001,B00901,Salary,2021-01-18,208120.08,Active
A006250,C02005,B00601,Savings,2024-10-02,104438.2,Active
A006251,C01224,B00201,Salary,2023-11-06,204102.04,Active
A006252,C04284,B00501,Salary,2021-08-15,350765.8,Active
A006253,C04584,B00601,Salary,2020-10-22,175693.81,Active
A006254,C04036,B00601,Savings,2022-11-21,87922.31,Active
A006255,C03195,B01001,Salary,2022-11-11,262626.85,Active
A006256,C01520,B00801,Premium Savings,2020-06-04,0.0,Active
A006257,C04954,B00101,Savings,2021-10-04,77682.99,Active
A006258,C01869,B00201,Current,2023-01-17,312668.54,Active
A006259,C02385,B00501,Current,2021-09-10,261179.79,Active
A006260,C01415,B00901,Salary,2020-03-09,98486.68,Active
A006261,C04347,B01001,Salary,2022-10-21,233536.64,Active
A006262,C02728,B00101,Savings,2022-12-10,161796.76,Active
A006263,C01715,B00201,Current,2024-01-29,221482.1,Active
A006264,C02974,B00101,Salary,2022-12-17,238240.1,Active
A006265,C03507,B00901,Salary,2020-03-25,427156.65,Active
A006266,C00008,B00301,Savings,2023-01-11,144667.16,Active
A006267,C00999,B00701,Savings,2022-08-08,136528.71,Active
A006268,C04253,B00201,Premium Savings,2020-03-01,161998.24,Active
A006269,C00416,B00801,Current,2024-05-08,104577.35,Active
A006270,C01601,B00901,Current,2024-03-12,154469.87,Active
A006271,C00951,B00901,Premium Savings,2024-06-14,236582.63,Active
A006272,C04839,B00201,Current,2020-02-18,218403.93,Active
A006273,C03614,B00701,Savings,2022-06-30,251525.98,Active
A006274,C03358,B00101,Current,2024-08-28,220503.48,Active
A006275,C04951,B00401,Current,2020-06-16,78066.47,Active
A006276,C04351,B00201,Premium Savings,2021-05-30,108393.37,Active
A006277,C00705,B00201,Premium Savings,2022-09-03,295802.19,Active
A006278,C01392,B00701,Salary,2022-03-21,248861.61,Active
A006279,C01421,B00401,Salary,2020-03-23,255244.65,Active
A006280,C01969,B01001,Salary,2024-11-29,143643.07,Active
A006281,C02613,B00701,Premium Savings,2024-04-10,184785.08,Active
A006282,C01816,B01001,Savings,2020-09-06,277497.29,Active
A006283,C02047,B00201,Current,2024-02-14,226977.94,Active
A006284,C03744,B00501,Savings,2020-06-12,149121.78,Active
A006285,C00438,B01001,Current,2020-05-24,132017.89,Active
A006286,C00882,B00401,Salary,2020-12-18,382678.11,Active
A006287,C00826,B00801,Savings,2023-03-17,217823.8,Active
A006288,C00523,B00401,Premium Savings,2024-10-02,128912.9,Active
A006289,C04927,B01001,Salary,2022-09-03,360654.33,Active
A006290,C01270,B00901,Savings,2020-02-17,271964.81,Active
A006291,C04599,B01001,Savings,2023-03-05,0.0,Active
A006292,C03765,B00301,Premium Savings,2021-02-28,130211.39,Active
A006293,C02391,B00101,Salary,2022-04-19,262099.19,Active
A006294,C04451,B00101,Premium Savings,2023-11-25,66853.91,Active
A006295,C03878,B00101,Premium Savings,2023-02-24,7634.91,Active
A006296,C01877,B00101,Salary,2020-07-31,283472.97,Active
A006297,C03483,B00901,Salary,2022-07-06,285604.49,Active
A006298,C02229,B01001,Salary,2023-11-12,401024.09,Active
A006299,C02098,B00801,Salary,2021-03-20,215479.82,Active
A006300,C02907,B00301,Current,2020-09-28,162179.53,Active
A006301,C03411,B00401,Premium Savings,2022-07-20,119936.99,Active
A006302,C01000,B00301,Premium Savings,2021-08-06,71175.86,Active
A006303,C03360,B00101,Salary,2022-07-18,154952.98,Active
A006304,C00340,B00201,Salary,2021-01-04,314218.24,Active
A006305,C04516,B00901,Savings,2022-07-11,309026.25,Active
A006306,C04197,B00601,Savings,2020-05-20,91104.77,Active
A006307,C04331,B00601,Salary,2020-01-28,142926.88,Active
A006308,C03979,B00401,Salary,2020-01-16,222374.7,Active
A006309,C03692,B00601,Current,2024-09-26,266313.85,Active
A006310,C01797,B00101,Salary,2022-12-14,164848.71,Active
A006311,C01601,B01001,Salary,2021-11-04,324151.59,Active
A006312,C02384,B00401,Salary,2022-07-20,180257.3,Active
A006313,C02324,B00101,Salary,2021-03-15,175748.8,Active
A006314,C02219,B00801,Salary,2020-02-11,178089.67,Active
A006315,C03378,B00601,Premium Savings,2022-04-04,294091.33,Active
A006316,C00162,B00501,Salary,2022-03-15,222583.86,Active
A006317,C02000,B00501,Current,2023-04-26,35242.01,Active
A006318,C02948,B00501,Savings,2020-05-25,320926.7,Active
A006319,C01363,B00101,Premium Savings,2021-12-18,163473.43,Active
A006320,C00417,B00301,Savings,2023-06-10,388443.82,Active
A006321,C02563,B00701,Salary,2020-10-02,371523.46,Active
A006322,C03498,B00301,Savings,2024-01-07,281407.1,Active
A006323,C04771,B00801,Salary,2021-08-27,269477.87,Active
A006324,C03545,B01001,Premium Savings,2021-07-18,194292.31,Active
A006325,C00898,B00901,Current,2021-09-06,189274.13,Active
A006326,C02450,B00201,Premium Savings,2023-05-05,145019.87,Active
A006327,C03922,B00501,Savings,2024-03-21,0.0,Active
A006328,C00961,B00901,Savings,2020-02-09,319743.66,Active
A006329,C04554,B00101,Current,2021-07-23,84793.97,Active
A006330,C04174,B00901,Savings,2023-11-30,295218.41,Active
A006331,C01205,B00701,Savings,2020-07-21,259048.51,Active
A006332,C02082,B00101,Current,2020-12-22,69000.62,Active
A006333,C04120,B00801,Premium Savings,2024-10-02,84911.19,Active
A006334,C03151,B01001,Savings,2021-05-14,128318.77,Active
A006335,C03654,B00601,Savings,2024-05-14,121628.34,Active
A006336,C01301,B00601,Savings,2023-04-25,296020.22,Active
A006337,C03618,B00901,Current,2024-03-15,114328.56,Active
A006338,C04292,B00101,Current,2022-11-21,156567.48,Active
A006339,C03853,B00901,Savings,2022-04-18,137398.41,Active
A006340,C00458,B00801,Salary,2024-09-09,420297.6,Active
A006341,C00841,B00601,Premium Savings,2022-11-09,184377.02,Active
A006342,C01461,B00101,Savings,2020-08-04,194697.56,Active
A006343,C02848,B00601,Savings,2020-01-11,63704.3,Active
A006344,C04151,B00401,Current,2021-12-25,284196.58,Active
A006345,C04398,B00101,Current,2024-05-16,459547.04,Active
A006346,C02276,B00201,Premium Savings,2023-11-02,24858.99,Active
A006347,C03747,B00101,Premium Savings,2023-08-28,167451.92,Active
A006348,C04935,B00301,Salary,2020-11-14,72589.49,Active
A006349,C01602,B01001,Premium Savings,2023-11-13,345223.03,Active
A006350,C01550,B00501,Current,2023-02-11,113168.01,Active
A006351,C02759,B00601,Savings,2021-03-08,138501.82,Active
A006352,C03212,B00101,Savings,2023-11-21,201023.47,Active
A006353,C03129,B00901,Current,2022-05-21,296565.89,Active
A006354,C02740,B00401,Premium Savings,2022-11-30,118059.77,Active
A006355,C04052,B00601,Premium Savings,2023-06-03,207798.92,Active
A006356,C04987,B00901,Premium Savings,2021-10-28,156119.01,Active
A006357,C03074,B00301,Current,2020-09-06,224423.82,Active
A006358,C01003,B00601,Savings,2020-06-18,347308.98,Active
A006359,C00713,B00901,Premium Savings,2022-03-30,185798.67,Active
A006360,C04262,B00901,Savings,2022-06-07,245855.14,Active
A006361,C01344,B00201,Salary,2020-11-03,233189.63,Active
A006362,C00095,B01001,Salary,2021-09-25,168697.18,Active
A006363,C04062,B00701,Savings,2024-09-23,248725.0,Active
A006364,C02579,B00401,Premium Savings,2022-06-26,63211.78,Active
A006365,C01425,B00401,Premium Savings,2021-02-28,307161.0,Active
A006366,C01083,B00401,Savings,2021-09-01,101446.36,Active
A006367,C03605,B01001,Premium Savings,2022-03-09,313094.64,Active
A006368,C02287,B00601,Salary,2021-09-14,314032.16,Active
A006369,C04287,B00801,Salary,2021-12-20,38475.56,Active
A006370,C01607,B00901,Savings,2022-12-12,166911.31,Active
A006371,C03334,B00301,Savings,2024-08-27,193938.39,Active
A006372,C00595,B00101,Current,2024-09-29,40301.26,Active
A006373,C00932,B00101,Current,2024-10-01,161630.34,Active
A006374,C04679,B00501,Salary,2024-02-02,54150.63,Active
A006375,C04008,B00401,Current,2023-02-20,113901.87,Active
A006376,C03518,B00701,Premium Savings,2021-04-06,155891.98,Active
A006377,C02791,B00501,Premium Savings,2020-08-13,203062.57,Active
A006378,C02347,B00101,Current,2021-04-11,120911.03,Active
A006379,C03662,B00801,Premium Savings,2022-03-05,133772.51,Active
A006380,C02666,B00101,Salary,2023-03-29,93555.29,Active
A006381,C04025,B00801,Salary,2021-08-21,309873.36,Active
A006382,C04728,B00101,Premium Savings,2021-01-30,108256.34,Active
A006383,C04960,B00401,Salary,2024-10-18,147488.54,Active
A006384,C04196,B00101,Current,2022-11-25,301081.6,Active
A006385,C03490,B00401,Premium Savings,2020-11-14,243093.86,Active
A006386,C01991,B00801,Savings,2021-10-21,61720.54,Active
A006387,C01844,B00501,Salary,2021-10-22,164998.56,Active
A006388,C04984,B00101,Savings,2022-07-09,214116.9,Active
A006389,C04562,B00101,Savings,2022-10-17,322655.54,Active
A006390,C00239,B00301,Salary,2020-09-21,178871.86,Active
A006391,C04640,B01001,Current,2023-02-06,118952.56,Active
A006392,C01340,B00501,Salary,2020-06-13,261934.13,Active
A006393,C02412,B00401,Salary,2022-08-16,188460.28,Active
A006394,C03826,B00901,Salary,2023-09-07,125756.67,Active
A006395,C03337,B00901,Current,2020-02-27,0.0,Active
A006396,C03654,B00901,Current,2021-02-21,234392.58,Active
A006397,C02000,B00801,Salary,2020-08-21,115699.91,Active
A006398,C00127,B00601,Current,2023-06-13,293238.42,Active
A006399,C01861,B00501,Savings,2021-01-20,303113.2,Active
A006400,C03663,B00501,Current,2024-05-13,25522.75,Active
A006401,C04932,B00201,Current,2020-01-26,403143.86,Active
A006402,C01258,B00401,Salary,2023-06-12,245799.91,Active
A006403,C03376,B00601,Savings,2021-12-01,67734.56,Active
A006404,C04716,B00601,Savings,2021-05-13,119377.9,Active
A006405,C02576,B00501,Current,2021-08-17,413741.68,Active
A006406,C00427,B00401,Premium Savings,2024-06-02,181600.91,Active
A006407,C04841,B00201,Salary,2020-08-04,257932.12,Active
A006408,C03054,B00601,Savings,2022-05-25,271056.01,Active
A006409,C00391,B00401,Savings,2023-10-26,111146.91,Active
A006410,C03151,B00601,Salary,2021-10-25,0.0,Active
A006411,C03861,B00701,Salary,2021-06-08,18903.79,Active
A006412,C02344,B00701,Savings,2022-07-11,0.0,Active
A006413,C03809,B00501,Current,2023-09-02,309461.85,Active
A006414,C02587,B00501,Current,2024-12-01,74843.35,Active
A006415,C00436,B00201,Current,2021-12-26,232485.26,Active
A006416,C01642,B00201,Savings,2022-01-17,0.0,Active
A006417,C01495,B01001,Savings,2021-11-04,256539.31,Active
A006418,C03839,B00401,Current,2024-10-23,319043.5,Active
A006419,C01324,B00301,Current,2021-07-06,218529.76,Active
A006420,C04794,B00501,Salary,2021-07-14,170574.67,Active
A006421,C00576,B00501,Premium Savings,2020-09-25,275677.59,Active
A006422,C02167,B01001,Premium Savings,2023-11-14,228957.88,Active
A006423,C02532,B00201,Salary,2024-10-20,290316.78,Active
A006424,C01356,B00801,Current,2020-08-26,241677.49,Active
A006425,C03253,B00301,Premium Savings,2020-03-12,258324.55,Active
A006426,C02288,B00301,Premium Savings,2023-09-12,263884.42,Active
A006427,C03102,B00301,Savings,2023-08-13,311378.81,Active
A006428,C02477,B00301,Savings,2022-07-09,237508.83,Active
A006429,C02728,B00901,Savings,2024-04-03,367851.26,Active
A006430,C00875,B00101,Salary,2023-06-14,3425.85,Active
A006431,C00399,B00901,Salary,2024-07-04,149844.92,Active
A006432,C01493,B00301,Premium Savings,2022-08-21,156775.57,Active
A006433,C02174,B00601,Savings,2021-09-20,138430.63,Active
A006434,C01811,B00401,Premium Savings,2020-06-21,62303.34,Active
A006435,C01135,B00101,Savings,2021-01-16,455305.19,Active
A006436,C02838,B00901,Salary,2024-11-18,91966.01,Active
A006437,C04542,B00601,Premium Savings,2023-10-19,290462.77,Active
A006438,C03974,B00701,Salary,2020-12-20,129531.46,Active
A006439,C04909,B00801,Premium Savings,2020-02-02,131965.45,Active
A006440,C04021,B00601,Savings,2020-03-30,341252.38,Active
A006441,C00422,B00901,Savings,2020-05-28,261509.51,Active
A006442,C04439,B00101,Salary,2020-01-02,337008.33,Active
A006443,C04230,B01001,Current,2021-09-02,242518.88,Active
A006444,C03074,B00901,Current,2021-03-01,30674.82,Active
A006445,C02397,B01001,Salary,2022-07-22,120465.99,Active
A006446,C00919,B00201,Premium Savings,2023-03-19,250090.0,Active
A006447,C02293,B00401,Salary,2021-05-17,237122.78,Active
A006448,C01851,B00101,Savings,2022-12-13,84274.68,Active
A006449,C03507,B00301,Premium Savings,2021-08-07,94888.78,Active
A006450,C02070,B00801,Current,2021-08-10,393776.35,Active
A006451,C01748,B00401,Premium Savings,2024-05-01,136118.68,Active
A006452,C01246,B00801,Current,2022-01-28,26517.61,Active
A006453,C04057,B00301,Salary,2020-06-16,192457.99,Active
A006454,C04826,B00901,Premium Savings,2022-05-22,193098.3,Active
A006455,C02221,B00601,Savings,2024-01-13,379267.44,Active
A006456,C02718,B00901,Salary,2024-08-29,96918.69,Active
A006457,C02933,B00501,Savings,2022-03-27,211878.78,Active
A006458,C01115,B00101,Premium Savings,2022-05-16,419772.29,Active
A006459,C02700,B00901,Premium Savings,2020-09-28,87959.3,Active
A006460,C01135,B01001,Salary,2021-07-16,310482.65,Active
A006461,C01019,B00901,Salary,2023-06-23,176215.43,Active
A006462,C02980,B00201,Current,2023-09-21,256551.17,Active
A006463,C04581,B00401,Current,2021-09-03,353610.94,Active
A006464,C04062,B00101,Premium Savings,2021-12-10,27218.59,Active
A006465,C00130,B00701,Premium Savings,2021-10-31,107392.81,Active
A006466,C02394,B00101,Savings,2020-07-20,271441.93,Active
A006467,C03391,B00101,Current,2024-10-16,197475.42,Active
A006468,C01455,B00701,Premium Savings,2021-09-30,54935.1,Active
A006469,C02679,B00501,Savings,2021-12-31,238693.36,Active
A006470,C02404,B00501,Savings,2022-06-04,109121.6,Active
A006471,C02689,B00301,Premium Savings,2023-08-02,227902.7,Active
A006472,C04854,B00901,Salary,2022-12-25,257307.22,Active
A006473,C01062,B00801,Premium Savings,2023-06-06,165431.66,Active
A006474,C03316,B00201,Current,2022-11-12,295937.1,Active
A006475,C04602,B00301,Savings,2020-09-21,285954.24,Active
A006476,C00753,B00401,Salary,2020-02-12,67783.67,Active
A006477,C00593,B00501,Current,2020-03-09,210335.87,Active
A006478,C04491,B00401,Savings,2024-05-31,21657.56,Active
A006479,C04587,B00501,Premium Savings,2022-10-09,267991.02,Active
A006480,C04732,B00901,Savings,2021-04-14,137674.13,Active
A006481,C00499,B00101,Premium Savings,2020-05-07,128061.51,Active
A006482,C02190,B00901,Premium Savings,2022-01-28,58290.36,Active
A006483,C04544,B00901,Current,2023-02-20,73767.18,Active
A006484,C00368,B00101,Salary,2023-01-05,60232.72,Active
A006485,C02708,B00601,Salary,2021-02-23,59613.03,Active
A006486,C04597,B00601,Current,2023-07-14,256612.74,Active
A006487,C01743,B00501,Salary,2022-07-10,386963.58,Active
A006488,C03523,B00101,Savings,2021-08-18,215142.39,Active
A006489,C04152,B01001,Premium Savings,2023-05-31,135885.06,Active
A006490,C02198,B00901,Premium Savings,2023-05-13,242803.65,Active
A006491,C02678,B00301,Current,2022-05-01,0.0,Active
A006492,C01780,B00201,Current,2024-03-08,295818.72,Active
A006493,C03201,B00701,Premium Savings,2022-08-27,314903.55,Active
A006494,C03407,B00401,Premium Savings,2022-11-23,210877.22,Active
A006495,C03311,B00501,Premium Savings,2022-04-18,355637.84,Active
A006496,C02272,B00301,Premium Savings,2023-04-27,284392.5,Active
A006497,C02895,B00901,Salary,2024-11-01,288687.6,Active
A006498,C04639,B00401,Current,2022-04-02,428331.31,Active
A006499,C01986,B00101,Salary,2022-04-27,223445.75,Active
A006500,C00615,B00101,Savings,2022-11-11,240796.09,Active
A006501,C04814,B00301,Salary,2023-07-07,97512.53,Active
A006502,C04326,B00601,Current,2024-05-11,368021.1,Active
A006503,C01595,B00101,Savings,2024-07-21,173273.19,Active
A006504,C01927,B00201,Savings,2021-02-28,142787.41,Active
A006505,C02340,B00501,Premium Savings,2021-05-18,42501.72,Active
A006506,C01185,B00101,Current,2023-01-21,164665.3,Active
A006507,C03948,B00901,Salary,2024-02-15,312815.64,Active
A006508,C03958,B00401,Premium Savings,2021-10-08,253438.44,Active
A006509,C03907,B00201,Current,2021-12-13,76963.32,Active
A006510,C02639,B00601,Salary,2024-03-05,87966.16,Active
A006511,C01744,B00601,Current,2020-07-15,339489.81,Active
A006512,C00511,B00101,Savings,2023-12-31,251816.46,Active
A006513,C00877,B00601,Premium Savings,2024-05-11,92724.75,Active
A006514,C02657,B00601,Current,2023-10-15,155864.2,Active
A006515,C03012,B00701,Current,2021-08-11,123696.79,Active
A006516,C03097,B00901,Current,2023-09-22,79323.45,Active
A006517,C02493,B00101,Savings,2024-06-10,50138.31,Active
A006518,C01922,B00401,Current,2020-10-28,320325.77,Active
A006519,C03153,B00901,Salary,2020-01-06,326542.52,Active
A006520,C02122,B00601,Current,2022-06-28,311708.73,Active
A006521,C04092,B00401,Savings,2020-05-23,236682.1,Active
A006522,C04861,B00901,Savings,2021-03-23,105540.83,Active
A006523,C04898,B00101,Current,2020-10-11,305691.76,Active
A006524,C02240,B00501,Salary,2024-11-09,155055.85,Active
A006525,C01366,B01001,Salary,2022-08-11,127212.83,Active
A006526,C00335,B00201,Premium Savings,2022-07-24,256733.84,Active
A006527,C02130,B00201,Savings,2021-02-22,171103.91,Active
A006528,C03601,B00501,Savings,2022-10-01,257356.93,Active
A006529,C00193,B01001,Current,2021-08-08,220095.18,Active
A006530,C01622,B00801,Savings,2022-12-08,309270.76,Active
A006531,C00062,B00601,Savings,2020-09-17,440651.11,Active
A006532,C04579,B00101,Salary,2022-03-22,402768.84,Active
A006533,C02425,B00201,Premium Savings,2023-07-26,310311.86,Active
A006534,C01517,B00501,Savings,2023-11-03,435953.36,Active
A006535,C03267,B00601,Salary,2021-09-14,309109.25,Active
A006536,C00201,B01001,Premium Savings,2024-10-28,186981.61,Active
A006537,C02385,B00401,Salary,2020-11-15,81994.15,Active
A006538,C02288,B00601,Salary,2021-06-28,272894.85,Active
A006539,C04367,B00401,Current,2024-01-17,123820.89,Active
A006540,C03011,B00401,Premium Savings,2020-01-02,290735.29,Active
A006541,C04527,B00901,Salary,2024-02-29,0.0,Active
A006542,C04733,B00401,Savings,2020-08-31,167826.14,Active
A006543,C00240,B00501,Current,2024-02-05,390873.82,Active
A006544,C02489,B00301,Current,2020-06-20,302982.61,Active
A006545,C03397,B00601,Current,2021-09-08,149647.82,Active
A006546,C04507,B00801,Savings,2023-01-30,156458.09,Active
A006547,C03224,B00401,Current,2020-12-02,186531.45,Active
A006548,C00587,B00101,Current,2024-05-12,241819.98,Active
A006549,C00422,B00601,Current,2024-12-01,18779.83,Active
A006550,C01425,B00201,Savings,2020-08-05,279357.94,Active
A006551,C03388,B00301,Premium Savings,2020-09-15,209290.83,Active
A006552,C04470,B00101,Current,2020-11-26,83257.65,Active
A006553,C01259,B00301,Current,2024-09-07,165724.25,Active
A006554,C01999,B00901,Current,2020-11-30,216929.87,Active
A006555,C02349,B00901,Current,2023-09-20,177803.04,Active
A006556,C01964,B00501,Premium Savings,2022-05-09,210138.87,Active
A006557,C04610,B00401,Premium Savings,2021-08-23,131713.97,Active
A006558,C02823,B00401,Current,2020-05-05,81488.51,Active
A006559,C00811,B01001,Current,2021-07-12,30395.84,Active
A006560,C01977,B00601,Current,2023-09-14,77465.4,Active
A006561,C02230,B01001,Premium Savings,2022-04-15,255784.77,Active
A006562,C03978,B00601,Salary,2021-02-14,51389.79,Active
A006563,C00897,B01001,Salary,2020-12-12,88806.28,Active
A006564,C00862,B00601,Current,2022-01-25,172423.98,Active
A006565,C03235,B00101,Premium Savings,2023-08-27,152596.14,Active
A006566,C04065,B00401,Savings,2020-11-05,277565.73,Active
A006567,C01986,B00901,Savings,2023-03-13,38677.02,Active
A006568,C03412,B01001,Premium Savings,2023-07-23,0.0,Active
A006569,C04772,B01001,Premium Savings,2020-01-20,225923.14,Active
A006570,C01088,B00301,Savings,2023-01-17,202821.87,Active
A006571,C04602,B00301,Salary,2020-06-05,170288.69,Active
A006572,C03530,B00301,Salary,2022-07-14,296233.76,Active
A006573,C04358,B00201,Current,2022-12-14,360076.92,Active
A006574,C04253,B00801,Salary,2023-06-07,0.0,Active
A006575,C03422,B01001,Current,2022-07-04,239537.37,Active
A006576,C00690,B00301,Savings,2023-10-04,240009.2,Active
A006577,C02908,B00501,Savings,2024-07-07,387449.69,Active
A006578,C01937,B00901,Current,2022-05-15,201500.84,Active
A006579,C00758,B00201,Savings,2022-11-11,159869.52,Active
A006580,C01598,B00901,Premium Savings,2023-03-03,81294.89,Active
A006581,C04083,B01001,Savings,2021-12-10,41529.26,Active
A006582,C00385,B00101,Savings,2024-11-02,115503.94,Active
A006583,C03185,B00101,Current,2023-11-15,67721.67,Active
A006584,C01088,B01001,Premium Savings,2022-11-22,222997.36,Active
A006585,C02653,B00501,Premium Savings,2024-07-17,192837.45,Active
A006586,C04493,B00101,Current,2020-09-01,111994.78,Active
A006587,C02172,B00301,Salary,2024-02-21,239479.98,Active
A006588,C01118,B00201,Salary,2020-04-24,296335.25,Active
A006589,C02032,B00201,Current,2021-03-12,279073.28,Active
A006590,C01570,B00201,Savings,2023-12-19,148712.24,Active
A006591,C01814,B00301,Savings,2020-07-21,212126.54,Active
A006592,C02666,B00101,Salary,2021-04-26,475192.24,Active
A006593,C02650,B00301,Premium Savings,2022-01-19,0.0,Active
A006594,C02578,B00101,Current,2021-09-19,234502.59,Active
A006595,C00338,B00601,Savings,2022-01-14,94142.77,Active
A006596,C01348,B00601,Savings,2022-08-30,96998.32,Active
A006597,C00509,B00701,Savings,2021-01-07,243878.6,Active
A006598,C01731,B00101,Savings,2024-07-21,321493.8,Active
A006599,C01558,B00501,Savings,2020-12-20,99499.54,Active
A006600,C01298,B00601,Current,2020-06-09,277959.45,Active
A006601,C03771,B00401,Savings,2021-03-13,344167.89,Active
A006602,C03744,B00601,Premium Savings,2021-08-01,150483.47,Active
A006603,C04986,B00401,Current,2020-02-09,175532.88,Active
A006604,C02971,B00201,Savings,2020-10-19,167125.87,Active
A006605,C02488,B00601,Salary,2020-09-22,29803.87,Active
A006606,C03781,B00201,Premium Savings,2021-05-20,70371.53,Active
A006607,C02591,B00701,Salary,2023-01-20,54742.42,Active
A006608,C04015,B00601,Premium Savings,2023-11-21,125223.78,Active
A006609,C04437,B00801,Premium Savings,2023-11-16,141203.66,Active
A006610,C02951,B00401,Premium Savings,2021-11-29,229183.39,Active
A006611,C01104,B00901,Salary,2020-07-14,172317.9,Active
A006612,C00809,B00701,Savings,2023-10-05,117074.33,Active
A006613,C00560,B00501,Current,2022-07-27,159879.6,Active
A006614,C02714,B00501,Savings,2020-05-07,484102.84,Active
A006615,C04981,B00101,Current,2020-11-05,77385.11,Active
A006616,C01797,B00701,Current,2024-10-24,234604.8,Active
A006617,C04279,B00601,Salary,2021-02-10,86111.43,Active
A006618,C04364,B01001,Premium Savings,2020-03-28,194986.56,Active
A006619,C04194,B01001,Current,2020-06-28,253456.66,Active
A006620,C03665,B00201,Savings,2021-10-06,214063.44,Active
A006621,C01589,B00601,Current,2022-10-15,301518.63,Active
A006622,C00793,B00201,Current,2021-02-02,76050.01,Active
A006623,C00735,B01001,Savings,2021-03-16,252226.67,Active
A006624,C03684,B00601,Salary,2020-05-21,301003.91,Active
A006625,C02056,B00901,Current,2021-10-04,152845.87,Active
A006626,C01398,B00801,Current,2021-04-11,164735.21,Active
A006627,C01559,B00101,Salary,2020-05-15,193689.53,Active
A006628,C04498,B00301,Savings,2024-07-14,269751.48,Active
A006629,C04124,B00901,Current,2020-08-07,318492.31,Active
A006630,C00549,B00401,Salary,2022-10-25,191789.56,Active
A006631,C00795,B00901,Savings,2023-05-02,157592.49,Active
A006632,C01179,B00201,Premium Savings,2021-08-04,209209.51,Active
A006633,C01319,B00201,Savings,2023-03-31,36670.65,Active
A006634,C00345,B00401,Premium Savings,2022-07-09,0.0,Active
A006635,C03342,B00901,Current,2020-05-13,96863.24,Active
A006636,C02305,B00101,Premium Savings,2020-04-20,0.0,Active
A006637,C03879,B00301,Premium Savings,2022-04-14,123656.93,Active
A006638,C03698,B01001,Premium Savings,2022-04-24,100926.68,Active
A006639,C03307,B00101,Premium Savings,2020-06-08,179856.19,Active
A006640,C01289,B01001,Savings,2023-02-02,92053.32,Active
A006641,C00579,B00501,Salary,2021-10-10,166080.57,Active
A006642,C01155,B00401,Savings,2024-09-22,104745.26,Active
A006643,C04929,B00501,Premium Savings,2021-02-21,352744.18,Active
A006644,C02787,B00701,Salary,2020-03-11,166587.1,Active
A006645,C02601,B01001,Current,2023-06-03,194060.55,Active
A006646,C04773,B00401,Savings,2021-11-14,236924.38,Active
A006647,C01495,B01001,Premium Savings,2022-03-16,192983.78,Active
A006648,C03826,B00801,Current,2021-01-27,189634.12,Active
A006649,C03654,B00901,Salary,2020-12-20,237574.68,Active
A006650,C02433,B00901,Savings,2023-04-05,0.0,Active
A006651,C01771,B01001,Salary,2021-09-16,155424.82,Active
A006652,C03701,B01001,Premium Savings,2022-06-09,0.0,Active
A006653,C04043,B00701,Salary,2020-11-29,144364.53,Active
A006654,C04986,B00401,Savings,2022-03-26,291946.18,Active
A006655,C02889,B00201,Current,2024-06-15,202061.43,Active
A006656,C00249,B00601,Current,2022-12-25,332239.96,Active
A006657,C02959,B00901,Premium Savings,2020-04-25,188805.12,Active
A006658,C04476,B00201,Premium Savings,2020-02-25,346723.54,Active
A006659,C04606,B00301,Premium Savings,2021-06-07,314012.64,Active
A006660,C00202,B00701,Salary,2021-03-15,249860.93,Active
A006661,C01601,B00501,Savings,2021-06-11,33667.55,Active
A006662,C00969,B00301,Savings,2020-01-28,228381.12,Active
A006663,C02016,B01001,Savings,2022-11-12,177397.19,Active
A006664,C03094,B00501,Current,2023-12-27,181097.63,Active
A006665,C03548,B00801,Salary,2024-01-14,9373.28,Active
A006666,C04337,B00801,Salary,2020-05-22,271772.5,Active
A006667,C02958,B00401,Savings,2023-08-04,72146.15,Active
A006668,C02230,B00101,Savings,2021-02-24,330442.35,Active
A006669,C00617,B00101,Premium Savings,2024-07-18,232799.56,Active
A006670,C03427,B00401,Premium Savings,2020-08-08,361522.03,Active
A006671,C02506,B00501,Current,2023-06-24,292821.95,Active
A006672,C04577,B00401,Salary,2021-04-18,337644.51,Active
A006673,C02615,B00101,Salary,2023-12-16,171489.58,Active
A006674,C01131,B00401,Salary,2022-01-25,329251.22,Active
A006675,C01531,B00401,Current,2022-03-09,339800.99,Active
A006676,C04730,B00301,Salary,2023-02-09,99606.64,Active
A006677,C01601,B00201,Salary,2023-12-16,249255.4,Active
A006678,C03611,B00901,Current,2022-08-29,139268.54,Active
A006679,C04758,B00201,Savings,2023-05-27,293296.93,Active
A006680,C04641,B00401,Salary,2024-11-27,209350.9,Active
A006681,C00404,B00601,Savings,2020-01-15,69897.44,Active
A006682,C03281,B00701,Savings,2021-10-13,217323.09,Active
A006683,C02333,B00601,Premium Savings,2022-06-06,173537.54,Active
A006684,C00816,B01001,Premium Savings,2024-10-12,171962.71,Active
A006685,C01537,B00701,Premium Savings,2023-02-11,162947.28,Active
A006686,C02193,B00601,Premium Savings,2022-05-20,55002.43,Active
A006687,C00511,B00601,Salary,2020-04-21,372793.2,Active
A006688,C03245,B00501,Salary,2022-09-16,255229.08,Active
A006689,C01825,B00301,Savings,2023-04-22,169841.76,Active
A006690,C01838,B00201,Savings,2022-03-17,216724.27,Active
A006691,C01874,B00201,Savings,2022-12-21,271602.35,Active
A006692,C01435,B01001,Premium Savings,2020-07-17,25884.09,Active
A006693,C03560,B00501,Salary,2020-12-18,270773.35,Active
A006694,C03093,B00601,Current,2022-04-26,321010.65,Active
A006695,C02003,B00201,Salary,2024-01-12,320944.79,Active
A006696,C01214,B01001,Savings,2023-08-21,238088.59,Active
A006697,C01593,B00101,Current,2022-09-20,108188.78,Active
A006698,C00730,B00401,Premium Savings,2020-11-06,0.0,Active
A006699,C04127,B00501,Savings,2021-11-04,40886.6,Active
A006700,C04566,B00901,Current,2021-11-08,148514.31,Active
A006701,C04237,B01001,Premium Savings,2023-02-18,302836.96,Active
A006702,C01053,B00501,Salary,2022-02-14,170945.18,Active
A006703,C00377,B00301,Premium Savings,2021-01-19,254081.19,Active
A006704,C03577,B00101,Savings,2022-03-26,370571.65,Active
A006705,C00309,B01001,Savings,2020-05-01,222269.35,Active
A006706,C04460,B00401,Current,2024-01-21,286349.67,Active
A006707,C03293,B00401,Premium Savings,2024-05-22,200973.07,Active
A006708,C01493,B00101,Savings,2020-08-29,164369.05,Active
A006709,C00131,B00901,Current,2024-02-26,171625.43,Active
A006710,C03059,B00701,Premium Savings,2020-03-11,217763.49,Active
A006711,C01840,B00501,Salary,2023-09-29,171421.38,Active
A006712,C00793,B01001,Salary,2020-02-14,0.0,Active
A006713,C02404,B00501,Premium Savings,2022-03-16,226684.4,Active
A006714,C03936,B00101,Savings,2021-10-07,0.0,Active
A006715,C01372,B00401,Premium Savings,2021-03-30,259224.67,Active
A006716,C01864,B01001,Salary,2020-02-15,153399.22,Active
A006717,C04632,B00801,Premium Savings,2024-06-13,123587.26,Active
A006718,C00730,B01001,Current,2022-06-11,176903.95,Active
A006719,C04844,B00601,Current,2020-08-09,142661.18,Active
A006720,C02920,B00801,Savings,2023-10-15,150193.28,Active
A006721,C02926,B00601,Current,2024-08-22,245391.01,Active
A006722,C02851,B00401,Salary,2021-07-30,0.0,Active
A006723,C02857,B00901,Premium Savings,2022-08-27,337022.2,Active
A006724,C01973,B00501,Premium Savings,2020-03-04,136746.91,Active
A006725,C01893,B01001,Current,2022-10-27,105199.62,Active
A006726,C02523,B01001,Premium Savings,2023-03-17,147780.8,Active
A006727,C01534,B00201,Savings,2020-04-03,237663.92,Active
A006728,C04997,B00901,Salary,2024-10-12,73842.97,Active
A006729,C04184,B00101,Current,2022-09-08,67570.95,Active
A006730,C04296,B00501,Current,2022-01-06,317158.85,Active
A006731,C04038,B00301,Current,2024-05-27,419378.14,Active
A006732,C03504,B00501,Salary,2020-10-28,116013.58,Active
A006733,C00723,B00301,Salary,2020-09-26,305535.81,Active
A006734,C02677,B00901,Premium Savings,2024-05-16,217405.9,Active
A006735,C03479,B00401,Salary,2022-08-13,147891.76,Active
A006736,C03603,B00501,Salary,2022-02-11,0.0,Active
A006737,C00810,B00501,Premium Savings,2021-11-17,229818.91,Active
A006738,C03807,B00501,Savings,2022-08-06,310279.32,Active
A006739,C01373,B00501,Current,2024-04-20,215961.24,Active
A006740,C02593,B00401,Premium Savings,2020-06-15,241609.06,Active
A006741,C00546,B00301,Salary,2022-12-28,55730.54,Active
A006742,C01534,B00101,Salary,2022-03-03,163153.99,Active
A006743,C01148,B00401,Premium Savings,2024-02-03,219411.88,Active
A006744,C04753,B00301,Salary,2021-05-18,135780.05,Active
A006745,C04437,B00701,Salary,2021-11-19,37114.72,Active
A006746,C02175,B00301,Premium Savings,2021-03-21,285513.08,Active
A006747,C04002,B00701,Salary,2023-07-14,331122.75,Active
A006748,C04513,B00401,Salary,2021-12-15,279664.52,Active
A006749,C01931,B01001,Current,2022-03-15,169564.32,Active
A006750,C00406,B00501,Savings,2022-01-25,292603.1,Active
A006751,C03112,B00301,Savings,2024-06-25,328568.09,Active
A006752,C03071,B00101,Savings,2023-10-08,314023.8,Active
A006753,C01510,B01001,Premium Savings,2021-11-25,249857.43,Active
A006754,C02372,B00201,Salary,2020-07-28,124411.62,Active
A006755,C03794,B00901,Current,2020-07-03,348418.66,Active
A006756,C03249,B00101,Current,2021-06-27,262833.54,Active
A006757,C03077,B00401,Savings,2024-01-24,268195.27,Active
A006758,C00643,B01001,Savings,2021-05-17,47722.66,Active
A006759,C04631,B01001,Savings,2022-03-12,145588.1,Active
A006760,C03483,B00101,Salary,2021-03-27,241566.24,Active
A006761,C00707,B00501,Premium Savings,2022-11-25,110658.19,Active
A006762,C02502,B00301,Salary,2020-01-30,192756.94,Active
A006763,C04470,B00601,Salary,2020-09-11,212477.31,Active
A006764,C04369,B00301,Premium Savings,2023-03-06,260367.1,Active
A006765,C02379,B00201,Salary,2023-03-11,271180.94,Active
A006766,C02340,B00101,Current,2023-08-29,0.0,Active
A006767,C03096,B00401,Salary,2024-04-02,315039.73,Active
A006768,C00494,B00401,Current,2023-04-08,101340.57,Active
A006769,C01051,B01001,Premium Savings,2022-11-19,220278.32,Active
A006770,C04372,B00301,Salary,2021-05-14,92732.1,Active
A006771,C01270,B00301,Savings,2021-02-02,157433.79,Active
A006772,C03419,B00201,Premium Savings,2021-05-27,107132.25,Active
A006773,C04848,B00301,Salary,2023-10-16,246704.55,Active
A006774,C03783,B00301,Savings,2021-07-07,0.0,Active
A006775,C04411,B00201,Premium Savings,2024-11-29,392381.44,Active
A006776,C04450,B00501,Premium Savings,2021-09-08,195891.9,Active
A006777,C01366,B01001,Premium Savings,2022-04-28,191259.03,Active
A006778,C02208,B00301,Savings,2024-10-03,238154.55,Active
A006779,C04081,B00601,Savings,2023-09-10,0.0,Active
A006780,C02657,B00201,Savings,2024-08-16,243485.14,Active
A006781,C01360,B00101,Salary,2022-08-30,68819.99,Active
A006782,C00272,B00701,Current,2022-12-05,450464.66,Active
A006783,C00811,B00801,Salary,2023-10-18,115919.98,Active
A006784,C02330,B00401,Salary,2022-04-24,252924.47,Active
A006785,C03944,B01001,Current,2023-11-26,336230.97,Active
A006786,C04355,B00301,Salary,2020-03-31,333362.09,Active
A006787,C03687,B00501,Premium Savings,2020-11-24,178147.6,Active
A006788,C00573,B00201,Current,2020-11-06,361220.68,Active
A006789,C03875,B00601,Premium Savings,2020-12-08,209912.7,Active
A006790,C00239,B01001,Salary,2020-07-01,77990.43,Active
A006791,C04022,B00401,Salary,2024-02-23,310581.13,Active
A006792,C03179,B01001,Current,2023-01-13,166003.23,Active
A006793,C03528,B00301,Current,2022-02-15,114773.49,Active
A006794,C03426,B00701,Savings,2021-11-20,466139.37,Active
A006795,C03857,B00401,Salary,2022-02-03,74447.81,Active
A006796,C04198,B00201,Savings,2021-02-25,124672.66,Active
A006797,C03959,B00401,Current,2022-06-28,88643.54,Active
A006798,C02309,B00401,Savings,2024-05-05,136993.33,Active
A006799,C01581,B00101,Savings,2021-09-23,268773.26,Active
A006800,C03719,B00601,Current,2020-05-07,74708.89,Active
A006801,C01694,B01001,Premium Savings,2021-08-19,202355.48,Active
A006802,C01099,B00101,Salary,2021-09-23,120640.25,Active
A006803,C00025,B01001,Current,2021-07-25,354949.98,Active
A006804,C01712,B00201,Savings,2020-06-29,223002.41,Active
A006805,C04642,B00401,Savings,2022-05-14,274444.98,Active
A006806,C01638,B00401,Current,2020-06-16,413828.93,Active
A006807,C03694,B00101,Premium Savings,2022-09-02,179734.44,Active
A006808,C04801,B00701,Salary,2022-05-11,189100.04,Active
A006809,C03402,B00501,Savings,2024-03-17,274439.72,Active
A006810,C03454,B01001,Salary,2020-11-11,115296.99,Active
A006811,C00442,B01001,Premium Savings,2024-03-19,134267.31,Active
A006812,C01991,B00901,Premium Savings,2022-04-26,193756.8,Active
A006813,C04848,B00401,Savings,2023-12-22,91768.04,Active
A006814,C00166,B00301,Premium Savings,2022-07-05,221299.36,Active
A006815,C03261,B00301,Premium Savings,2022-11-27,226137.35,Active
A006816,C02301,B00201,Premium Savings,2021-08-04,233296.37,Active
A006817,C03393,B00601,Current,2024-09-21,232805.81,Active
A006818,C04377,B01001,Salary,2024-03-16,228200.93,Active
A006819,C02959,B00501,Salary,2021-10-04,243294.98,Active
A006820,C04420,B00601,Savings,2024-07-25,325114.77,Active
A006821,C02392,B00201,Salary,2021-02-01,148848.48,Active
A006822,C01502,B00301,Current,2022-03-21,326938.12,Active
A006823,C04726,B00601,Salary,2024-03-13,275980.94,Active
A006824,C01479,B00901,Salary,2024-07-17,146657.23,Active
A006825,C01645,B00401,Savings,2024-01-10,281708.27,Active
A006826,C02913,B00201,Current,2020-03-02,375262.66,Active
A006827,C01787,B00201,Premium Savings,2024-07-22,197188.24,Active
A006828,C01651,B00701,Premium Savings,2020-10-23,65321.02,Active
A006829,C00929,B00501,Premium Savings,2024-01-28,136385.0,Active
A006830,C00176,B00501,Salary,2023-04-06,46386.2,Active
A006831,C02127,B00901,Premium Savings,2022-06-08,140138.38,Active
A006832,C03654,B00501,Salary,2020-05-18,173153.49,Active
A006833,C00426,B00601,Savings,2024-08-24,151233.45,Active
A006834,C00128,B00501,Salary,2024-04-13,278057.09,Active
A006835,C02415,B00801,Salary,2021-11-07,141529.35,Active
A006836,C04193,B00301,Savings,2023-02-08,213040.98,Active
A006837,C04820,B00401,Salary,2023-09-11,137621.26,Active
A006838,C03795,B00101,Savings,2023-08-01,174921.13,Active
A006839,C04276,B00201,Salary,2023-06-26,247571.74,Active
A006840,C04590,B00401,Premium Savings,2024-08-29,355010.68,Active
A006841,C03549,B00201,Current,2022-06-16,201633.29,Active
A006842,C00317,B00401,Current,2020-12-27,311525.9,Active
A006843,C03065,B00501,Salary,2021-12-21,226208.88,Active
A006844,C01439,B00201,Premium Savings,2024-11-24,58438.07,Active
A006845,C03228,B00801,Premium Savings,2024-02-10,0.0,Active
A006846,C04485,B00501,Current,2021-11-11,289125.53,Active
A006847,C04858,B00301,Savings,2023-05-09,139829.91,Active
A006848,C03597,B00601,Savings,2024-01-16,328315.82,Active
A006849,C00999,B00501,Savings,2022-10-13,119157.14,Active
A006850,C00424,B01001,Salary,2020-10-20,324148.07,Active
A006851,C00506,B00501,Premium Savings,2022-11-14,100827.71,Active
A006852,C01160,B00601,Savings,2021-09-23,283109.14,Active
A006853,C01913,B00101,Salary,2021-09-17,176645.61,Active
A006854,C01101,B00901,Premium Savings,2020-02-09,159394.77,Active
A006855,C01503,B00601,Premium Savings,2021-10-26,244779.89,Active
A006856,C02587,B00101,Salary,2024-04-14,254381.12,Active
A006857,C04442,B00501,Savings,2020-12-29,215204.28,Active
A006858,C02834,B00901,Salary,2020-12-08,0.0,Active
A006859,C03978,B00601,Savings,2022-06-16,196617.7,Active
A006860,C04517,B01001,Savings,2022-05-17,171016.76,Active
A006861,C04828,B00101,Savings,2023-07-04,73237.44,Active
A006862,C04942,B00601,Savings,2023-12-15,391564.54,Active
A006863,C01230,B00101,Premium Savings,2024-08-18,309753.87,Active
A006864,C01397,B00401,Premium Savings,2020-07-26,315136.71,Active
A006865,C00835,B00401,Current,2023-06-19,217396.65,Active
A006866,C03447,B00901,Premium Savings,2020-03-10,251122.19,Active
A006867,C04562,B00801,Savings,2022-05-19,156556.47,Active
A006868,C03113,B00301,Salary,2020-06-30,80455.14,Active
A006869,C04344,B00101,Current,2023-08-10,209141.57,Active
A006870,C03650,B00901,Savings,2020-02-28,223237.09,Active
A006871,C00259,B00601,Savings,2020-12-05,243267.02,Active
A006872,C03177,B00501,Premium Savings,2024-04-07,259527.63,Active
A006873,C04487,B00401,Premium Savings,2020-06-29,162920.55,Active
A006874,C03854,B00701,Salary,2021-12-02,305523.81,Active
A006875,C01064,B00601,Current,2023-03-19,241239.71,Active
A006876,C02097,B00101,Salary,2023-02-13,110588.32,Active
A006877,C01777,B00301,Premium Savings,2022-12-10,258037.73,Active
A006878,C03893,B00401,Premium Savings,2024-11-29,377108.46,Active
A006879,C04090,B00201,Salary,2021-09-27,30193.66,Active
A006880,C00727,B00301,Premium Savings,2020-08-06,134153.82,Active
A006881,C00268,B00401,Savings,2022-02-02,151828.25,Active
A006882,C00875,B01001,Premium Savings,2023-03-04,268067.71,Active
A006883,C02456,B01001,Savings,2020-11-30,207084.38,Active
A006884,C03424,B01001,Premium Savings,2022-04-12,242256.17,Active
A006885,C03225,B00301,Savings,2024-02-22,133708.28,Active
A006886,C02708,B00601,Savings,2023-02-20,350610.56,Active
A006887,C00483,B00501,Premium Savings,2022-11-18,37806.78,Active
A006888,C01358,B00401,Savings,2020-02-23,158340.2,Active
A006889,C04178,B00901,Salary,2023-03-24,304573.89,Active
A006890,C02823,B00101,Current,2020-08-22,327945.08,Active
A006891,C03932,B00601,Savings,2020-01-04,155901.33,Active
A006892,C01542,B00201,Current,2020-04-17,221105.29,Active
A006893,C00336,B00601,Salary,2022-01-06,84689.54,Active
A006894,C01314,B00701,Savings,2021-07-31,103693.19,Active
A006895,C02307,B00401,Savings,2022-06-09,136847.7,Active
A006896,C02820,B00401,Salary,2021-01-17,365222.87,Active
A006897,C04860,B01001,Salary,2020-08-01,300828.76,Active
A006898,C03847,B00301,Salary,2023-10-18,293237.82,Active
A006899,C00132,B00101,Premium Savings,2024-07-18,167166.72,Active
A006900,C02060,B00501,Premium Savings,2020-06-16,231251.14,Active
A006901,C01296,B00201,Current,2021-03-19,268019.3,Active
A006902,C02369,B00201,Premium Savings,2021-04-19,330942.47,Active
A006903,C03808,B00301,Current,2021-11-09,67727.87,Active
A006904,C04530,B00601,Premium Savings,2021-10-11,68772.52,Active
A006905,C02684,B00601,Salary,2023-05-01,232549.75,Active
A006906,C04241,B00501,Salary,2020-11-26,379559.47,Active
A006907,C04459,B00801,Premium Savings,2022-03-10,60366.67,Active
A006908,C00206,B00401,Current,2023-01-13,163214.18,Active
A006909,C03102,B00901,Savings,2022-05-02,243198.92,Active
A006910,C03329,B00101,Premium Savings,2021-02-19,0.0,Active
A006911,C04510,B00601,Savings,2021-05-25,290432.87,Active
A006912,C03681,B00501,Savings,2021-09-20,302952.35,Active
A006913,C02088,B00501,Current,2023-01-31,234532.9,Active
A006914,C04722,B00901,Savings,2021-01-03,392616.07,Active
A006915,C00466,B00201,Salary,2020-04-06,176783.52,Active
A006916,C00672,B00101,Savings,2022-08-04,95604.32,Active
A006917,C02248,B00201,Premium Savings,2021-11-20,347699.38,Active
A006918,C00992,B00401,Premium Savings,2023-08-19,210435.48,Active
A006919,C03415,B00501,Salary,2022-03-24,380058.79,Active
A006920,C01058,B00801,Salary,2023-02-02,243670.07,Active
A006921,C02978,B01001,Salary,2021-01-05,187134.17,Active
A006922,C03798,B00701,Premium Savings,2024-08-03,60997.56,Active
A006923,C03050,B00201,Savings,2021-12-21,139283.69,Active
A006924,C04512,B00301,Salary,2020-03-02,258938.24,Active
A006925,C04772,B00501,Salary,2020-05-08,107241.76,Active
A006926,C03869,B00901,Salary,2022-02-11,224838.36,Active
A006927,C04200,B00301,Savings,2020-12-19,207883.29,Active
A006928,C04526,B00601,Savings,2022-04-23,120740.73,Active
A006929,C03971,B00901,Premium Savings,2021-01-27,198198.7,Active
A006930,C02179,B00301,Current,2021-06-13,281518.54,Active
A006931,C03647,B00301,Current,2020-08-26,286983.51,Active
A006932,C03982,B00301,Premium Savings,2022-11-27,194623.52,Active
A006933,C01990,B00401,Savings,2020-08-05,412195.79,Active
A006934,C01629,B01001,Salary,2022-04-28,355809.42,Active
A006935,C04014,B00501,Current,2022-11-25,177389.9,Active
A006936,C01117,B00401,Salary,2020-10-17,281236.11,Active
A006937,C01773,B00401,Savings,2023-03-15,196031.12,Active
A006938,C04840,B00401,Premium Savings,2023-08-03,161749.9,Active
A006939,C02028,B00301,Savings,2024-06-07,373091.38,Active
A006940,C02089,B00401,Savings,2021-06-30,59599.43,Active
A006941,C03452,B00201,Savings,2020-05-25,213985.12,Active
A006942,C01605,B00401,Current,2020-10-23,109091.41,Active
A006943,C01184,B00601,Current,2021-02-19,95321.26,Active
A006944,C01914,B00301,Savings,2020-09-18,190288.65,Active
A006945,C01987,B00801,Current,2022-12-13,185144.79,Active
A006946,C04414,B00301,Salary,2021-12-21,204507.76,Active
A006947,C02702,B00901,Premium Savings,2022-12-16,239900.8,Active
A006948,C03157,B00201,Current,2021-02-06,58130.6,Active
A006949,C00347,B00601,Current,2024-03-11,182746.82,Active
A006950,C00017,B00901,Premium Savings,2022-03-02,271577.99,Active
A006951,C03066,B00301,Savings,2022-09-12,103703.83,Active
A006952,C00533,B00701,Salary,2020-01-05,275429.66,Active
A006953,C00678,B00401,Premium Savings,2024-01-16,89959.15,Active
A006954,C00046,B00101,Savings,2020-10-18,211529.72,Active
A006955,C02631,B00901,Current,2020-05-09,164857.73,Active
A006956,C01478,B00501,Premium Savings,2020-09-10,212308.24,Active
A006957,C02454,B00501,Current,2020-12-05,288714.94,Active
A006958,C03398,B00401,Current,2023-08-14,426945.85,Active
A006959,C04100,B00201,Salary,2020-05-02,341818.39,Active
A006960,C02438,B00301,Premium Savings,2024-08-12,375463.58,Active
A006961,C02719,B00701,Savings,2024-11-11,239224.28,Active
A006962,C01185,B00701,Premium Savings,2023-02-01,275300.56,Active
A006963,C01139,B00801,Premium Savings,2024-11-11,219756.22,Active
A006964,C00526,B00501,Savings,2023-05-22,190726.94,Active
A006965,C04060,B00401,Salary,2021-07-26,169690.83,Active
A006966,C03039,B00501,Premium Savings,2020-01-20,155714.21,Active
A006967,C03781,B00501,Premium Savings,2021-05-14,77303.05,Active
A006968,C00894,B00201,Salary,2022-04-01,268537.85,Active
A006969,C03924,B00901,Savings,2024-01-24,292123.39,Active
A006970,C00355,B00401,Savings,2022-08-01,94977.14,Active
A006971,C02339,B00101,Current,2021-04-04,225845.21,Active
A006972,C03359,B01001,Savings,2024-09-24,214201.68,Active
A006973,C02321,B00201,Premium Savings,2022-06-01,114782.09,Active
A006974,C02654,B01001,Premium Savings,2021-06-19,225417.04,Active
A006975,C01583,B00601,Premium Savings,2024-05-16,334322.34,Active
A006976,C04135,B01001,Current,2023-04-15,307453.43,Active
A006977,C03257,B00901,Premium Savings,2021-07-07,242919.71,Active
A006978,C04434,B00201,Salary,2024-03-13,422655.58,Active
A006979,C04015,B00101,Premium Savings,2021-08-03,196563.38,Active
A006980,C03885,B01001,Savings,2020-05-19,130831.49,Active
A006981,C01555,B00301,Premium Savings,2020-02-18,122108.85,Active
A006982,C04797,B00901,Premium Savings,2020-03-25,185840.16,Active
A006983,C04691,B00501,Premium Savings,2023-04-02,109012.05,Active
A006984,C02074,B00101,Premium Savings,2024-03-29,165925.77,Active
A006985,C00195,B01001,Current,2022-04-21,88389.23,Active
A006986,C03207,B00601,Current,2021-10-08,210667.67,Active
A006987,C04542,B00901,Premium Savings,2021-08-21,308546.62,Active
A006988,C03096,B00501,Current,2024-07-17,94478.26,Active
A006989,C03249,B00201,Current,2021-02-19,374516.4,Active
A006990,C03584,B00101,Current,2020-07-16,217780.45,Active
A006991,C01579,B00501,Salary,2022-12-06,163096.87,Active
A006992,C01778,B00301,Salary,2023-05-11,200011.74,Active
A006993,C01538,B00501,Savings,2023-12-10,300952.31,Active
A006994,C00906,B00301,Savings,2023-12-19,266206.09,Active
A006995,C00552,B00301,Salary,2022-11-21,93071.87,Active
A006996,C04866,B00701,Savings,2020-05-20,147568.39,Active
A006997,C04348,B00201,Premium Savings,2024-06-02,224855.83,Active
A006998,C03592,B01001,Salary,2021-02-17,269174.89,Active
A006999,C02427,B01001,Premium Savings,2023-03-13,151034.12,Active
A007000,C04448,B01001,Current,2021-12-01,220222.32,Active
