customer_id,customer_name,age,gender,city,state,occupation,customer_segment,join_date
C00001,Customer 00001,65,Female,Mysuru,Karnataka,Student,Mass Affluent,2020-06-03
C00002,Customer 00002,53,Male,Kolkata,West Bengal,Salaried,Mass,2022-02-28
C00003,Customer 00003,25,Male,Noida,Uttar Pradesh,Self-Employed,Mass,2018-06-23
C00004,Customer 00004,60,Female,New Delhi,Delhi,Business,Mass,2024-01-22
C00005,Customer 00005,62,Female,Kolkata,West Bengal,Self-Employed,Mass,2018-12-29
C00006,Customer 00006,50,Male,Vijayawada,Andhra Pradesh,Business,Premium,2022-07-02
C00007,Customer 00007,32,Male,Kolkata,West Bengal,Self-Employed,Affluent,2018-11-02
C00008,Customer 00008,64,Male,Chennai,Tamil Nadu,Retired,Mass,2023-05-06
C00009,Customer 00009,33,Female,Jodhpur,Rajasthan,Retired,Mass,2022-08-05
C00010,Customer 00010,49,Female,Pune,Maharashtra,Student,Mass Affluent,2022-05-03
C00011,Customer 00011,26,Male,Mumbai,Maharashtra,Salaried,Affluent,2023-07-07
C00012,Customer 00012,57,Female,Vijayawada,Andhra Pradesh,Retired,Premium,2019-04-07
C00013,Customer 00013,61,Female,Bengaluru,Karnataka,Business,Mass Affluent,2024-09-12
C00014,Customer 00014,27,Male,Mumbai,Maharashtra,Self-Employed,Mass,2022-10-23
C00015,Customer 00015,64,Male,Ahmedabad,Gujarat,Self-Employed,Premium,2022-07-26
C00016,Customer 00016,43,Female,Bengaluru,Karnataka,Student,Premium,2025-06-24
C00017,Customer 00017,31,Male,Chennai,Tamil Nadu,Student,Affluent,2023-06-03
C00018,Customer 00018,24,Female,Warangal,Telangana,Salaried,Mass Affluent,2022-09-15
C00019,Customer 00019,46,Male,Chennai,Tamil Nadu,Self-Employed,Mass Affluent,2019-09-12
C00020,Customer 00020,37,Male,Kolkata,West Bengal,Student,Premium,2018-04-26
C00021,Customer 00021,30,Female,Coimbatore,Tamil Nadu,Student,Premium,2023-06-08
C00022,Customer 00022,40,Male,Noida,Uttar Pradesh,Retired,Premium,2021-02-04
C00023,Customer 00023,45,Male,Bengaluru,Karnataka,Business,Mass,2024-08-28
C00024,Customer 00024,58,Female,Ahmedabad,Gujarat,Student,Mass Affluent,2019-07-22
C00025,Customer 00025,27,Female,Bengaluru,Karnataka,Self-Employed,Mass,2018-04-14
C00026,Customer 00026,25,Male,Kolkata,West Bengal,Self-Employed,Mass Affluent,2021-05-30
C00027,Customer 00027,46,Female,Jodhpur,Rajasthan,Retired,Mass,2019-11-12
C00028,Customer 00028,45,Male,Bengaluru,Karnataka,Salaried,Premium,2024-10-09
C00029,Customer 00029,21,Female,Jaipur,Rajasthan,Salaried,Affluent,2022-06-18
C00030,Customer 00030,66,Male,Lucknow,Uttar Pradesh,Retired,Mass Affluent,2021-07-08
C00031,Customer 00031,45,Male,Hyderabad,Telangana,Business,Mass Affluent,2023-08-23
C00032,Customer 00032,57,Male,Jodhpur,Rajasthan,Retired,Premium,2018-09-03
C00033,Customer 00033,54,Female,Jodhpur,Rajasthan,Retired,Mass Affluent,2023-11-24
C00034,Customer 00034,25,Female,Jaipur,Rajasthan,Business,Mass,2018-09-25
C00035,Customer 00035,27,Male,Surat,Gujarat,Student,Mass,2023-08-31
C00036,Customer 00036,64,Female,Lucknow,Uttar Pradesh,Retired,Affluent,2023-10-03
C00037,Customer 00037,25,Male,New Delhi,Delhi,Salaried,Mass,2025-06-02
C00038,Customer 00038,36,Female,New Delhi,Delhi,Student,Premium,2022-10-16
C00039,Customer 00039,46,Female,Kolkata,West Bengal,Student,Mass Affluent,2020-07-22
C00040,Customer 00040,51,Male,Vijayawada,Andhra Pradesh,Business,Affluent,2024-10-12
C00041,Customer 00041,61,Female,Coimbatore,Tamil Nadu,Student,Mass,2023-08-05
C00042,Customer 00042,60,Female,New Delhi,Delhi,Salaried,Premium,2019-10-26
C00043,Customer 00043,40,Female,Ahmedabad,Gujarat,Salaried,Mass,2024-03-16
C00044,Customer 00044,54,Female,Bengaluru,Karnataka,Student,Premium,2023-03-09
C00045,Customer 00045,66,Female,Vijayawada,Andhra Pradesh,Business,Mass,2022-03-04
C00046,Customer 00046,37,Male,Lucknow,Uttar Pradesh,Business,Mass,2023-10-10
C00047,Customer 00047,64,Male,Mumbai,Maharashtra,Retired,Mass,2021-02-10
C00048,Customer 00048,46,Female,New Delhi,Delhi,Student,Affluent,2023-03-03
C00049,Customer 00049,63,Male,Noida,Uttar Pradesh,Retired,Affluent,2021-01-20
C00050,Customer 00050,34,Male,Vijayawada,Andhra Pradesh,Business,Mass Affluent,2018-03-19
C00051,Customer 00051,46,Female,Vijayawada,Andhra Pradesh,Self-Employed,Affluent,2018-02-01
C00052,Customer 00052,27,Female,Jaipur,Rajasthan,Student,Mass,2022-02-26
C00053,Customer 00053,31,Male,Warangal,Telangana,Student,Premium,2023-12-09
C00054,Customer 00054,33,Female,Warangal,Telangana,Retired,Affluent,2020-09-27
C00055,Customer 00055,22,Male,Coimbatore,Tamil Nadu,Student,Mass,2025-05-19
C00056,Customer 00056,24,Female,Chennai,Tamil Nadu,Retired,Premium,2024-01-03
C00057,Customer 00057,51,Female,Noida,Uttar Pradesh,Business,Mass,2019-09-21
C00058,Customer 00058,40,Male,Surat,Gujarat,Salaried,Mass,2020-02-03
C00059,Customer 00059,64,Male,Jaipur,Rajasthan,Business,Mass Affluent,2021-12-14
C00060,Customer 00060,23,Female,Hyderabad,Telangana,Student,Mass Affluent,2019-10-10
C00061,Customer 00061,35,Female,Hyderabad,Telangana,Business,Premium,2022-07-31
C00062,Customer 00062,67,Female,Chennai,Tamil Nadu,Business,Mass,2020-06-16
C00063,Customer 00063,67,Female,Chennai,Tamil Nadu,Retired,Premium,2025-02-05
C00064,Customer 00064,66,Female,Bengaluru,Karnataka,Student,Affluent,2019-10-26
C00065,Customer 00065,38,Male,Kolkata,West Bengal,Retired,Mass,2023-12-25
C00066,Customer 00066,40,Female,Lucknow,Uttar Pradesh,Student,Mass,2022-02-12
C00067,Customer 00067,32,Female,Warangal,Telangana,Salaried,Premium,2022-03-21
C00068,Customer 00068,55,Female,Bengaluru,Karnataka,Self-Employed,Mass,2023-10-10
C00069,Customer 00069,70,Female,Jodhpur,Rajasthan,Salaried,Mass Affluent,2020-09-09
C00070,Customer 00070,43,Female,New Delhi,Delhi,Self-Employed,Premium,2018-04-21
C00071,Customer 00071,63,Male,New Delhi,Delhi,Self-Employed,Mass,2023-12-22
C00072,Customer 00072,53,Female,Jodhpur,Rajasthan,Self-Employed,Mass,2020-09-10
C00073,Customer 00073,70,Female,New Delhi,Delhi,Self-Employed,Mass,2020-11-02
C00074,Customer 00074,45,Male,Mysuru,Karnataka,Student,Affluent,2020-12-23
C00075,Customer 00075,34,Male,Warangal,Telangana,Retired,Mass Affluent,2022-12-09
C00076,Customer 00076,67,Male,Mumbai,Maharashtra,Student,Mass,2019-08-06
C00077,Customer 00077,21,Female,New Delhi,Delhi,Student,Premium,2020-03-17
C00078,Customer 00078,67,Female,Kolkata,West Bengal,Salaried,Mass,2022-02-26
C00079,Customer 00079,42,Female,Mysuru,Karnataka,Student,Mass Affluent,2024-04-23
C00080,Customer 00080,37,Male,Kolkata,West Bengal,Business,Mass Affluent,2023-02-23
C00081,Customer 00081,59,Female,Vijayawada,Andhra Pradesh,Business,Mass,2020-10-15
C00082,Customer 00082,69,Female,Bengaluru,Karnataka,Retired,Mass,2021-04-26
C00083,Customer 00083,29,Female,Chennai,Tamil Nadu,Self-Employed,Affluent,2018-05-12
C00084,Customer 00084,21,Male,Surat,Gujarat,Business,Mass,2018-08-25
C00085,Customer 00085,24,Male,Pune,Maharashtra,Retired,Premium,2018-03-28
C00086,Customer 00086,52,Female,Coimbatore,Tamil Nadu,Salaried,Affluent,2025-02-16
C00087,Customer 00087,43,Female,Ahmedabad,Gujarat,Student,Affluent,2023-10-06
C00088,Customer 00088,49,Male,Lucknow,Uttar Pradesh,Student,Mass,2020-06-25
C00089,Customer 00089,43,Female,Lucknow,Uttar Pradesh,Self-Employed,Mass,2018-02-25
C00090,Customer 00090,65,Female,Pune,Maharashtra,Self-Employed,Mass Affluent,2018-07-17
C00091,Customer 00091,33,Male,Kolkata,West Bengal,Retired,Mass,2019-10-10
C00092,Customer 00092,56,Male,Bengaluru,Karnataka,Retired,Mass,2025-03-20
C00093,Customer 00093,28,Male,Visakhapatnam,Andhra Pradesh,Self-Employed,Mass,2024-01-16
C00094,Customer 00094,70,Male,Hyderabad,Telangana,Retired,Mass,2024-05-15
C00095,Customer 00095,34,Female,Vijayawada,Andhra Pradesh,Retired,Premium,2025-06-10
C00096,Customer 00096,40,Female,Warangal,Telangana,Student,Mass Affluent,2018-05-21
C00097,Customer 00097,23,Female,Noida,Uttar Pradesh,Student,Premium,2020-01-17
C00098,Customer 00098,70,Female,Hyderabad,Telangana,Business,Affluent,2023-12-14
C00099,Customer 00099,42,Female,Mysuru,Karnataka,Business,Affluent,2022-05-14
C00100,Customer 00100,28,Female,Mumbai,Maharashtra,Salaried,Premium,2023-06-17
C00101,Customer 00101,69,Male,Ahmedabad,Gujarat,Business,Mass Affluent,2022-05-19
C00102,Customer 00102,63,Female,Visakhapatnam,Andhra Pradesh,Salaried,Mass,2022-03-13
C00103,Customer 00103,61,Female,New Delhi,Delhi,Retired,Mass,2022-01-30
C00104,Customer 00104,52,Female,Chennai,Tamil Nadu,Business,Premium,2022-11-17
C00105,Customer 00105,48,Male,Bengaluru,Karnataka,Salaried,Mass,2020-06-10
C00106,Customer 00106,42,Male,Chennai,Tamil Nadu,Student,Mass,2020-10-15
C00107,Customer 00107,33,Female,Surat,Gujarat,Self-Employed,Premium,2022-02-19
C00108,Customer 00108,42,Female,Kolkata,West Bengal,Business,Mass,2025-08-14
C00109,Customer 00109,36,Female,Vijayawada,Andhra Pradesh,Retired,Mass Affluent,2022-04-05
C00110,Customer 00110,22,Female,Mysuru,Karnataka,Self-Employed,Mass Affluent,2024-11-13
C00111,Customer 00111,22,Male,Chennai,Tamil Nadu,Self-Employed,Affluent,2023-08-08
C00112,Customer 00112,31,Female,Jaipur,Rajasthan,Business,Affluent,2019-06-15
C00113,Customer 00113,24,Male,Jodhpur,Rajasthan,Salaried,Mass,2019-11-11
C00114,Customer 00114,69,Female,Kolkata,West Bengal,Salaried,Mass,2025-02-20
C00115,Customer 00115,32,Female,Ahmedabad,Gujarat,Business,Affluent,2022-08-21
C00116,Customer 00116,38,Female,New Delhi,Delhi,Student,Mass,2020-11-19
C00117,Customer 00117,65,Female,Kolkata,West Bengal,Self-Employed,Mass Affluent,2023-12-11
C00118,Customer 00118,34,Male,Surat,Gujarat,Business,Mass,2019-10-25
C00119,Customer 00119,23,Male,Warangal,Telangana,Self-Employed,Mass Affluent,2023-08-29
C00120,Customer 00120,22,Male,Hyderabad,Telangana,Retired,Mass Affluent,2025-08-29
C00121,Customer 00121,29,Female,Jaipur,Rajasthan,Self-Employed,Premium,2024-10-23
C00122,Customer 00122,32,Female,Chennai,Tamil Nadu,Business,Affluent,2021-08-29
C00123,Customer 00123,45,Female,Coimbatore,Tamil Nadu,Self-Employed,Mass,2021-05-10
C00124,Customer 00124,40,Female,Ahmedabad,Gujarat,Salaried,Mass,2024-12-05
C00125,Customer 00125,66,Male,Kolkata,West Bengal,Retired,Mass,2022-12-01
C00126,Customer 00126,52,Male,Warangal,Telangana,Student,Premium,2019-11-15
C00127,Customer 00127,60,Male,Jaipur,Rajasthan,Business,Mass,2023-11-05
C00128,Customer 00128,61,Male,Bengaluru,Karnataka,Salaried,Affluent,2024-06-09
C00129,Customer 00129,59,Female,New Delhi,Delhi,Student,Affluent,2020-12-22
C00130,Customer 00130,61,Male,Mysuru,Karnataka,Salaried,Mass Affluent,2019-08-06
C00131,Customer 00131,62,Female,Mysuru,Karnataka,Business,Premium,2021-12-14
C00132,Customer 00132,44,Male,New Delhi,Delhi,Self-Employed,Mass,2020-09-11
C00133,Customer 00133,51,Female,Kolkata,West Bengal,Self-Employed,Premium,2025-05-19
C00134,Customer 00134,38,Male,Jodhpur,Rajasthan,Business,Premium,2021-07-21
C00135,Customer 00135,55,Female,Noida,Uttar Pradesh,Business,Mass,2020-04-13
C00136,Customer 00136,27,Male,Bengaluru,Karnataka,Student,Mass Affluent,2022-10-01
C00137,Customer 00137,36,Female,Noida,Uttar Pradesh,Retired,Mass,2025-03-20
C00138,Customer 00138,57,Male,Visakhapatnam,Andhra Pradesh,Retired,Mass,2019-11-29
C00139,Customer 00139,61,Female,Hyderabad,Telangana,Student,Affluent,2020-12-05
C00140,Customer 00140,48,Male,Lucknow,Uttar Pradesh,Business,Mass,2022-03-24
C00141,Customer 00141,63,Female,New Delhi,Delhi,Student,Affluent,2021-03-05
C00142,Customer 00142,24,Female,Lucknow,Uttar Pradesh,Business,Mass Affluent,2021-10-28
C00143,Customer 00143,53,Male,Jodhpur,Rajasthan,Self-Employed,Mass Affluent,2020-08-17
C00144,Customer 00144,42,Male,Bengaluru,Karnataka,Retired,Mass,2019-12-09
C00145,Customer 00145,23,Male,Ahmedabad,Gujarat,Retired,Affluent,2024-09-27
C00146,Customer 00146,46,Female,Bengaluru,Karnataka,Student,Mass Affluent,2018-06-21
C00147,Customer 00147,32,Female,Bengaluru,Karnataka,Self-Employed,Affluent,2022-07-12
C00148,Customer 00148,28,Male,New Delhi,Delhi,Self-Employed,Premium,2019-02-11
C00149,Customer 00149,23,Male,Visakhapatnam,Andhra Pradesh,Business,Affluent,2024-02-28
C00150,Customer 00150,38,Male,New Delhi,Delhi,Salaried,Affluent,2023-11-18
C00151,Customer 00151,30,Female,Noida,Uttar Pradesh,Student,Premium,2018-12-30
C00152,Customer 00152,50,Female,Ahmedabad,Gujarat,Student,Affluent,2023-05-17
C00153,Customer 00153,47,Male,Mumbai,Maharashtra,Retired,Mass,2020-12-22
C00154,Customer 00154,37,Female,Coimbatore,Tamil Nadu,Retired,Premium,2022-10-14
C00155,Customer 00155,45,Female,Coimbatore,Tamil Nadu,Business,Mass,2022-01-23
C00156,Customer 00156,64,Female,Pune,Maharashtra,Salaried,Mass,2021-01-27
C00157,Customer 00157,52,Female,Vijayawada,Andhra Pradesh,Student,Mass Affluent,2021-09-11
C00158,Customer 00158,54,Female,New Delhi,Delhi,Self-Employed,Mass,2019-12-27
C00159,Customer 00159,33,Female,Jaipur,Rajasthan,Retired,Affluent,2024-02-26
C00160,Customer 00160,52,Male,Jodhpur,Rajasthan,Self-Employed,Premium,2018-12-22
C00161,Customer 00161,66,Female,Noida,Uttar Pradesh,Student,Mass,2020-07-18
C00162,Customer 00162,34,Male,Coimbatore,Tamil Nadu,Self-Employed,Mass,2018-07-30
C00163,Customer 00163,59,Male,Surat,Gujarat,Salaried,Premium,2022-07-04
C00164,Customer 00164,58,Female,Mumbai,Maharashtra,Self-Employed,Mass,2023-06-10
C00165,Customer 00165,43,Male,New Delhi,Delhi,Student,Mass Affluent,2025-05-02
C00166,Customer 00166,22,Male,Mumbai,Maharashtra,Student,Mass,2024-03-09
C00167,Customer 00167,41,Female,Noida,Uttar Pradesh,Retired,Mass,2021-01-10
C00168,Customer 00168,68,Female,Warangal,Telangana,Self-Employed,Mass Affluent,2018-06-21
C00169,Customer 00169,57,Male,Bengaluru,Karnataka,Retired,Mass Affluent,2019-10-25
C00170,Customer 00170,22,Male,New Delhi,Delhi,Student,Mass Affluent,2025-02-27
C00171,Customer 00171,45,Female,Visakhapatnam,Andhra Pradesh,Business,Affluent,2018-10-17
C00172,Customer 00172,36,Female,Kolkata,West Bengal,Salaried,Mass,2019-10-05
C00173,Customer 00173,58,Male,Kolkata,West Bengal,Retired,Mass,2018-03-03
C00174,Customer 00174,25,Male,Kolkata,West Bengal,Business,Mass,2018-06-15
C00175,Customer 00175,51,Male,Bengaluru,Karnataka,Business,Mass,2023-06-02
C00176,Customer 00176,30,Male,Ahmedabad,Gujarat,Business,Mass Affluent,2022-09-12
C00177,Customer 00177,44,Female,Pune,Maharashtra,Self-Employed,Mass Affluent,2024-09-24
C00178,Customer 00178,56,Male,Mysuru,Karnataka,Self-Employed,Mass Affluent,2023-12-06
C00179,Customer 00179,35,Female,Pune,Maharashtra,Self-Employed,Mass Affluent,2024-03-07
C00180,Customer 00180,57,Male,Hyderabad,Telangana,Self-Employed,Affluent,2023-07-15
C00181,Customer 00181,54,Male,New Delhi,Delhi,Student,Premium,2022-11-20
C00182,Customer 00182,54,Male,Chennai,Tamil Nadu,Student,Mass Affluent,2019-05-03
C00183,Customer 00183,41,Female,Jodhpur,Rajasthan,Salaried,Affluent,2021-03-10
C00184,Customer 00184,36,Female,Warangal,Telangana,Self-Employed,Affluent,2018-10-02
C00185,Customer 00185,50,Female,Surat,Gujarat,Self-Employed,Affluent,2022-11-24
C00186,Customer 00186,35,Male,Surat,Gujarat,Self-Employed,Premium,2024-11-16
C00187,Customer 00187,45,Male,Kolkata,West Bengal,Business,Mass,2019-09-08
C00188,Customer 00188,56,Female,Kolkata,West Bengal,Business,Affluent,2018-11-27
C00189,Customer 00189,40,Male,Coimbatore,Tamil Nadu,Salaried,Premium,2021-08-19
C00190,Customer 00190,64,Female,Surat,Gujarat,Salaried,Premium,2019-12-12
C00191,Customer 00191,40,Female,Warangal,Telangana,Self-Employed,Mass,2018-10-24
C00192,Customer 00192,36,Female,Hyderabad,Telangana,Retired,Mass,2025-08-22
C00193,Customer 00193,60,Male,New Delhi,Delhi,Student,Mass,2018-03-10
C00194,Customer 00194,64,Female,Lucknow,Uttar Pradesh,Retired,Affluent,2018-05-24
C00195,Customer 00195,64,Female,Mysuru,Karnataka,Self-Employed,Premium,2019-07-19
C00196,Customer 00196,57,Female,Hyderabad,Telangana,Self-Employed,Mass,2021-06-25
C00197,Customer 00197,40,Male,Lucknow,Uttar Pradesh,Business,Affluent,2022-06-12
C00198,Customer 00198,70,Female,Visakhapatnam,Andhra Pradesh,Business,Affluent,2025-03-16
C00199,Customer 00199,35,Male,Warangal,Telangana,Business,Mass,2023-06-02
C00200,Customer 00200,39,Female,Kolkata,West Bengal,Retired,Affluent,2019-01-05
C00201,Customer 00201,40,Male,Lucknow,Uttar Pradesh,Business,Affluent,2022-10-05
C00202,Customer 00202,21,Male,Visakhapatnam,Andhra Pradesh,Retired,Mass Affluent,2022-11-07
C00203,Customer 00203,40,Female,Hyderabad,Telangana,Student,Mass,2022-05-27
C00204,Customer 00204,43,Male,Vijayawada,Andhra Pradesh,Self-Employed,Mass,2020-01-26
C00205,Customer 00205,61,Female,Mysuru,Karnataka,Salaried,Premium,2020-11-28
C00206,Customer 00206,30,Male,Kolkata,West Bengal,Salaried,Mass Affluent,2022-11-15
C00207,Customer 00207,44,Female,Visakhapatnam,Andhra Pradesh,Self-Employed,Mass,2022-02-02
C00208,Customer 00208,41,Male,Coimbatore,Tamil Nadu,Business,Affluent,2018-09-14
C00209,Customer 00209,48,Male,Mumbai,Maharashtra,Retired,Affluent,2022-08-28
C00210,Customer 00210,56,Female,Warangal,Telangana,Student,Mass,2024-12-02
C00211,Customer 00211,62,Male,New Delhi,Delhi,Salaried,Mass,2022-12-27
C00212,Customer 00212,67,Female,Kolkata,West Bengal,Retired,Mass,2021-05-18
C00213,Customer 00213,38,Male,Lucknow,Uttar Pradesh,Salaried,Mass,2018-09-26
C00214,Customer 00214,62,Female,Chennai,Tamil Nadu,Student,Mass,2019-02-05
C00215,Customer 00215,54,Male,Jodhpur,Rajasthan,Business,Mass,2024-10-23
C00216,Customer 00216,43,Female,Kolkata,West Bengal,Student,Mass,2018-04-26
C00217,Customer 00217,33,Female,Coimbatore,Tamil Nadu,Business,Mass,2020-04-16
C00218,Customer 00218,29,Male,Bengaluru,Karnataka,Business,Mass Affluent,2020-01-25
C00219,Customer 00219,53,Female,Noida,Uttar Pradesh,Retired,Mass,2019-05-17
C00220,Customer 00220,57,Male,Coimbatore,Tamil Nadu,Salaried,Affluent,2022-01-10
C00221,Customer 00221,50,Male,Mysuru,Karnataka,Retired,Premium,2024-08-16
C00222,Customer 00222,28,Female,Kolkata,West Bengal,Retired,Mass,2018-06-30
C00223,Customer 00223,54,Male,New Delhi,Delhi,Self-Employed,Mass,2021-03-31
C00224,Customer 00224,42,Male,Pune,Maharashtra,Retired,Mass,2021-02-08
C00225,Customer 00225,67,Male,Surat,Gujarat,Salaried,Mass Affluent,2024-10-04
C00226,Customer 00226,44,Male,New Delhi,Delhi,Retired,Premium,2021-04-26
C00227,Customer 00227,41,Male,Visakhapatnam,Andhra Pradesh,Student,Premium,2023-03-30
C00228,Customer 00228,35,Male,Pune,Maharashtra,Self-Employed,Mass,2018-04-25
C00229,Customer 00229,25,Male,Hyderabad,Telangana,Student,Affluent,2025-05-06
C00230,Customer 00230,46,Female,Noida,Uttar Pradesh,Student,Affluent,2025-07-02
C00231,Customer 00231,60,Male,Bengaluru,Karnataka,Self-Employed,Premium,2023-12-24
C00232,Customer 00232,60,Male,Lucknow,Uttar Pradesh,Business,Affluent,2020-09-26
C00233,Customer 00233,23,Male,Chennai,Tamil Nadu,Self-Employed,Affluent,2022-03-19
C00234,Customer 00234,36,Female,New Delhi,Delhi,Student,Premium,2019-06-20
C00235,Customer 00235,50,Female,Bengaluru,Karnataka,Self-Employed,Premium,2018-02-13
C00236,Customer 00236,27,Male,Jaipur,Rajasthan,Student,Affluent,2019-01-04
C00237,Customer 00237,24,Female,Visakhapatnam,Andhra Pradesh,Business,Mass,2019-12-01
C00238,Customer 00238,59,Male,Vijayawada,Andhra Pradesh,Retired,Mass,2021-05-05
C00239,Customer 00239,35,Male,Pune,Maharashtra,Salaried,Mass,2024-07-07
C00240,Customer 00240,52,Female,New Delhi,Delhi,Retired,Affluent,2020-06-03
C00241,Customer 00241,63,Female,Noida,Uttar Pradesh,Retired,Mass Affluent,2023-04-23
C00242,Customer 00242,23,Male,Surat,Gujarat,Retired,Mass,2021-10-04
C00243,Customer 00243,42,Female,Jaipur,Rajasthan,Student,Mass,2021-05-13
C00244,Customer 00244,26,Female,Jaipur,Rajasthan,Business,Mass,2023-07-19
C00245,Customer 00245,60,Male,Kolkata,West Bengal,Salaried,Mass,2020-02-02
C00246,Customer 00246,68,Female,New Delhi,Delhi,Salaried,Mass,2025-01-04
C00247,Customer 00247,59,Female,Kolkata,West Bengal,Student,Premium,2019-12-25
C00248,Customer 00248,28,Female,Kolkata,West Bengal,Business,Premium,2019-01-04
C00249,Customer 00249,43,Female,New Delhi,Delhi,Self-Employed,Mass,2018-07-18
C00250,Customer 00250,22,Male,Bengaluru,Karnataka,Retired,Affluent,2021-12-25
C00251,Customer 00251,37,Female,Vijayawada,Andhra Pradesh,Salaried,Mass Affluent,2019-12-14
C00252,Customer 00252,56,Male,Kolkata,West Bengal,Student,Mass Affluent,2020-01-09
C00253,Customer 00253,68,Male,Ahmedabad,Gujarat,Salaried,Affluent,2025-05-02
C00254,Customer 00254,29,Male,Kolkata,West Bengal,Salaried,Mass Affluent,2018-08-21
C00255,Customer 00255,27,Female,Kolkata,West Bengal,Self-Employed,Mass,2022-05-17
C00256,Customer 00256,41,Female,Lucknow,Uttar Pradesh,Salaried,Mass Affluent,2018-08-27
C00257,Customer 00257,24,Female,Vijayawada,Andhra Pradesh,Student,Mass Affluent,2024-03-01
C00258,Customer 00258,70,Male,Mysuru,Karnataka,Student,Mass,2020-01-16
C00259,Customer 00259,69,Male,Jodhpur,Rajasthan,Retired,Mass Affluent,2023-03-22
C00260,Customer 00260,30,Female,Ahmedabad,Gujarat,Student,Premium,2025-08-13
C00261,Customer 00261,28,Male,Vijayawada,Andhra Pradesh,Salaried,Mass Affluent,2024-11-15
C00262,Customer 00262,68,Male,Ahmedabad,Gujarat,Business,Premium,2022-04-09
C00263,Customer 00263,29,Male,Vijayawada,Andhra Pradesh,Self-Employed,Mass Affluent,2020-01-12
C00264,Customer 00264,58,Male,Ahmedabad,Gujarat,Retired,Mass,2022-03-02
C00265,Customer 00265,22,Male,Hyderabad,Telangana,Retired,Mass Affluent,2024-10-12
C00266,Customer 00266,48,Female,Ahmedabad,Gujarat,Business,Premium,2018-03-27
C00267,Customer 00267,57,Male,Coimbatore,Tamil Nadu,Salaried,Mass,2019-11-10
C00268,Customer 00268,47,Male,Mysuru,Karnataka,Self-Employed,Affluent,2022-01-17
C00269,Customer 00269,49,Female,Coimbatore,Tamil Nadu,Business,Affluent,2019-06-26
C00270,Customer 00270,60,Male,Noida,Uttar Pradesh,Retired,Mass Affluent,2019-01-25
C00271,Customer 00271,51,Female,Surat,Gujarat,Student,Premium,2021-10-30
C00272,Customer 00272,55,Male,Bengaluru,Karnataka,Business,Mass,2020-08-27
C00273,Customer 00273,51,Male,Visakhapatnam,Andhra Pradesh,Self-Employed,Mass,2022-11-29
C00274,Customer 00274,22,Male,Vijayawada,Andhra Pradesh,Self-Employed,Affluent,2019-09-21
C00275,Customer 00275,45,Male,Coimbatore,Tamil Nadu,Student,Mass Affluent,2018-05-29
C00276,Customer 00276,68,Female,Chennai,Tamil Nadu,Business,Affluent,2021-01-29
C00277,Customer 00277,39,Male,Lucknow,Uttar Pradesh,Student,Premium,2019-03-29
C00278,Customer 00278,32,Female,Visakhapatnam,Andhra Pradesh,Student,Premium,2018-10-22
C00279,Customer 00279,56,Female,Hyderabad,Telangana,Student,Mass,2023-03-03
C00280,Customer 00280,28,Female,Noida,Uttar Pradesh,Student,Mass,2023-11-30
C00281,Customer 00281,36,Female,Lucknow,Uttar Pradesh,Salaried,Mass Affluent,2023-04-25
C00282,Customer 00282,57,Male,Kolkata,West Bengal,Salaried,Mass,2023-02-01
C00283,Customer 00283,48,Male,Lucknow,Uttar Pradesh,Student,Mass Affluent,2020-12-22
C00284,Customer 00284,64,Male,Warangal,Telangana,Self-Employed,Mass,2018-12-17
C00285,Customer 00285,69,Female,Kolkata,West Bengal,Retired,Premium,2021-10-03
C00286,Customer 00286,31,Male,Hyderabad,Telangana,Self-Employed,Mass Affluent,2021-10-12
C00287,Customer 00287,52,Female,Coimbatore,Tamil Nadu,Self-Employed,Mass Affluent,2022-03-23
C00288,Customer 00288,65,Female,Lucknow,Uttar Pradesh,Retired,Mass,2025-02-09
C00289,Customer 00289,54,Male,Jodhpur,Rajasthan,Business,Mass,2024-05-27
C00290,Customer 00290,60,Male,Coimbatore,Tamil Nadu,Business,Affluent,2021-07-02
C00291,Customer 00291,40,Female,Warangal,Telangana,Retired,Affluent,2022-03-24
C00292,Customer 00292,38,Female,Mumbai,Maharashtra,Salaried,Affluent,2020-01-19
C00293,Customer 00293,33,Female,Jaipur,Rajasthan,Salaried,Mass,2018-09-21
C00294,Customer 00294,60,Male,Kolkata,West Bengal,Student,Mass,2023-11-28
C00295,Customer 00295,35,Male,Coimbatore,Tamil Nadu,Salaried,Mass,2023-09-08
C00296,Customer 00296,68,Female,Ahmedabad,Gujarat,Student,Affluent,2019-05-30
C00297,Customer 00297,66,Male,Chennai,Tamil Nadu,Self-Employed,Affluent,2024-02-01
C00298,Customer 00298,57,Female,Coimbatore,Tamil Nadu,Business,Mass,2023-10-28
C00299,Customer 00299,26,Male,Visakhapatnam,Andhra Pradesh,Student,Mass,2021-01-05
C00300,Customer 00300,46,Female,Warangal,Telangana,Salaried,Mass,2021-08-11
C00301,Customer 00301,50,Female,Lucknow,Uttar Pradesh,Self-Employed,Mass,2025-02-26
C00302,Customer 00302,44,Male,Kolkata,West Bengal,Business,Mass Affluent,2019-09-06
C00303,Customer 00303,28,Female,Mysuru,Karnataka,Student,Mass,2025-02-08
C00304,Customer 00304,64,Male,Visakhapatnam,Andhra Pradesh,Student,Premium,2025-02-20
C00305,Customer 00305,38,Male,Vijayawada,Andhra Pradesh,Salaried,Mass Affluent,2022-02-27
C00306,Customer 00306,41,Male,Surat,Gujarat,Salaried,Mass,2021-01-21
C00307,Customer 00307,25,Female,Mumbai,Maharashtra,Self-Employed,Mass Affluent,2020-05-14
C00308,Customer 00308,55,Male,Jaipur,Rajasthan,Retired,Premium,2024-08-31
C00309,Customer 00309,46,Female,Chennai,Tamil Nadu,Salaried,Mass Affluent,2020-02-17
C00310,Customer 00310,35,Male,Kolkata,West Bengal,Business,Mass Affluent,2021-02-28
C00311,Customer 00311,44,Female,Visakhapatnam,Andhra Pradesh,Retired,Mass,2019-03-11
C00312,Customer 00312,47,Male,Pune,Maharashtra,Self-Employed,Affluent,2018-10-28
C00313,Customer 00313,51,Female,Surat,Gujarat,Salaried,Premium,2022-05-05
C00314,Customer 00314,37,Female,New Delhi,Delhi,Student,Premium,2022-03-07
C00315,Customer 00315,55,Male,Bengaluru,Karnataka,Self-Employed,Premium,2019-03-31
C00316,Customer 00316,62,Male,New Delhi,Delhi,Self-Employed,Mass,2025-03-21
C00317,Customer 00317,31,Male,Coimbatore,Tamil Nadu,Student,Mass Affluent,2020-10-08
C00318,Customer 00318,59,Male,Surat,Gujarat,Retired,Mass Affluent,2023-03-24
C00319,Customer 00319,57,Female,Lucknow,Uttar Pradesh,Salaried,Affluent,2024-07-27
C00320,Customer 00320,37,Female,Vijayawada,Andhra Pradesh,Salaried,Mass,2022-11-01
C00321,Customer 00321,47,Male,Chennai,Tamil Nadu,Retired,Affluent,2025-01-28
C00322,Customer 00322,25,Male,Noida,Uttar Pradesh,Salaried,Mass Affluent,2018-12-03
C00323,Customer 00323,27,Female,Pune,Maharashtra,Self-Employed,Premium,2020-10-30
C00324,Customer 00324,50,Male,Bengaluru,Karnataka,Student,Mass,2020-12-04
C00325,Customer 00325,23,Male,Coimbatore,Tamil Nadu,Salaried,Mass,2018-07-08
C00326,Customer 00326,22,Female,Kolkata,West Bengal,Student,Mass Affluent,2020-08-27
C00327,Customer 00327,26,Female,Surat,Gujarat,Retired,Affluent,2019-09-23
C00328,Customer 00328,54,Female,Jodhpur,Rajasthan,Salaried,Affluent,2019-12-03
C00329,Customer 00329,27,Female,Lucknow,Uttar Pradesh,Business,Premium,2020-02-09
C00330,Customer 00330,70,Male,Kolkata,West Bengal,Retired,Mass,2024-06-15
C00331,Customer 00331,45,Male,Bengaluru,Karnataka,Student,Premium,2025-05-10
C00332,Customer 00332,28,Male,Hyderabad,Telangana,Retired,Mass Affluent,2023-09-22
C00333,Customer 00333,25,Male,Coimbatore,Tamil Nadu,Business,Mass,2022-09-04
C00334,Customer 00334,55,Male,Jodhpur,Rajasthan,Student,Premium,2019-06-18
C00335,Customer 00335,27,Female,Kolkata,West Bengal,Salaried,Mass,2023-07-25
C00336,Customer 00336,43,Male,Coimbatore,Tamil Nadu,Salaried,Mass,2021-03-31
C00337,Customer 00337,29,Female,Coimbatore,Tamil Nadu,Business,Mass,2018-11-25
C00338,Customer 00338,66,Female,Pune,Maharashtra,Self-Employed,Affluent,2025-01-28
C00339,Customer 00339,23,Female,Chennai,Tamil Nadu,Business,Mass,2020-06-16
C00340,Customer 00340,32,Female,Kolkata,West Bengal,Self-Employed,Mass Affluent,2020-03-27
C00341,Customer 00341,46,Female,Vijayawada,Andhra Pradesh,Retired,Premium,2024-03-20
C00342,Customer 00342,21,Male,Warangal,Telangana,Retired,Mass,2021-08-01
C00343,Customer 00343,50,Male,Vijayawada,Andhra Pradesh,Business,Affluent,2025-05-17
C00344,Customer 00344,56,Female,Mysuru,Karnataka,Salaried,Mass,2023-03-17
C00345,Customer 00345,37,Male,Pune,Maharashtra,Business,Mass Affluent,2022-02-15
C00346,Customer 00346,30,Female,New Delhi,Delhi,Business,Mass,2022-12-16
C00347,Customer 00347,69,Male,Ahmedabad,Gujarat,Student,Mass Affluent,2025-01-07
C00348,Customer 00348,57,Female,Kolkata,West Bengal,Salaried,Mass Affluent,2023-11-10
C00349,Customer 00349,29,Male,Ahmedabad,Gujarat,Business,Affluent,2023-12-13
C00350,Customer 00350,40,Female,Surat,Gujarat,Retired,Mass,2023-04-15
C00351,Customer 00351,35,Male,Hyderabad,Telangana,Business,Affluent,2024-08-12
C00352,Customer 00352,57,Female,Jodhpur,Rajasthan,Student,Mass Affluent,2018-12-29
C00353,Customer 00353,28,Male,Jaipur,Rajasthan,Self-Employed,Mass Affluent,2018-10-21
C00354,Customer 00354,55,Male,Surat,Gujarat,Retired,Mass Affluent,2023-07-13
C00355,Customer 00355,23,Female,Mysuru,Karnataka,Salaried,Mass,2021-07-24
C00356,Customer 00356,34,Male,Jodhpur,Rajasthan,Retired,Premium,2020-02-20
C00357,Customer 00357,63,Female,Warangal,Telangana,Business,Mass,2021-02-20
C00358,Customer 00358,66,Male,Bengaluru,Karnataka,Business,Premium,2019-04-09
C00359,Customer 00359,27,Male,Surat,Gujarat,Salaried,Mass,2019-07-31
C00360,Customer 00360,58,Male,Chennai,Tamil Nadu,Self-Employed,Mass,2019-07-13
C00361,Customer 00361,26,Male,Visakhapatnam,Andhra Pradesh,Self-Employed,Affluent,2019-08-06
C00362,Customer 00362,26,Female,Pune,Maharashtra,Student,Mass Affluent,2023-09-02
C00363,Customer 00363,53,Male,Pune,Maharashtra,Business,Mass Affluent,2020-10-18
C00364,Customer 00364,66,Male,New Delhi,Delhi,Business,Mass,2018-01-03
C00365,Customer 00365,45,Male,Kolkata,West Bengal,Salaried,Premium,2024-11-15
C00366,Customer 00366,48,Male,Kolkata,West Bengal,Self-Employed,Mass Affluent,2019-03-22
C00367,Customer 00367,54,Female,Kolkata,West Bengal,Business,Mass,2019-01-18
C00368,Customer 00368,57,Male,Kolkata,West Bengal,Student,Affluent,2024-10-12
C00369,Customer 00369,50,Female,Bengaluru,Karnataka,Student,Mass Affluent,2018-01-13
C00370,Customer 00370,28,Female,Surat,Gujarat,Retired,Premium,2019-08-05
C00371,Customer 00371,61,Female,Ahmedabad,Gujarat,Salaried,Mass,2018-11-14
C00372,Customer 00372,42,Female,Kolkata,West Bengal,Business,Mass,2020-05-15
C00373,Customer 00373,32,Female,New Delhi,Delhi,Retired,Affluent,2021-04-14
C00374,Customer 00374,38,Female,New Delhi,Delhi,Self-Employed,Premium,2018-08-20
C00375,Customer 00375,66,Female,Visakhapatnam,Andhra Pradesh,Retired,Premium,2019-07-12
C00376,Customer 00376,47,Female,Lucknow,Uttar Pradesh,Retired,Mass,2023-11-24
C00377,Customer 00377,66,Male,Jaipur,Rajasthan,Salaried,Mass,2025-08-21
C00378,Customer 00378,22,Male,Coimbatore,Tamil Nadu,Business,Mass,2024-10-19
C00379,Customer 00379,23,Male,Lucknow,Uttar Pradesh,Student,Premium,2023-04-26
C00380,Customer 00380,21,Male,Warangal,Telangana,Retired,Mass,2021-08-18
C00381,Customer 00381,36,Male,Mumbai,Maharashtra,Salaried,Mass,2025-04-11
C00382,Customer 00382,31,Female,Jodhpur,Rajasthan,Retired,Premium,2021-05-19
C00383,Customer 00383,22,Female,Jodhpur,Rajasthan,Salaried,Premium,2022-01-02
C00384,Customer 00384,65,Male,New Delhi,Delhi,Salaried,Premium,2019-11-16
C00385,Customer 00385,64,Female,Noida,Uttar Pradesh,Business,Mass,2020-03-30
C00386,Customer 00386,38,Female,Surat,Gujarat,Salaried,Mass,2020-09-11
C00387,Customer 00387,63,Male,Bengaluru,Karnataka,Self-Employed,Affluent,2022-07-30
C00388,Customer 00388,67,Male,Coimbatore,Tamil Nadu,Student,Mass,2022-11-27
C00389,Customer 00389,33,Male,Hyderabad,Telangana,Retired,Premium,2025-03-29
C00390,Customer 00390,25,Female,Pune,Maharashtra,Salaried,Premium,2018-11-04
C00391,Customer 00391,59,Female,Noida,Uttar Pradesh,Retired,Affluent,2022-08-22
C00392,Customer 00392,45,Male,Kolkata,West Bengal,Retired,Premium,2025-02-10
C00393,Customer 00393,30,Female,Noida,Uttar Pradesh,Salaried,Premium,2025-06-03
C00394,Customer 00394,37,Male,New Delhi,Delhi,Business,Mass Affluent,2023-02-13
C00395,Customer 00395,65,Male,Mumbai,Maharashtra,Retired,Premium,2021-12-28
C00396,Customer 00396,38,Male,Lucknow,Uttar Pradesh,Student,Premium,2024-01-06
C00397,Customer 00397,41,Male,Pune,Maharashtra,Self-Employed,Mass,2024-04-24
C00398,Customer 00398,68,Male,New Delhi,Delhi,Self-Employed,Mass,2022-11-22
C00399,Customer 00399,35,Female,Lucknow,Uttar Pradesh,Retired,Premium,2025-03-04
C00400,Customer 00400,66,Male,Chennai,Tamil Nadu,Salaried,Mass,2018-07-10
C00401,Customer 00401,46,Male,Surat,Gujarat,Business,Mass,2021-10-05
C00402,Customer 00402,28,Male,Coimbatore,Tamil Nadu,Salaried,Premium,2018-05-17
C00403,Customer 00403,52,Female,New Delhi,Delhi,Salaried,Mass,2025-01-10
C00404,Customer 00404,34,Female,Kolkata,West Bengal,Salaried,Affluent,2018-03-13
C00405,Customer 00405,68,Male,Jodhpur,Rajasthan,Student,Mass,2021-02-04
C00406,Customer 00406,60,Female,Kolkata,West Bengal,Student,Mass,2020-01-10
C00407,Customer 00407,69,Female,Surat,Gujarat,Business,Mass Affluent,2018-04-27
C00408,Customer 00408,30,Male,Jaipur,Rajasthan,Retired,Mass Affluent,2020-10-27
C00409,Customer 00409,31,Male,Coimbatore,Tamil Nadu,Retired,Affluent,2025-08-07
C00410,Customer 00410,33,Male,New Delhi,Delhi,Student,Affluent,2024-06-07
C00411,Customer 00411,58,Male,New Delhi,Delhi,Retired,Premium,2021-09-11
C00412,Customer 00412,27,Female,Kolkata,West Bengal,Salaried,Mass,2021-11-16
C00413,Customer 00413,70,Female,Noida,Uttar Pradesh,Student,Affluent,2022-01-01
C00414,Customer 00414,23,Male,Ahmedabad,Gujarat,Retired,Mass,2024-08-07
C00415,Customer 00415,23,Female,Chennai,Tamil Nadu,Business,Premium,2021-11-29
C00416,Customer 00416,51,Male,Jodhpur,Rajasthan,Student,Mass,2025-08-30
C00417,Customer 00417,22,Male,Ahmedabad,Gujarat,Student,Mass,2021-02-08
C00418,Customer 00418,25,Male,Kolkata,West Bengal,Business,Premium,2023-06-17
C00419,Customer 00419,70,Male,Jodhpur,Rajasthan,Salaried,Premium,2023-08-03
C00420,Customer 00420,50,Female,Kolkata,West Bengal,Self-Employed,Affluent,2022-05-22
C00421,Customer 00421,36,Male,Chennai,Tamil Nadu,Salaried,Mass,2022-03-24
C00422,Customer 00422,33,Female,Coimbatore,Tamil Nadu,Self-Employed,Mass,2023-03-30
C00423,Customer 00423,59,Male,Jaipur,Rajasthan,Salaried,Affluent,2018-06-18
C00424,Customer 00424,39,Female,Noida,Uttar Pradesh,Business,Affluent,2019-10-06
C00425,Customer 00425,43,Female,Mysuru,Karnataka,Student,Premium,2022-10-02
C00426,Customer 00426,51,Female,New Delhi,Delhi,Salaried,Mass Affluent,2020-07-22
C00427,Customer 00427,48,Female,Kolkata,West Bengal,Business,Mass,2018-02-20
C00428,Customer 00428,39,Female,Hyderabad,Telangana,Student,Mass,2025-02-18
C00429,Customer 00429,47,Female,Coimbatore,Tamil Nadu,Retired,Mass,2024-04-06
C00430,Customer 00430,42,Male,Kolkata,West Bengal,Retired,Premium,2018-11-04
C00431,Customer 00431,27,Female,Noida,Uttar Pradesh,Business,Premium,2025-02-03
C00432,Customer 00432,46,Female,Jaipur,Rajasthan,Salaried,Mass,2018-12-09
C00433,Customer 00433,33,Female,Vijayawada,Andhra Pradesh,Retired,Mass,2024-11-07
C00434,Customer 00434,62,Male,New Delhi,Delhi,Self-Employed,Mass,2018-04-26
C00435,Customer 00435,48,Male,Ahmedabad,Gujarat,Self-Employed,Affluent,2018-11-28
C00436,Customer 00436,47,Female,Mumbai,Maharashtra,Salaried,Premium,2023-06-04
C00437,Customer 00437,39,Male,Ahmedabad,Gujarat,Self-Employed,Premium,2022-10-26
C00438,Customer 00438,38,Male,Pune,Maharashtra,Retired,Premium,2022-09-18
C00439,Customer 00439,69,Female,Warangal,Telangana,Self-Employed,Mass,2019-05-18
C00440,Customer 00440,47,Female,Kolkata,West Bengal,Self-Employed,Mass,2019-09-19
C00441,Customer 00441,41,Female,Hyderabad,Telangana,Business,Premium,2024-10-18
C00442,Customer 00442,58,Female,Chennai,Tamil Nadu,Student,Affluent,2025-06-29
C00443,Customer 00443,56,Male,Bengaluru,Karnataka,Salaried,Mass,2023-07-26
C00444,Customer 00444,66,Female,Vijayawada,Andhra Pradesh,Salaried,Mass Affluent,2022-08-13
C00445,Customer 00445,61,Female,Hyderabad,Telangana,Student,Mass,2022-05-22
C00446,Customer 00446,21,Female,Hyderabad,Telangana,Student,Mass,2023-02-22
C00447,Customer 00447,52,Female,Surat,Gujarat,Salaried,Mass,2018-05-22
C00448,Customer 00448,26,Male,Surat,Gujarat,Salaried,Premium,2024-03-26
C00449,Customer 00449,54,Female,Jodhpur,Rajasthan,Self-Employed,Mass Affluent,2022-09-08
C00450,Customer 00450,29,Male,Hyderabad,Telangana,Salaried,Affluent,2019-09-18
C00451,Customer 00451,53,Female,Kolkata,West Bengal,Retired,Mass,2023-09-19
C00452,Customer 00452,59,Male,Pune,Maharashtra,Self-Employed,Mass,2021-01-18
C00453,Customer 00453,23,Male,Vijayawada,Andhra Pradesh,Retired,Premium,2018-02-28
C00454,Customer 00454,39,Female,Visakhapatnam,Andhra Pradesh,Business,Mass,2020-12-17
C00455,Customer 00455,26,Male,Vijayawada,Andhra Pradesh,Self-Employed,Mass,2021-09-20
C00456,Customer 00456,44,Female,New Delhi,Delhi,Business,Affluent,2023-01-12
C00457,Customer 00457,67,Female,Mysuru,Karnataka,Self-Employed,Affluent,2018-01-21
C00458,Customer 00458,63,Male,Mysuru,Karnataka,Self-Employed,Mass,2021-05-15
C00459,Customer 00459,53,Male,Kolkata,West Bengal,Student,Mass,2018-06-01
C00460,Customer 00460,68,Female,Coimbatore,Tamil Nadu,Business,Premium,2024-07-26
C00461,Customer 00461,32,Female,Surat,Gujarat,Retired,Affluent,2024-03-14
C00462,Customer 00462,66,Male,Coimbatore,Tamil Nadu,Business,Premium,2020-01-01
C00463,Customer 00463,29,Male,Chennai,Tamil Nadu,Self-Employed,Mass,2024-09-05
C00464,Customer 00464,39,Female,New Delhi,Delhi,Student,Mass Affluent,2022-05-29
C00465,Customer 00465,49,Male,Noida,Uttar Pradesh,Self-Employed,Mass Affluent,2020-03-30
C00466,Customer 00466,28,Female,Ahmedabad,Gujarat,Business,Mass Affluent,2020-09-02
C00467,Customer 00467,63,Female,Coimbatore,Tamil Nadu,Self-Employed,Affluent,2022-09-11
C00468,Customer 00468,62,Male,Bengaluru,Karnataka,Salaried,Mass Affluent,2021-03-09
C00469,Customer 00469,27,Female,New Delhi,Delhi,Salaried,Affluent,2024-10-12
C00470,Customer 00470,34,Female,Jodhpur,Rajasthan,Business,Mass Affluent,2018-03-05
C00471,Customer 00471,54,Male,Bengaluru,Karnataka,Self-Employed,Affluent,2020-10-25
C00472,Customer 00472,21,Female,Noida,Uttar Pradesh,Self-Employed,Premium,2024-03-24
C00473,Customer 00473,34,Male,Warangal,Telangana,Retired,Mass Affluent,2025-03-19
C00474,Customer 00474,32,Male,Hyderabad,Telangana,Salaried,Mass,2022-04-18
C00475,Customer 00475,60,Female,Bengaluru,Karnataka,Self-Employed,Premium,2024-03-26
C00476,Customer 00476,23,Male,Vijayawada,Andhra Pradesh,Salaried,Mass,2022-03-08
C00477,Customer 00477,29,Female,New Delhi,Delhi,Business,Mass,2018-06-27
C00478,Customer 00478,26,Male,Visakhapatnam,Andhra Pradesh,Salaried,Mass Affluent,2019-07-27
C00479,Customer 00479,42,Female,Jodhpur,Rajasthan,Student,Mass,2019-09-28
C00480,Customer 00480,55,Male,Ahmedabad,Gujarat,Business,Premium,2021-03-17
C00481,Customer 00481,42,Female,New Delhi,Delhi,Business,Affluent,2025-03-10
C00482,Customer 00482,33,Female,New Delhi,Delhi,Student,Mass,2023-06-19
C00483,Customer 00483,38,Female,Coimbatore,Tamil Nadu,Student,Premium,2019-08-17
C00484,Customer 00484,49,Male,Mysuru,Karnataka,Retired,Mass,2021-10-26
C00485,Customer 00485,24,Female,Visakhapatnam,Andhra Pradesh,Salaried,Premium,2024-06-23
C00486,Customer 00486,70,Male,Bengaluru,Karnataka,Salaried,Mass Affluent,2019-06-02
C00487,Customer 00487,56,Female,Mumbai,Maharashtra,Retired,Premium,2018-05-04
C00488,Customer 00488,28,Female,Jaipur,Rajasthan,Student,Mass,2024-02-22
C00489,Customer 00489,59,Female,Bengaluru,Karnataka,Retired,Mass,2023-10-28
C00490,Customer 00490,33,Male,Surat,Gujarat,Self-Employed,Mass,2021-12-31
C00491,Customer 00491,70,Female,Surat,Gujarat,Salaried,Mass,2020-05-25
C00492,Customer 00492,37,Female,Mysuru,Karnataka,Business,Premium,2021-11-06
C00493,Customer 00493,40,Male,Kolkata,West Bengal,Retired,Mass Affluent,2022-08-08
C00494,Customer 00494,67,Male,Mysuru,Karnataka,Business,Mass Affluent,2022-01-04
C00495,Customer 00495,49,Female,Kolkata,West Bengal,Salaried,Premium,2022-01-02
C00496,Customer 00496,38,Male,Noida,Uttar Pradesh,Self-Employed,Premium,2025-02-23
C00497,Customer 00497,56,Female,Coimbatore,Tamil Nadu,Business,Affluent,2025-01-15
C00498,Customer 00498,26,Male,Jodhpur,Rajasthan,Self-Employed,Affluent,2019-01-16
C00499,Customer 00499,60,Female,New Delhi,Delhi,Salaried,Mass,2025-02-04
C00500,Customer 00500,54,Female,New Delhi,Delhi,Salaried,Affluent,2022-08-11
C00501,Customer 00501,28,Female,Chennai,Tamil Nadu,Salaried,Mass,2019-09-14
C00502,Customer 00502,23,Male,Lucknow,Uttar Pradesh,Retired,Affluent,2021-12-24
C00503,Customer 00503,34,Male,Warangal,Telangana,Retired,Mass,2019-11-01
C00504,Customer 00504,44,Female,Vijayawada,Andhra Pradesh,Business,Premium,2019-04-24
C00505,Customer 00505,23,Male,Noida,Uttar Pradesh,Salaried,Premium,2018-06-10
C00506,Customer 00506,31,Female,Chennai,Tamil Nadu,Business,Affluent,2025-03-15
C00507,Customer 00507,24,Female,Lucknow,Uttar Pradesh,Retired,Affluent,2020-08-12
C00508,Customer 00508,26,Male,Jodhpur,Rajasthan,Self-Employed,Affluent,2020-04-22
C00509,Customer 00509,62,Female,Kolkata,West Bengal,Student,Mass Affluent,2024-02-24
C00510,Customer 00510,58,Male,Lucknow,Uttar Pradesh,Salaried,Mass,2024-04-15
C00511,Customer 00511,24,Female,Mumbai,Maharashtra,Self-Employed,Mass Affluent,2019-12-13
C00512,Customer 00512,25,Female,Bengaluru,Karnataka,Salaried,Mass Affluent,2023-08-20
C00513,Customer 00513,26,Male,New Delhi,Delhi,Retired,Mass,2018-08-15
C00514,Customer 00514,29,Female,Surat,Gujarat,Business,Mass,2023-06-19
C00515,Customer 00515,35,Male,Lucknow,Uttar Pradesh,Self-Employed,Mass,2025-03-23
C00516,Customer 00516,61,Male,Ahmedabad,Gujarat,Self-Employed,Premium,2020-09-07
C00517,Customer 00517,60,Female,Visakhapatnam,Andhra Pradesh,Student,Premium,2022-09-20
C00518,Customer 00518,49,Female,Surat,Gujarat,Retired,Premium,2024-08-03
C00519,Customer 00519,53,Female,Surat,Gujarat,Business,Mass Affluent,2022-09-07
C00520,Customer 00520,59,Female,Mumbai,Maharashtra,Student,Mass,2021-04-02
C00521,Customer 00521,69,Male,Noida,Uttar Pradesh,Student,Mass,2022-04-23
C00522,Customer 00522,24,Female,Kolkata,West Bengal,Retired,Premium,2020-09-20
C00523,Customer 00523,22,Female,New Delhi,Delhi,Salaried,Mass Affluent,2023-01-11
C00524,Customer 00524,39,Female,Mumbai,Maharashtra,Salaried,Affluent,2024-06-11
C00525,Customer 00525,29,Male,Noida,Uttar Pradesh,Business,Mass,2020-05-11
C00526,Customer 00526,24,Male,Kolkata,West Bengal,Salaried,Premium,2021-07-01
C00527,Customer 00527,23,Female,Chennai,Tamil Nadu,Student,Mass,2018-11-12
C00528,Customer 00528,32,Female,New Delhi,Delhi,Retired,Premium,2020-03-20
C00529,Customer 00529,62,Male,Jodhpur,Rajasthan,Self-Employed,Mass Affluent,2025-07-05
C00530,Customer 00530,52,Male,Pune,Maharashtra,Salaried,Mass Affluent,2019-01-12
C00531,Customer 00531,41,Female,Surat,Gujarat,Student,Mass,2024-06-09
C00532,Customer 00532,28,Female,Surat,Gujarat,Self-Employed,Mass,2021-01-29
C00533,Customer 00533,68,Female,Chennai,Tamil Nadu,Business,Affluent,2019-10-29
C00534,Customer 00534,37,Female,Kolkata,West Bengal,Salaried,Affluent,2021-03-22
C00535,Customer 00535,38,Female,New Delhi,Delhi,Business,Premium,2025-05-07
C00536,Customer 00536,40,Male,Warangal,Telangana,Self-Employed,Mass,2023-02-23
C00537,Customer 00537,69,Female,Coimbatore,Tamil Nadu,Self-Employed,Affluent,2018-08-14
C00538,Customer 00538,67,Female,Ahmedabad,Gujarat,Business,Affluent,2025-04-18
C00539,Customer 00539,58,Male,New Delhi,Delhi,Retired,Premium,2018-10-02
C00540,Customer 00540,46,Male,Visakhapatnam,Andhra Pradesh,Salaried,Premium,2023-12-09
C00541,Customer 00541,68,Male,Hyderabad,Telangana,Self-Employed,Mass,2018-02-25
C00542,Customer 00542,22,Female,Warangal,Telangana,Salaried,Mass,2019-07-05
C00543,Customer 00543,46,Male,Coimbatore,Tamil Nadu,Retired,Affluent,2023-06-04
C00544,Customer 00544,60,Male,Lucknow,Uttar Pradesh,Self-Employed,Affluent,2022-12-22
C00545,Customer 00545,32,Male,Kolkata,West Bengal,Business,Mass,2022-09-25
C00546,Customer 00546,30,Female,New Delhi,Delhi,Business,Mass Affluent,2019-12-17
C00547,Customer 00547,62,Male,Mysuru,Karnataka,Self-Employed,Premium,2022-08-02
C00548,Customer 00548,22,Male,New Delhi,Delhi,Student,Affluent,2024-02-06
C00549,Customer 00549,52,Female,Mysuru,Karnataka,Student,Mass Affluent,2023-05-20
C00550,Customer 00550,50,Male,Jaipur,Rajasthan,Salaried,Premium,2024-02-10
C00551,Customer 00551,53,Male,Mumbai,Maharashtra,Student,Mass,2018-03-24
C00552,Customer 00552,45,Male,Kolkata,West Bengal,Business,Mass,2022-07-25
C00553,Customer 00553,39,Female,Surat,Gujarat,Salaried,Affluent,2025-04-06
C00554,Customer 00554,48,Female,Jodhpur,Rajasthan,Student,Affluent,2022-08-01
C00555,Customer 00555,63,Female,Ahmedabad,Gujarat,Retired,Mass,2024-11-11
C00556,Customer 00556,49,Female,Surat,Gujarat,Student,Mass,2021-05-19
C00557,Customer 00557,55,Male,Pune,Maharashtra,Self-Employed,Mass,2024-04-09
C00558,Customer 00558,56,Female,Jodhpur,Rajasthan,Self-Employed,Mass Affluent,2020-09-06
C00559,Customer 00559,21,Male,Mumbai,Maharashtra,Salaried,Mass Affluent,2025-01-22
C00560,Customer 00560,41,Male,Vijayawada,Andhra Pradesh,Student,Mass,2025-06-18
C00561,Customer 00561,53,Female,Noida,Uttar Pradesh,Business,Mass,2020-09-10
C00562,Customer 00562,53,Female,Ahmedabad,Gujarat,Student,Premium,2023-05-26
C00563,Customer 00563,63,Male,Coimbatore,Tamil Nadu,Self-Employed,Mass Affluent,2021-03-30
C00564,Customer 00564,49,Male,Hyderabad,Telangana,Retired,Mass,2020-04-02
C00565,Customer 00565,43,Female,Hyderabad,Telangana,Self-Employed,Mass,2020-05-27
C00566,Customer 00566,28,Female,Jaipur,Rajasthan,Salaried,Premium,2022-05-15
C00567,Customer 00567,44,Male,Mysuru,Karnataka,Salaried,Mass,2018-01-13
C00568,Customer 00568,34,Female,Kolkata,West Bengal,Student,Premium,2023-08-08
C00569,Customer 00569,42,Male,Vijayawada,Andhra Pradesh,Retired,Premium,2022-04-13
C00570,Customer 00570,65,Female,Ahmedabad,Gujarat,Business,Mass,2023-12-01
C00571,Customer 00571,24,Male,Noida,Uttar Pradesh,Business,Mass Affluent,2018-10-03
C00572,Customer 00572,39,Female,Warangal,Telangana,Retired,Mass,2024-10-15
C00573,Customer 00573,47,Female,Jodhpur,Rajasthan,Salaried,Mass Affluent,2023-07-12
C00574,Customer 00574,26,Female,Surat,Gujarat,Student,Mass,2023-09-22
C00575,Customer 00575,27,Female,Kolkata,West Bengal,Business,Mass Affluent,2023-05-20
C00576,Customer 00576,60,Female,Pune,Maharashtra,Business,Mass,2018-12-05
C00577,Customer 00577,42,Female,Pune,Maharashtra,Business,Affluent,2022-04-27
C00578,Customer 00578,31,Female,New Delhi,Delhi,Business,Mass,2018-01-21
C00579,Customer 00579,38,Male,Visakhapatnam,Andhra Pradesh,Salaried,Mass Affluent,2023-09-30
C00580,Customer 00580,51,Male,Kolkata,West Bengal,Retired,Affluent,2020-02-24
C00581,Customer 00581,38,Female,Jaipur,Rajasthan,Business,Premium,2021-02-06
C00582,Customer 00582,29,Female,New Delhi,Delhi,Student,Mass,2022-07-05
C00583,Customer 00583,47,Male,Mumbai,Maharashtra,Salaried,Mass,2024-09-19
C00584,Customer 00584,67,Female,Pune,Maharashtra,Self-Employed,Mass,2018-09-12
C00585,Customer 00585,36,Male,Mumbai,Maharashtra,Business,Affluent,2023-03-24
C00586,Customer 00586,46,Male,Kolkata,West Bengal,Retired,Mass,2020-08-27
C00587,Customer 00587,41,Male,Ahmedabad,Gujarat,Self-Employed,Premium,2019-10-11
C00588,Customer 00588,56,Female,Warangal,Telangana,Self-Employed,Mass Affluent,2023-03-05
C00589,Customer 00589,44,Female,Mumbai,Maharashtra,Self-Employed,Mass,2025-08-12
C00590,Customer 00590,28,Male,Bengaluru,Karnataka,Salaried,Premium,2025-03-04
C00591,Customer 00591,40,Female,Mysuru,Karnataka,Salaried,Mass,2019-04-27
C00592,Customer 00592,32,Female,Bengaluru,Karnataka,Self-Employed,Mass Affluent,2025-01-19
C00593,Customer 00593,26,Female,Hyderabad,Telangana,Retired,Mass,2025-07-11
C00594,Customer 00594,21,Female,Bengaluru,Karnataka,Salaried,Mass Affluent,2022-03-28
C00595,Customer 00595,67,Male,Pune,Maharashtra,Student,Premium,2019-06-07
C00596,Customer 00596,68,Female,Mysuru,Karnataka,Salaried,Mass Affluent,2025-01-15
C00597,Customer 00597,65,Female,Noida,Uttar Pradesh,Student,Mass,2018-12-20
C00598,Customer 00598,40,Male,Visakhapatnam,Andhra Pradesh,Salaried,Mass,2022-05-22
C00599,Customer 00599,56,Male,Kolkata,West Bengal,Retired,Mass,2025-01-16
C00600,Customer 00600,63,Female,Vijayawada,Andhra Pradesh,Salaried,Mass,2021-12-21
C00601,Customer 00601,68,Male,Jodhpur,Rajasthan,Student,Premium,2024-08-15
C00602,Customer 00602,54,Female,Warangal,Telangana,Self-Employed,Affluent,2021-08-26
C00603,Customer 00603,35,Female,New Delhi,Delhi,Retired,Mass,2022-05-18
C00604,Customer 00604,58,Male,New Delhi,Delhi,Retired,Mass Affluent,2022-04-06
C00605,Customer 00605,23,Female,Surat,Gujarat,Self-Employed,Affluent,2020-04-21
C00606,Customer 00606,51,Female,Jaipur,Rajasthan,Retired,Premium,2021-09-19
C00607,Customer 00607,30,Male,Vijayawada,Andhra Pradesh,Business,Mass,2023-12-02
C00608,Customer 00608,26,Female,Jodhpur,Rajasthan,Business,Mass,2019-03-27
C00609,Customer 00609,48,Female,Hyderabad,Telangana,Salaried,Mass Affluent,2025-03-23
C00610,Customer 00610,42,Male,Jodhpur,Rajasthan,Student,Premium,2024-09-27
C00611,Customer 00611,41,Female,New Delhi,Delhi,Self-Employed,Mass,2023-07-04
C00612,Customer 00612,51,Female,Visakhapatnam,Andhra Pradesh,Student,Affluent,2019-07-29
C00613,Customer 00613,65,Female,New Delhi,Delhi,Student,Mass Affluent,2025-02-16
C00614,Customer 00614,33,Female,New Delhi,Delhi,Self-Employed,Mass,2024-09-07
C00615,Customer 00615,67,Female,Chennai,Tamil Nadu,Student,Mass,2022-05-01
C00616,Customer 00616,29,Male,Pune,Maharashtra,Salaried,Mass,2019-08-14
C00617,Customer 00617,60,Female,Kolkata,West Bengal,Business,Mass,2018-01-23
C00618,Customer 00618,38,Male,Kolkata,West Bengal,Self-Employed,Mass,2019-04-11
C00619,Customer 00619,22,Female,Vijayawada,Andhra Pradesh,Business,Mass,2019-01-18
C00620,Customer 00620,58,Female,Surat,Gujarat,Salaried,Mass Affluent,2022-10-06
C00621,Customer 00621,65,Female,Mumbai,Maharashtra,Student,Mass,2020-07-20
C00622,Customer 00622,65,Female,Ahmedabad,Gujarat,Student,Mass Affluent,2018-12-31
C00623,Customer 00623,69,Female,Surat,Gujarat,Business,Mass Affluent,2019-09-04
C00624,Customer 00624,43,Male,Noida,Uttar Pradesh,Self-Employed,Affluent,2023-07-08
C00625,Customer 00625,23,Female,Jodhpur,Rajasthan,Student,Mass,2020-11-25
C00626,Customer 00626,22,Male,Noida,Uttar Pradesh,Salaried,Mass,2022-09-27
C00627,Customer 00627,43,Male,New Delhi,Delhi,Student,Mass,2023-08-20
C00628,Customer 00628,58,Female,Surat,Gujarat,Salaried,Mass Affluent,2018-05-20
C00629,Customer 00629,69,Male,Jodhpur,Rajasthan,Self-Employed,Mass,2022-07-21
C00630,Customer 00630,66,Female,Visakhapatnam,Andhra Pradesh,Salaried,Mass,2021-12-01
C00631,Customer 00631,60,Male,Kolkata,West Bengal,Business,Premium,2022-11-16
C00632,Customer 00632,22,Male,Mysuru,Karnataka,Salaried,Premium,2018-03-10
C00633,Customer 00633,40,Female,Lucknow,Uttar Pradesh,Salaried,Mass,2024-03-06
C00634,Customer 00634,55,Female,Bengaluru,Karnataka,Self-Employed,Premium,2020-12-22
C00635,Customer 00635,48,Male,Visakhapatnam,Andhra Pradesh,Salaried,Mass Affluent,2025-01-17
C00636,Customer 00636,52,Male,Jodhpur,Rajasthan,Business,Mass,2018-09-15
C00637,Customer 00637,32,Male,Ahmedabad,Gujarat,Self-Employed,Mass,2024-10-11
C00638,Customer 00638,50,Female,Coimbatore,Tamil Nadu,Salaried,Affluent,2022-06-10
C00639,Customer 00639,27,Female,Jaipur,Rajasthan,Self-Employed,Mass Affluent,2018-12-05
C00640,Customer 00640,38,Male,Surat,Gujarat,Salaried,Affluent,2018-10-27
C00641,Customer 00641,44,Male,Bengaluru,Karnataka,Retired,Affluent,2018-03-18
C00642,Customer 00642,27,Female,Mysuru,Karnataka,Student,Mass,2023-03-15
C00643,Customer 00643,34,Male,Kolkata,West Bengal,Business,Mass,2022-07-22
C00644,Customer 00644,39,Male,Jaipur,Rajasthan,Salaried,Mass,2024-06-16
C00645,Customer 00645,45,Female,Coimbatore,Tamil Nadu,Salaried,Affluent,2019-07-22
C00646,Customer 00646,58,Female,Vijayawada,Andhra Pradesh,Self-Employed,Mass Affluent,2019-09-07
C00647,Customer 00647,69,Male,New Delhi,Delhi,Salaried,Mass Affluent,2020-06-10
C00648,Customer 00648,57,Female,Bengaluru,Karnataka,Self-Employed,Mass Affluent,2019-09-12
C00649,Customer 00649,40,Female,Noida,Uttar Pradesh,Retired,Mass,2023-11-16
C00650,Customer 00650,38,Male,Mumbai,Maharashtra,Business,Mass,2019-06-20
C00651,Customer 00651,58,Male,Surat,Gujarat,Salaried,Affluent,2023-06-11
C00652,Customer 00652,54,Female,Mumbai,Maharashtra,Salaried,Mass Affluent,2024-10-13
C00653,Customer 00653,39,Female,Surat,Gujarat,Student,Mass,2020-01-30
C00654,Customer 00654,46,Female,Surat,Gujarat,Self-Employed,Mass,2022-08-10
C00655,Customer 00655,21,Male,Mumbai,Maharashtra,Student,Mass,2020-07-03
C00656,Customer 00656,37,Female,Hyderabad,Telangana,Retired,Mass,2023-05-26
C00657,Customer 00657,26,Male,Kolkata,West Bengal,Business,Affluent,2024-08-12
C00658,Customer 00658,48,Female,Kolkata,West Bengal,Retired,Mass Affluent,2024-08-13
C00659,Customer 00659,65,Male,Visakhapatnam,Andhra Pradesh,Student,Premium,2022-06-17
C00660,Customer 00660,42,Male,Warangal,Telangana,Retired,Mass Affluent,2023-03-04
C00661,Customer 00661,22,Female,Ahmedabad,Gujarat,Student,Mass,2021-02-07
C00662,Customer 00662,47,Female,Chennai,Tamil Nadu,Student,Mass Affluent,2020-05-27
C00663,Customer 00663,59,Male,Visakhapatnam,Andhra Pradesh,Salaried,Mass,2018-08-30
C00664,Customer 00664,25,Male,Vijayawada,Andhra Pradesh,Student,Mass,2022-08-15
C00665,Customer 00665,21,Male,Hyderabad,Telangana,Retired,Mass Affluent,2018-11-22
C00666,Customer 00666,62,Male,Mumbai,Maharashtra,Retired,Premium,2021-06-06
C00667,Customer 00667,46,Female,Jaipur,Rajasthan,Business,Premium,2023-06-19
C00668,Customer 00668,33,Female,Jodhpur,Rajasthan,Salaried,Mass,2020-10-23
C00669,Customer 00669,47,Male,Jaipur,Rajasthan,Self-Employed,Mass,2020-01-10
C00670,Customer 00670,58,Female,Bengaluru,Karnataka,Retired,Mass,2020-12-21
C00671,Customer 00671,28,Female,New Delhi,Delhi,Salaried,Mass Affluent,2018-08-22
C00672,Customer 00672,68,Female,Kolkata,West Bengal,Retired,Mass,2025-02-11
C00673,Customer 00673,55,Female,Ahmedabad,Gujarat,Salaried,Mass,2020-10-16
C00674,Customer 00674,35,Male,Mysuru,Karnataka,Business,Premium,2019-03-25
C00675,Customer 00675,23,Female,Bengaluru,Karnataka,Student,Affluent,2024-12-21
C00676,Customer 00676,27,Female,Ahmedabad,Gujarat,Business,Mass,2019-12-21
C00677,Customer 00677,70,Male,Coimbatore,Tamil Nadu,Retired,Mass,2023-09-18
C00678,Customer 00678,64,Male,New Delhi,Delhi,Salaried,Mass,2019-09-24
C00679,Customer 00679,50,Male,New Delhi,Delhi,Salaried,Mass Affluent,2021-10-12
C00680,Customer 00680,66,Male,Vijayawada,Andhra Pradesh,Self-Employed,Mass,2023-05-23
C00681,Customer 00681,63,Female,Visakhapatnam,Andhra Pradesh,Salaried,Affluent,2019-12-23
C00682,Customer 00682,65,Female,Surat,Gujarat,Student,Mass Affluent,2024-03-30
C00683,Customer 00683,66,Female,Visakhapatnam,Andhra Pradesh,Business,Mass Affluent,2018-10-30
C00684,Customer 00684,51,Male,Kolkata,West Bengal,Business,Mass,2021-11-25
C00685,Customer 00685,22,Male,Ahmedabad,Gujarat,Retired,Mass,2021-06-17
C00686,Customer 00686,58,Male,Pune,Maharashtra,Retired,Mass,2023-11-08
C00687,Customer 00687,41,Male,New Delhi,Delhi,Salaried,Premium,2025-03-15
C00688,Customer 00688,51,Male,Bengaluru,Karnataka,Student,Mass Affluent,2025-05-10
C00689,Customer 00689,23,Female,Vijayawada,Andhra Pradesh,Self-Employed,Mass Affluent,2019-02-13
C00690,Customer 00690,21,Male,Pune,Maharashtra,Business,Affluent,2023-05-28
C00691,Customer 00691,69,Male,Kolkata,West Bengal,Salaried,Premium,2022-03-25
C00692,Customer 00692,24,Female,Mumbai,Maharashtra,Student,Premium,2018-10-08
C00693,Customer 00693,67,Male,Mysuru,Karnataka,Business,Affluent,2019-03-05
C00694,Customer 00694,52,Female,Pune,Maharashtra,Retired,Mass,2020-07-28
C00695,Customer 00695,33,Male,Warangal,Telangana,Salaried,Mass Affluent,2019-08-20
C00696,Customer 00696,38,Male,Visakhapatnam,Andhra Pradesh,Salaried,Mass Affluent,2021-02-09
C00697,Customer 00697,55,Male,Coimbatore,Tamil Nadu,Student,Mass Affluent,2019-08-26
C00698,Customer 00698,44,Male,Mysuru,Karnataka,Retired,Affluent,2022-04-01
C00699,Customer 00699,52,Female,Hyderabad,Telangana,Retired,Affluent,2023-05-23
C00700,Customer 00700,21,Male,Kolkata,West Bengal,Salaried,Mass,2022-07-21
C00701,Customer 00701,30,Female,Mysuru,Karnataka,Business,Premium,2025-01-15
C00702,Customer 00702,44,Female,Jodhpur,Rajasthan,Student,Mass,2023-01-31
C00703,Customer 00703,59,Female,New Delhi,Delhi,Retired,Premium,2020-02-10
C00704,Customer 00704,57,Male,Mumbai,Maharashtra,Salaried,Mass,2022-02-12
C00705,Customer 00705,32,Female,Jaipur,Rajasthan,Student,Premium,2020-05-16
C00706,Customer 00706,26,Female,Kolkata,West Bengal,Retired,Mass,2021-11-10
C00707,Customer 00707,29,Male,Mumbai,Maharashtra,Business,Mass Affluent,2023-06-11
C00708,Customer 00708,39,Male,Ahmedabad,Gujarat,Self-Employed,Mass,2020-06-06
C00709,Customer 00709,59,Male,Vijayawada,Andhra Pradesh,Salaried,Premium,2022-11-10
C00710,Customer 00710,64,Female,Mysuru,Karnataka,Student,Affluent,2023-03-22
C00711,Customer 00711,21,Female,Surat,Gujarat,Self-Employed,Mass,2019-11-25
C00712,Customer 00712,27,Female,Kolkata,West Bengal,Student,Mass,2019-05-26
C00713,Customer 00713,33,Female,Ahmedabad,Gujarat,Business,Mass Affluent,2022-12-31
C00714,Customer 00714,37,Male,Coimbatore,Tamil Nadu,Salaried,Premium,2021-08-02
C00715,Customer 00715,66,Female,Jaipur,Rajasthan,Retired,Mass,2020-10-11
C00716,Customer 00716,50,Male,Hyderabad,Telangana,Business,Affluent,2018-05-01
C00717,Customer 00717,68,Male,Mumbai,Maharashtra,Salaried,Affluent,2019-05-02
C00718,Customer 00718,21,Female,Visakhapatnam,Andhra Pradesh,Salaried,Mass,2023-08-13
C00719,Customer 00719,32,Female,Warangal,Telangana,Student,Affluent,2021-06-02
C00720,Customer 00720,38,Male,Warangal,Telangana,Retired,Mass,2018-05-05
C00721,Customer 00721,46,Male,Visakhapatnam,Andhra Pradesh,Salaried,Affluent,2024-11-16
C00722,Customer 00722,62,Male,Mumbai,Maharashtra,Student,Mass Affluent,2024-06-18
C00723,Customer 00723,58,Female,Mumbai,Maharashtra,Business,Mass Affluent,2018-06-16
C00724,Customer 00724,25,Male,Pune,Maharashtra,Salaried,Affluent,2025-05-03
C00725,Customer 00725,60,Female,New Delhi,Delhi,Retired,Premium,2022-10-01
C00726,Customer 00726,50,Female,New Delhi,Delhi,Student,Premium,2024-05-02
C00727,Customer 00727,21,Female,Visakhapatnam,Andhra Pradesh,Business,Mass Affluent,2025-04-21
C00728,Customer 00728,25,Female,Visakhapatnam,Andhra Pradesh,Student,Mass Affluent,2022-12-20
C00729,Customer 00729,24,Female,Ahmedabad,Gujarat,Salaried,Mass Affluent,2020-03-03
C00730,Customer 00730,49,Male,New Delhi,Delhi,Business,Mass Affluent,2024-12-06
C00731,Customer 00731,69,Female,Jaipur,Rajasthan,Self-Employed,Mass,2018-06-26
C00732,Customer 00732,39,Female,Kolkata,West Bengal,Self-Employed,Premium,2020-12-24
C00733,Customer 00733,26,Female,Hyderabad,Telangana,Student,Mass,2018-10-26
C00734,Customer 00734,24,Male,Pune,Maharashtra,Student,Mass Affluent,2021-10-09
C00735,Customer 00735,47,Female,New Delhi,Delhi,Business,Mass Affluent,2019-03-05
C00736,Customer 00736,54,Male,Mumbai,Maharashtra,Retired,Mass,2018-03-06
C00737,Customer 00737,22,Male,Pune,Maharashtra,Salaried,Mass,2020-04-17
C00738,Customer 00738,40,Female,Noida,Uttar Pradesh,Retired,Mass,2019-08-08
C00739,Customer 00739,60,Male,Mumbai,Maharashtra,Student,Affluent,2019-08-25
C00740,Customer 00740,65,Male,Vijayawada,Andhra Pradesh,Self-Employed,Mass,2025-06-07
C00741,Customer 00741,28,Female,Chennai,Tamil Nadu,Self-Employed,Mass Affluent,2025-06-20
C00742,Customer 00742,51,Male,Noida,Uttar Pradesh,Self-Employed,Mass,2022-05-24
C00743,Customer 00743,34,Male,Bengaluru,Karnataka,Retired,Mass,2018-09-29
C00744,Customer 00744,53,Female,Kolkata,West Bengal,Student,Mass,2020-08-26
C00745,Customer 00745,53,Male,Mumbai,Maharashtra,Self-Employed,Mass,2023-03-16
C00746,Customer 00746,51,Male,Visakhapatnam,Andhra Pradesh,Self-Employed,Affluent,2020-12-20
C00747,Customer 00747,49,Male,Surat,Gujarat,Salaried,Affluent,2018-12-31
C00748,Customer 00748,29,Female,Visakhapatnam,Andhra Pradesh,Business,Affluent,2023-05-06
C00749,Customer 00749,35,Male,Chennai,Tamil Nadu,Salaried,Affluent,2024-05-27
C00750,Customer 00750,56,Female,Mumbai,Maharashtra,Student,Mass,2018-03-11
C00751,Customer 00751,27,Female,Mysuru,Karnataka,Retired,Mass Affluent,2022-02-21
C00752,Customer 00752,27,Male,Jodhpur,Rajasthan,Business,Mass Affluent,2024-05-27
C00753,Customer 00753,57,Male,Vijayawada,Andhra Pradesh,Business,Mass,2020-03-22
C00754,Customer 00754,39,Female,Pune,Maharashtra,Student,Mass Affluent,2018-03-04
C00755,Customer 00755,48,Female,Vijayawada,Andhra Pradesh,Student,Mass,2022-12-06
C00756,Customer 00756,59,Female,New Delhi,Delhi,Business,Affluent,2018-08-25
C00757,Customer 00757,23,Female,Kolkata,West Bengal,Self-Employed,Mass Affluent,2019-08-06
C00758,Customer 00758,51,Female,Kolkata,West Bengal,Self-Employed,Mass Affluent,2020-05-06
C00759,Customer 00759,30,Male,Jaipur,Rajasthan,Retired,Mass,2020-07-30
C00760,Customer 00760,41,Female,Chennai,Tamil Nadu,Student,Premium,2020-07-06
C00761,Customer 00761,21,Female,Jodhpur,Rajasthan,Retired,Affluent,2021-11-01
C00762,Customer 00762,32,Male,Surat,Gujarat,Salaried,Premium,2022-03-29
C00763,Customer 00763,60,Female,Vijayawada,Andhra Pradesh,Student,Mass,2023-06-05
C00764,Customer 00764,42,Female,Noida,Uttar Pradesh,Salaried,Mass,2023-08-14
C00765,Customer 00765,30,Female,New Delhi,Delhi,Self-Employed,Mass,2021-12-15
C00766,Customer 00766,66,Female,Kolkata,West Bengal,Student,Mass Affluent,2022-01-16
C00767,Customer 00767,23,Male,Pune,Maharashtra,Student,Mass,2024-06-05
C00768,Customer 00768,66,Female,Warangal,Telangana,Business,Mass,2019-10-16
C00769,Customer 00769,65,Male,New Delhi,Delhi,Self-Employed,Mass Affluent,2019-08-14
C00770,Customer 00770,51,Female,Visakhapatnam,Andhra Pradesh,Salaried,Mass,2021-01-04
C00771,Customer 00771,47,Male,Ahmedabad,Gujarat,Salaried,Mass,2019-01-30
C00772,Customer 00772,32,Female,New Delhi,Delhi,Self-Employed,Premium,2019-03-18
C00773,Customer 00773,59,Male,Mysuru,Karnataka,Retired,Premium,2018-03-14
C00774,Customer 00774,70,Female,Ahmedabad,Gujarat,Retired,Premium,2025-05-28
C00775,Customer 00775,26,Male,Warangal,Telangana,Business,Premium,2019-01-09
C00776,Customer 00776,55,Female,Jaipur,Rajasthan,Student,Premium,2025-02-11
C00777,Customer 00777,54,Male,Jaipur,Rajasthan,Business,Mass Affluent,2024-10-07
C00778,Customer 00778,50,Female,Hyderabad,Telangana,Business,Mass,2021-11-22
C00779,Customer 00779,27,Female,New Delhi,Delhi,Business,Mass Affluent,2022-07-21
C00780,Customer 00780,30,Female,Ahmedabad,Gujarat,Student,Mass,2018-03-06
C00781,Customer 00781,25,Female,Jodhpur,Rajasthan,Business,Mass Affluent,2021-04-20
C00782,Customer 00782,29,Female,Bengaluru,Karnataka,Student,Premium,2019-10-09
C00783,Customer 00783,57,Male,New Delhi,Delhi,Self-Employed,Premium,2022-12-07
C00784,Customer 00784,59,Female,Lucknow,Uttar Pradesh,Salaried,Affluent,2018-02-14
C00785,Customer 00785,31,Female,Hyderabad,Telangana,Retired,Mass,2022-07-04
C00786,Customer 00786,24,Male,Surat,Gujarat,Business,Mass,2025-03-01
C00787,Customer 00787,69,Male,Mysuru,Karnataka,Business,Mass,2021-08-31
C00788,Customer 00788,57,Male,New Delhi,Delhi,Retired,Mass,2022-08-17
C00789,Customer 00789,49,Female,Ahmedabad,Gujarat,Student,Mass,2021-09-25
C00790,Customer 00790,55,Male,Ahmedabad,Gujarat,Retired,Premium,2023-11-12
C00791,Customer 00791,25,Male,Lucknow,Uttar Pradesh,Self-Employed,Affluent,2025-04-17
C00792,Customer 00792,69,Female,New Delhi,Delhi,Salaried,Affluent,2020-04-10
C00793,Customer 00793,67,Male,Ahmedabad,Gujarat,Student,Mass,2018-01-03
C00794,Customer 00794,22,Female,Visakhapatnam,Andhra Pradesh,Salaried,Mass,2018-07-03
C00795,Customer 00795,53,Male,Jaipur,Rajasthan,Retired,Mass,2025-01-19
C00796,Customer 00796,30,Female,Jodhpur,Rajasthan,Salaried,Mass,2022-11-14
C00797,Customer 00797,25,Female,Chennai,Tamil Nadu,Retired,Mass,2025-02-13
C00798,Customer 00798,62,Female,New Delhi,Delhi,Business,Mass,2022-06-21
C00799,Customer 00799,54,Female,Mysuru,Karnataka,Retired,Mass,2020-06-01
C00800,Customer 00800,40,Male,Noida,Uttar Pradesh,Business,Affluent,2025-01-18
C00801,Customer 00801,65,Female,Mysuru,Karnataka,Salaried,Mass,2020-07-08
C00802,Customer 00802,22,Female,Chennai,Tamil Nadu,Business,Premium,2021-01-07
C00803,Customer 00803,60,Male,Ahmedabad,Gujarat,Self-Employed,Premium,2019-05-05
C00804,Customer 00804,59,Female,Kolkata,West Bengal,Retired,Mass,2021-07-05
C00805,Customer 00805,28,Female,Visakhapatnam,Andhra Pradesh,Salaried,Mass,2024-08-01
C00806,Customer 00806,68,Female,Kolkata,West Bengal,Retired,Premium,2023-09-03
C00807,Customer 00807,48,Male,Mumbai,Maharashtra,Business,Premium,2018-07-09
C00808,Customer 00808,64,Female,Lucknow,Uttar Pradesh,Salaried,Affluent,2025-08-25
C00809,Customer 00809,42,Male,Lucknow,Uttar Pradesh,Student,Mass Affluent,2019-11-18
C00810,Customer 00810,50,Male,Kolkata,West Bengal,Student,Premium,2019-10-06
C00811,Customer 00811,45,Female,Jaipur,Rajasthan,Self-Employed,Affluent,2022-07-28
C00812,Customer 00812,70,Female,Surat,Gujarat,Business,Affluent,2021-01-25
C00813,Customer 00813,48,Female,Visakhapatnam,Andhra Pradesh,Retired,Mass,2018-11-15
C00814,Customer 00814,68,Female,New Delhi,Delhi,Student,Mass,2023-11-03
C00815,Customer 00815,61,Male,Hyderabad,Telangana,Retired,Premium,2024-12-16
C00816,Customer 00816,34,Male,Chennai,Tamil Nadu,Student,Mass Affluent,2018-08-08
C00817,Customer 00817,27,Male,New Delhi,Delhi,Student,Mass Affluent,2023-09-16
C00818,Customer 00818,24,Female,Pune,Maharashtra,Retired,Mass,2023-02-23
C00819,Customer 00819,38,Male,Mysuru,Karnataka,Retired,Affluent,2023-03-08
C00820,Customer 00820,55,Male,Warangal,Telangana,Business,Affluent,2018-02-20
C00821,Customer 00821,29,Female,Surat,Gujarat,Self-Employed,Affluent,2024-12-26
C00822,Customer 00822,43,Male,Jodhpur,Rajasthan,Business,Premium,2019-05-30
C00823,Customer 00823,35,Female,Visakhapatnam,Andhra Pradesh,Salaried,Premium,2023-09-01
C00824,Customer 00824,30,Male,Vijayawada,Andhra Pradesh,Business,Mass,2021-11-12
C00825,Customer 00825,38,Female,Mumbai,Maharashtra,Business,Premium,2024-09-11
C00826,Customer 00826,70,Male,Mumbai,Maharashtra,Self-Employed,Mass,2024-04-30
C00827,Customer 00827,44,Female,Warangal,Telangana,Salaried,Affluent,2022-05-09
C00828,Customer 00828,41,Female,Noida,Uttar Pradesh,Business,Affluent,2022-03-30
C00829,Customer 00829,70,Male,Lucknow,Uttar Pradesh,Self-Employed,Premium,2019-12-15
C00830,Customer 00830,65,Male,Chennai,Tamil Nadu,Business,Mass Affluent,2022-10-25
C00831,Customer 00831,50,Male,Warangal,Telangana,Salaried,Mass,2020-02-01
C00832,Customer 00832,51,Male,Chennai,Tamil Nadu,Self-Employed,Premium,2020-06-20
C00833,Customer 00833,58,Female,New Delhi,Delhi,Business,Premium,2022-03-20
C00834,Customer 00834,23,Female,Lucknow,Uttar Pradesh,Salaried,Mass Affluent,2023-11-22
C00835,Customer 00835,47,Female,Noida,Uttar Pradesh,Student,Mass,2021-02-03
C00836,Customer 00836,43,Male,Mumbai,Maharashtra,Salaried,Affluent,2019-01-28
C00837,Customer 00837,23,Female,Pune,Maharashtra,Business,Mass Affluent,2022-06-04
C00838,Customer 00838,31,Male,Warangal,Telangana,Retired,Affluent,2024-08-03
C00839,Customer 00839,31,Male,Kolkata,West Bengal,Salaried,Affluent,2019-11-03
C00840,Customer 00840,29,Male,Noida,Uttar Pradesh,Student,Affluent,2023-12-27
C00841,Customer 00841,35,Male,Coimbatore,Tamil Nadu,Self-Employed,Mass,2020-12-20
C00842,Customer 00842,37,Female,Hyderabad,Telangana,Business,Mass Affluent,2024-03-26
C00843,Customer 00843,63,Male,Jodhpur,Rajasthan,Business,Mass,2022-12-11
C00844,Customer 00844,57,Female,Lucknow,Uttar Pradesh,Retired,Affluent,2019-10-20
C00845,Customer 00845,24,Male,Coimbatore,Tamil Nadu,Self-Employed,Mass Affluent,2020-09-27
C00846,Customer 00846,56,Female,New Delhi,Delhi,Business,Mass,2024-01-03
C00847,Customer 00847,29,Female,Hyderabad,Telangana,Retired,Affluent,2018-06-01
C00848,Customer 00848,42,Female,Hyderabad,Telangana,Self-Employed,Affluent,2025-08-26
C00849,Customer 00849,50,Female,Kolkata,West Bengal,Self-Employed,Mass,2021-05-25
C00850,Customer 00850,27,Male,Vijayawada,Andhra Pradesh,Student,Affluent,2019-03-26
C00851,Customer 00851,24,Male,Ahmedabad,Gujarat,Student,Affluent,2025-02-17
C00852,Customer 00852,31,Female,Noida,Uttar Pradesh,Self-Employed,Premium,2019-06-27
C00853,Customer 00853,38,Female,Lucknow,Uttar Pradesh,Business,Mass Affluent,2024-11-11
C00854,Customer 00854,43,Female,Ahmedabad,Gujarat,Retired,Mass,2024-11-08
C00855,Customer 00855,56,Female,New Delhi,Delhi,Business,Affluent,2020-01-19
C00856,Customer 00856,48,Male,Pune,Maharashtra,Retired,Mass Affluent,2025-04-10
C00857,Customer 00857,64,Male,Kolkata,West Bengal,Student,Mass,2024-11-01
C00858,Customer 00858,55,Female,Visakhapatnam,Andhra Pradesh,Self-Employed,Mass,2021-10-08
C00859,Customer 00859,59,Male,Kolkata,West Bengal,Self-Employed,Mass Affluent,2021-04-25
C00860,Customer 00860,42,Male,New Delhi,Delhi,Self-Employed,Mass,2018-09-21
C00861,Customer 00861,39,Female,Surat,Gujarat,Retired,Mass,2021-06-07
C00862,Customer 00862,58,Male,Surat,Gujarat,Student,Mass,2018-05-26
C00863,Customer 00863,48,Male,Coimbatore,Tamil Nadu,Self-Employed,Mass,2025-04-22
C00864,Customer 00864,22,Male,Chennai,Tamil Nadu,Business,Mass Affluent,2018-12-11
C00865,Customer 00865,67,Male,Chennai,Tamil Nadu,Self-Employed,Premium,2021-05-20
C00866,Customer 00866,40,Female,Jaipur,Rajasthan,Student,Mass,2021-03-22
C00867,Customer 00867,31,Female,New Delhi,Delhi,Self-Employed,Mass,2024-12-21
C00868,Customer 00868,22,Male,Chennai,Tamil Nadu,Salaried,Mass,2019-10-15
C00869,Customer 00869,65,Male,Visakhapatnam,Andhra Pradesh,Business,Mass,2024-05-20
C00870,Customer 00870,45,Female,Lucknow,Uttar Pradesh,Business,Premium,2019-06-05
C00871,Customer 00871,41,Female,Bengaluru,Karnataka,Business,Mass,2024-08-29
C00872,Customer 00872,69,Male,Surat,Gujarat,Student,Mass Affluent,2023-07-11
C00873,Customer 00873,65,Female,Noida,Uttar Pradesh,Business,Mass,2018-05-23
C00874,Customer 00874,69,Female,Chennai,Tamil Nadu,Retired,Affluent,2018-09-20
C00875,Customer 00875,33,Male,Vijayawada,Andhra Pradesh,Student,Premium,2019-04-01
C00876,Customer 00876,39,Female,Jaipur,Rajasthan,Student,Mass,2021-05-04
C00877,Customer 00877,40,Male,Kolkata,West Bengal,Self-Employed,Mass,2018-08-21
C00878,Customer 00878,56,Female,New Delhi,Delhi,Self-Employed,Mass Affluent,2022-08-09
C00879,Customer 00879,69,Female,Hyderabad,Telangana,Salaried,Premium,2023-08-06
C00880,Customer 00880,47,Male,Coimbatore,Tamil Nadu,Business,Affluent,2018-11-21
C00881,Customer 00881,23,Female,Mysuru,Karnataka,Student,Affluent,2018-02-14
C00882,Customer 00882,38,Female,Surat,Gujarat,Business,Mass Affluent,2019-04-02
C00883,Customer 00883,27,Female,Visakhapatnam,Andhra Pradesh,Salaried,Affluent,2021-01-30
C00884,Customer 00884,30,Female,Surat,Gujarat,Business,Affluent,2020-04-10
C00885,Customer 00885,59,Female,Jaipur,Rajasthan,Business,Mass,2024-05-22
C00886,Customer 00886,28,Female,New Delhi,Delhi,Self-Employed,Affluent,2021-01-06
C00887,Customer 00887,46,Male,Pune,Maharashtra,Student,Mass,2021-10-14
C00888,Customer 00888,60,Male,Kolkata,West Bengal,Business,Premium,2024-02-28
C00889,Customer 00889,24,Male,Jaipur,Rajasthan,Salaried,Premium,2020-05-09
C00890,Customer 00890,67,Female,New Delhi,Delhi,Student,Premium,2018-12-16
C00891,Customer 00891,59,Female,Coimbatore,Tamil Nadu,Business,Mass,2019-11-19
C00892,Customer 00892,47,Female,Mysuru,Karnataka,Student,Premium,2023-08-16
C00893,Customer 00893,53,Female,Mysuru,Karnataka,Salaried,Mass,2024-07-04
C00894,Customer 00894,35,Male,Mysuru,Karnataka,Self-Employed,Premium,2024-06-17
C00895,Customer 00895,34,Male,Mysuru,Karnataka,Salaried,Mass,2024-07-07
C00896,Customer 00896,29,Male,Kolkata,West Bengal,Salaried,Mass Affluent,2025-03-24
C00897,Customer 00897,34,Female,Warangal,Telangana,Self-Employed,Mass,2022-04-11
C00898,Customer 00898,43,Male,Noida,Uttar Pradesh,Student,Mass Affluent,2023-08-16
C00899,Customer 00899,63,Female,Pune,Maharashtra,Self-Employed,Mass,2023-10-18
C00900,Customer 00900,24,Female,Lucknow,Uttar Pradesh,Business,Affluent,2020-05-07
C00901,Customer 00901,29,Male,Kolkata,West Bengal,Retired,Mass,2019-09-24
C00902,Customer 00902,22,Female,Coimbatore,Tamil Nadu,Retired,Affluent,2021-06-14
C00903,Customer 00903,40,Female,New Delhi,Delhi,Self-Employed,Mass,2019-04-20
C00904,Customer 00904,67,Male,Jaipur,Rajasthan,Retired,Mass Affluent,2019-08-07
C00905,Customer 00905,44,Male,Ahmedabad,Gujarat,Retired,Premium,2025-07-03
C00906,Customer 00906,65,Female,Ahmedabad,Gujarat,Salaried,Mass,2021-11-20
C00907,Customer 00907,48,Female,Ahmedabad,Gujarat,Salaried,Mass Affluent,2021-12-30
C00908,Customer 00908,65,Female,Pune,Maharashtra,Salaried,Mass Affluent,2018-03-31
C00909,Customer 00909,49,Female,Visakhapatnam,Andhra Pradesh,Self-Employed,Premium,2019-02-21
C00910,Customer 00910,64,Female,Mumbai,Maharashtra,Retired,Premium,2020-02-22
C00911,Customer 00911,39,Male,Lucknow,Uttar Pradesh,Student,Affluent,2023-05-23
C00912,Customer 00912,48,Male,Warangal,Telangana,Business,Affluent,2022-03-10
C00913,Customer 00913,21,Male,Vijayawada,Andhra Pradesh,Business,Affluent,2022-05-31
C00914,Customer 00914,62,Female,Ahmedabad,Gujarat,Student,Mass Affluent,2020-04-22
C00915,Customer 00915,31,Female,Mysuru,Karnataka,Self-Employed,Premium,2022-07-06
C00916,Customer 00916,43,Male,Kolkata,West Bengal,Student,Affluent,2019-04-11
C00917,Customer 00917,58,Female,New Delhi,Delhi,Self-Employed,Mass,2024-04-07
C00918,Customer 00918,43,Female,Chennai,Tamil Nadu,Student,Affluent,2024-08-27
C00919,Customer 00919,51,Female,New Delhi,Delhi,Retired,Mass Affluent,2021-06-01
C00920,Customer 00920,49,Male,Jodhpur,Rajasthan,Salaried,Affluent,2021-07-10
C00921,Customer 00921,42,Male,Pune,Maharashtra,Student,Premium,2019-10-18
C00922,Customer 00922,51,Female,New Delhi,Delhi,Student,Premium,2019-02-22
C00923,Customer 00923,61,Male,Noida,Uttar Pradesh,Retired,Mass Affluent,2019-10-09
C00924,Customer 00924,54,Female,Coimbatore,Tamil Nadu,Student,Mass,2021-09-01
C00925,Customer 00925,28,Male,Vijayawada,Andhra Pradesh,Student,Mass,2025-04-23
C00926,Customer 00926,28,Female,Visakhapatnam,Andhra Pradesh,Student,Mass Affluent,2020-08-12
C00927,Customer 00927,60,Female,Vijayawada,Andhra Pradesh,Self-Employed,Mass,2019-04-15
C00928,Customer 00928,25,Male,Lucknow,Uttar Pradesh,Business,Premium,2020-05-08
C00929,Customer 00929,57,Male,New Delhi,Delhi,Business,Premium,2018-05-12
C00930,Customer 00930,51,Male,Jodhpur,Rajasthan,Self-Employed,Mass,2021-11-18
C00931,Customer 00931,24,Female,Ahmedabad,Gujarat,Salaried,Mass,2021-05-04
C00932,Customer 00932,36,Female,Warangal,Telangana,Business,Mass,2024-11-26
C00933,Customer 00933,33,Female,Chennai,Tamil Nadu,Student,Mass,2021-01-10
C00934,Customer 00934,62,Female,Kolkata,West Bengal,Student,Affluent,2023-02-16
C00935,Customer 00935,67,Male,Pune,Maharashtra,Student,Mass,2020-11-23
C00936,Customer 00936,36,Male,Pune,Maharashtra,Salaried,Mass,2020-01-20
C00937,Customer 00937,51,Female,Kolkata,West Bengal,Retired,Mass,2024-07-17
C00938,Customer 00938,68,Female,Surat,Gujarat,Self-Employed,Mass,2021-06-19
C00939,Customer 00939,65,Female,Mysuru,Karnataka,Retired,Mass Affluent,2021-05-09
C00940,Customer 00940,26,Male,Jaipur,Rajasthan,Student,Mass,2024-12-23
C00941,Customer 00941,40,Female,Pune,Maharashtra,Student,Affluent,2018-07-20
C00942,Customer 00942,32,Male,Bengaluru,Karnataka,Student,Mass,2018-09-20
C00943,Customer 00943,51,Male,Pune,Maharashtra,Student,Affluent,2018-03-04
C00944,Customer 00944,49,Female,Lucknow,Uttar Pradesh,Salaried,Mass,2023-03-28
C00945,Customer 00945,54,Female,Lucknow,Uttar Pradesh,Salaried,Mass,2024-12-20
C00946,Customer 00946,37,Female,Hyderabad,Telangana,Business,Premium,2023-12-07
C00947,Customer 00947,38,Female,Visakhapatnam,Andhra Pradesh,Salaried,Affluent,2025-08-25
C00948,Customer 00948,28,Male,Warangal,Telangana,Self-Employed,Premium,2020-11-24
C00949,Customer 00949,23,Male,New Delhi,Delhi,Business,Mass,2022-02-26
C00950,Customer 00950,35,Male,Mumbai,Maharashtra,Self-Employed,Premium,2022-10-09
C00951,Customer 00951,60,Male,Jodhpur,Rajasthan,Salaried,Mass Affluent,2018-06-18
C00952,Customer 00952,62,Male,Ahmedabad,Gujarat,Student,Premium,2019-06-23
C00953,Customer 00953,69,Female,New Delhi,Delhi,Business,Affluent,2019-05-17
C00954,Customer 00954,38,Male,Surat,Gujarat,Retired,Premium,2021-10-12
C00955,Customer 00955,24,Female,Kolkata,West Bengal,Business,Mass,2024-06-17
C00956,Customer 00956,61,Male,Vijayawada,Andhra Pradesh,Business,Affluent,2024-10-15
C00957,Customer 00957,51,Male,Hyderabad,Telangana,Self-Employed,Affluent,2022-09-23
C00958,Customer 00958,32,Female,Surat,Gujarat,Retired,Affluent,2024-04-19
C00959,Customer 00959,57,Male,Jodhpur,Rajasthan,Business,Mass,2019-08-15
C00960,Customer 00960,37,Male,Vijayawada,Andhra Pradesh,Salaried,Mass,2024-04-22
C00961,Customer 00961,53,Male,Ahmedabad,Gujarat,Retired,Mass Affluent,2022-07-02
C00962,Customer 00962,25,Female,New Delhi,Delhi,Retired,Premium,2025-01-24
C00963,Customer 00963,44,Female,Visakhapatnam,Andhra Pradesh,Salaried,Mass,2018-07-19
C00964,Customer 00964,28,Female,Pune,Maharashtra,Salaried,Affluent,2020-08-04
C00965,Customer 00965,28,Male,Hyderabad,Telangana,Self-Employed,Mass,2021-02-20
C00966,Customer 00966,60,Female,Chennai,Tamil Nadu,Student,Mass,2024-05-12
C00967,Customer 00967,35,Male,Kolkata,West Bengal,Self-Employed,Premium,2024-11-25
C00968,Customer 00968,28,Female,Ahmedabad,Gujarat,Business,Mass,2025-07-08
C00969,Customer 00969,61,Female,Visakhapatnam,Andhra Pradesh,Business,Mass Affluent,2018-05-16
C00970,Customer 00970,66,Female,Noida,Uttar Pradesh,Student,Mass,2020-03-27
C00971,Customer 00971,24,Female,Coimbatore,Tamil Nadu,Retired,Mass,2024-04-24
C00972,Customer 00972,26,Female,Jaipur,Rajasthan,Salaried,Mass,2024-03-17
C00973,Customer 00973,65,Male,Chennai,Tamil Nadu,Salaried,Mass Affluent,2022-07-08
C00974,Customer 00974,60,Male,Warangal,Telangana,Retired,Affluent,2021-05-11
C00975,Customer 00975,65,Female,Noida,Uttar Pradesh,Business,Affluent,2025-01-14
C00976,Customer 00976,66,Male,Pune,Maharashtra,Student,Premium,2018-02-27
C00977,Customer 00977,26,Male,Noida,Uttar Pradesh,Salaried,Affluent,2019-03-11
C00978,Customer 00978,36,Female,Mysuru,Karnataka,Salaried,Mass Affluent,2022-04-25
C00979,Customer 00979,50,Female,Vijayawada,Andhra Pradesh,Salaried,Premium,2023-05-26
C00980,Customer 00980,31,Female,Jodhpur,Rajasthan,Student,Mass Affluent,2019-12-24
C00981,Customer 00981,23,Female,Chennai,Tamil Nadu,Student,Affluent,2019-10-29
C00982,Customer 00982,41,Female,Chennai,Tamil Nadu,Business,Affluent,2019-12-20
C00983,Customer 00983,45,Male,Lucknow,Uttar Pradesh,Business,Mass,2019-12-07
C00984,Customer 00984,42,Female,Kolkata,West Bengal,Retired,Mass Affluent,2022-12-06
C00985,Customer 00985,36,Female,Surat,Gujarat,Business,Affluent,2023-07-29
C00986,Customer 00986,69,Male,Hyderabad,Telangana,Salaried,Mass,2018-01-02
C00987,Customer 00987,57,Female,Bengaluru,Karnataka,Retired,Mass,2019-08-25
C00988,Customer 00988,49,Female,New Delhi,Delhi,Retired,Mass Affluent,2021-03-05
C00989,Customer 00989,59,Female,Mumbai,Maharashtra,Student,Affluent,2022-04-30
C00990,Customer 00990,52,Female,Mysuru,Karnataka,Student,Mass Affluent,2020-01-27
C00991,Customer 00991,24,Female,New Delhi,Delhi,Retired,Mass Affluent,2024-11-16
C00992,Customer 00992,29,Male,Kolkata,West Bengal,Student,Mass,2020-09-14
C00993,Customer 00993,51,Female,Mumbai,Maharashtra,Retired,Mass,2022-02-19
C00994,Customer 00994,42,Male,Mysuru,Karnataka,Self-Employed,Affluent,2020-09-24
C00995,Customer 00995,23,Male,Lucknow,Uttar Pradesh,Salaried,Mass,2019-09-02
C00996,Customer 00996,29,Female,Mysuru,Karnataka,Retired,Mass,2025-03-23
C00997,Customer 00997,48,Male,Warangal,Telangana,Business,Premium,2019-07-21
C00998,Customer 00998,52,Female,Bengaluru,Karnataka,Salaried,Mass Affluent,2025-01-03
C00999,Customer 00999,47,Male,Vijayawada,Andhra Pradesh,Retired,Mass Affluent,2022-02-25
C01000,Customer 01000,58,Female,Kolkata,West Bengal,Salaried,Mass,2020-10-10
C01001,Customer 01001,24,Female,Bengaluru,Karnataka,Self-Employed,Mass,2022-01-27
C01002,Customer 01002,53,Male,Noida,Uttar Pradesh,Self-Employed,Premium,2024-10-08
C01003,Customer 01003,38,Female,Noida,Uttar Pradesh,Student,Affluent,2021-07-10
C01004,Customer 01004,35,Female,Hyderabad,Telangana,Retired,Affluent,2025-03-17
C01005,Customer 01005,56,Female,Mumbai,Maharashtra,Business,Mass,2022-05-21
C01006,Customer 01006,66,Male,Ahmedabad,Gujarat,Self-Employed,Mass Affluent,2022-09-01
C01007,Customer 01007,40,Male,Chennai,Tamil Nadu,Retired,Mass,2022-01-25
C01008,Customer 01008,29,Male,Surat,Gujarat,Retired,Affluent,2022-12-05
C01009,Customer 01009,40,Female,Vijayawada,Andhra Pradesh,Student,Mass,2024-05-11
C01010,Customer 01010,39,Male,Visakhapatnam,Andhra Pradesh,Retired,Premium,2023-08-03
C01011,Customer 01011,28,Male,Kolkata,West Bengal,Retired,Mass Affluent,2018-02-24
C01012,Customer 01012,54,Male,Hyderabad,Telangana,Retired,Premium,2019-06-29
C01013,Customer 01013,30,Male,Bengaluru,Karnataka,Salaried,Affluent,2022-04-20
C01014,Customer 01014,37,Male,Hyderabad,Telangana,Business,Premium,2018-01-07
C01015,Customer 01015,51,Male,Ahmedabad,Gujarat,Business,Premium,2020-12-06
C01016,Customer 01016,69,Female,New Delhi,Delhi,Business,Affluent,2022-03-14
C01017,Customer 01017,44,Female,Kolkata,West Bengal,Retired,Affluent,2020-08-03
C01018,Customer 01018,51,Male,New Delhi,Delhi,Student,Mass,2018-01-29
C01019,Customer 01019,52,Male,Chennai,Tamil Nadu,Business,Mass,2023-07-27
C01020,Customer 01020,68,Male,Kolkata,West Bengal,Business,Mass,2021-08-31
C01021,Customer 01021,31,Male,Jaipur,Rajasthan,Self-Employed,Mass,2025-07-31
C01022,Customer 01022,43,Female,Pune,Maharashtra,Salaried,Mass,2021-04-24
C01023,Customer 01023,63,Male,New Delhi,Delhi,Self-Employed,Affluent,2021-03-07
C01024,Customer 01024,44,Female,Vijayawada,Andhra Pradesh,Retired,Premium,2024-02-26
C01025,Customer 01025,48,Female,Surat,Gujarat,Self-Employed,Affluent,2019-12-30
C01026,Customer 01026,41,Male,Pune,Maharashtra,Student,Premium,2024-10-19
C01027,Customer 01027,49,Female,Chennai,Tamil Nadu,Retired,Mass,2022-12-15
C01028,Customer 01028,43,Female,Vijayawada,Andhra Pradesh,Student,Mass,2021-08-13
C01029,Customer 01029,64,Female,Bengaluru,Karnataka,Retired,Affluent,2025-07-08
C01030,Customer 01030,66,Female,Coimbatore,Tamil Nadu,Self-Employed,Mass,2025-01-22
C01031,Customer 01031,49,Female,New Delhi,Delhi,Self-Employed,Mass,2018-01-12
C01032,Customer 01032,40,Male,Jodhpur,Rajasthan,Business,Mass Affluent,2018-09-16
C01033,Customer 01033,44,Male,Pune,Maharashtra,Retired,Mass,2020-06-26
C01034,Customer 01034,43,Female,Surat,Gujarat,Self-Employed,Premium,2020-05-26
C01035,Customer 01035,37,Male,Jodhpur,Rajasthan,Business,Mass Affluent,2021-04-28
C01036,Customer 01036,38,Female,Lucknow,Uttar Pradesh,Business,Mass,2021-04-05
C01037,Customer 01037,37,Male,Coimbatore,Tamil Nadu,Self-Employed,Affluent,2023-02-28
C01038,Customer 01038,68,Male,Kolkata,West Bengal,Student,Affluent,2023-05-21
C01039,Customer 01039,44,Male,Vijayawada,Andhra Pradesh,Salaried,Affluent,2021-10-23
C01040,Customer 01040,57,Female,Kolkata,West Bengal,Retired,Premium,2022-06-07
C01041,Customer 01041,65,Female,Kolkata,West Bengal,Salaried,Mass Affluent,2020-02-24
C01042,Customer 01042,46,Female,Jaipur,Rajasthan,Retired,Affluent,2024-04-05
C01043,Customer 01043,42,Male,Kolkata,West Bengal,Business,Mass Affluent,2025-03-20
C01044,Customer 01044,56,Female,Hyderabad,Telangana,Retired,Affluent,2019-09-13
C01045,Customer 01045,45,Male,New Delhi,Delhi,Salaried,Affluent,2021-11-19
C01046,Customer 01046,40,Female,Jaipur,Rajasthan,Self-Employed,Premium,2023-01-08
C01047,Customer 01047,33,Female,Chennai,Tamil Nadu,Student,Mass,2024-09-03
C01048,Customer 01048,44,Male,Kolkata,West Bengal,Salaried,Premium,2023-11-29
C01049,Customer 01049,63,Male,Kolkata,West Bengal,Retired,Affluent,2022-10-04
C01050,Customer 01050,25,Female,Warangal,Telangana,Self-Employed,Mass,2025-07-19
C01051,Customer 01051,50,Female,Kolkata,West Bengal,Self-Employed,Mass,2024-12-27
C01052,Customer 01052,44,Male,Vijayawada,Andhra Pradesh,Business,Mass,2019-04-29
C01053,Customer 01053,29,Female,Mumbai,Maharashtra,Retired,Mass,2019-08-25
C01054,Customer 01054,33,Male,Kolkata,West Bengal,Self-Employed,Mass,2018-01-16
C01055,Customer 01055,24,Male,Noida,Uttar Pradesh,Business,Premium,2022-05-22
C01056,Customer 01056,68,Female,Lucknow,Uttar Pradesh,Self-Employed,Mass Affluent,2019-07-24
C01057,Customer 01057,42,Female,Jodhpur,Rajasthan,Self-Employed,Mass,2018-09-25
C01058,Customer 01058,36,Female,Chennai,Tamil Nadu,Salaried,Affluent,2019-05-05
C01059,Customer 01059,35,Female,Mumbai,Maharashtra,Salaried,Affluent,2024-11-17
C01060,Customer 01060,40,Male,Mysuru,Karnataka,Salaried,Mass,2020-05-28
C01061,Customer 01061,38,Male,Jaipur,Rajasthan,Self-Employed,Mass Affluent,2020-05-29
C01062,Customer 01062,28,Female,New Delhi,Delhi,Salaried,Premium,2020-10-11
C01063,Customer 01063,38,Male,Visakhapatnam,Andhra Pradesh,Student,Mass Affluent,2024-07-19
C01064,Customer 01064,29,Male,Hyderabad,Telangana,Business,Mass Affluent,2023-04-12
C01065,Customer 01065,48,Male,Noida,Uttar Pradesh,Self-Employed,Mass,2022-08-05
C01066,Customer 01066,26,Female,Ahmedabad,Gujarat,Salaried,Mass,2019-01-09
C01067,Customer 01067,35,Male,Surat,Gujarat,Business,Mass,2023-05-11
C01068,Customer 01068,38,Male,Vijayawada,Andhra Pradesh,Salaried,Mass,2018-10-14
C01069,Customer 01069,48,Male,Pune,Maharashtra,Retired,Affluent,2025-05-27
C01070,Customer 01070,21,Male,Kolkata,West Bengal,Retired,Premium,2020-12-15
C01071,Customer 01071,69,Female,Noida,Uttar Pradesh,Retired,Mass,2018-09-07
C01072,Customer 01072,38,Male,Kolkata,West Bengal,Self-Employed,Mass Affluent,2019-08-10
C01073,Customer 01073,59,Male,Coimbatore,Tamil Nadu,Student,Premium,2022-07-14
C01074,Customer 01074,27,Male,New Delhi,Delhi,Student,Mass,2020-06-03
C01075,Customer 01075,40,Female,Surat,Gujarat,Student,Mass,2025-08-12
C01076,Customer 01076,34,Male,Vijayawada,Andhra Pradesh,Self-Employed,Mass,2024-05-26
C01077,Customer 01077,33,Male,Coimbatore,Tamil Nadu,Retired,Mass,2020-04-22
C01078,Customer 01078,30,Male,Ahmedabad,Gujarat,Self-Employed,Premium,2019-02-05
C01079,Customer 01079,31,Male,Coimbatore,Tamil Nadu,Student,Mass,2024-09-11
C01080,Customer 01080,56,Male,Jaipur,Rajasthan,Self-Employed,Premium,2024-07-29
C01081,Customer 01081,40,Female,New Delhi,Delhi,Self-Employed,Premium,2020-10-23
C01082,Customer 01082,52,Male,Hyderabad,Telangana,Retired,Mass,2018-08-21
C01083,Customer 01083,28,Female,New Delhi,Delhi,Self-Employed,Mass,2019-11-30
C01084,Customer 01084,58,Male,New Delhi,Delhi,Self-Employed,Mass,2022-05-17
C01085,Customer 01085,70,Male,Jodhpur,Rajasthan,Salaried,Mass,2025-07-14
C01086,Customer 01086,59,Female,Ahmedabad,Gujarat,Student,Mass,2024-08-20
C01087,Customer 01087,45,Male,Pune,Maharashtra,Salaried,Premium,2023-05-07
C01088,Customer 01088,55,Female,Jodhpur,Rajasthan,Self-Employed,Premium,2024-07-16
C01089,Customer 01089,54,Female,Warangal,Telangana,Business,Mass,2018-11-06
C01090,Customer 01090,56,Female,Noida,Uttar Pradesh,Self-Employed,Mass,2019-06-02
C01091,Customer 01091,41,Female,New Delhi,Delhi,Salaried,Mass Affluent,2019-03-04
C01092,Customer 01092,68,Male,Vijayawada,Andhra Pradesh,Salaried,Premium,2022-09-26
C01093,Customer 01093,30,Male,New Delhi,Delhi,Self-Employed,Affluent,2020-08-26
C01094,Customer 01094,25,Male,Jodhpur,Rajasthan,Salaried,Affluent,2021-09-22
C01095,Customer 01095,50,Female,Mysuru,Karnataka,Business,Mass Affluent,2022-06-23
C01096,Customer 01096,28,Female,Mysuru,Karnataka,Retired,Mass,2023-03-03
C01097,Customer 01097,33,Female,Warangal,Telangana,Retired,Premium,2023-01-15
C01098,Customer 01098,48,Female,New Delhi,Delhi,Business,Affluent,2018-08-02
C01099,Customer 01099,63,Female,Bengaluru,Karnataka,Salaried,Mass,2019-08-20
C01100,Customer 01100,46,Female,New Delhi,Delhi,Salaried,Mass,2023-07-29
C01101,Customer 01101,57,Male,Surat,Gujarat,Retired,Mass,2025-04-26
C01102,Customer 01102,51,Male,New Delhi,Delhi,Salaried,Affluent,2024-08-01
C01103,Customer 01103,44,Female,Surat,Gujarat,Salaried,Mass,2023-10-22
C01104,Customer 01104,24,Male,Vijayawada,Andhra Pradesh,Retired,Affluent,2019-09-12
C01105,Customer 01105,59,Female,Kolkata,West Bengal,Salaried,Mass Affluent,2025-08-26
C01106,Customer 01106,64,Female,Surat,Gujarat,Business,Premium,2022-10-05
C01107,Customer 01107,64,Female,Visakhapatnam,Andhra Pradesh,Business,Mass Affluent,2022-11-29
C01108,Customer 01108,23,Male,New Delhi,Delhi,Salaried,Mass Affluent,2024-01-05
C01109,Customer 01109,40,Male,Mysuru,Karnataka,Self-Employed,Mass,2020-12-07
C01110,Customer 01110,67,Male,Surat,Gujarat,Self-Employed,Affluent,2024-01-31
C01111,Customer 01111,52,Female,Mysuru,Karnataka,Salaried,Affluent,2022-12-08
C01112,Customer 01112,65,Female,Vijayawada,Andhra Pradesh,Student,Mass,2020-02-27
C01113,Customer 01113,21,Male,Hyderabad,Telangana,Business,Affluent,2021-12-28
C01114,Customer 01114,39,Female,Jaipur,Rajasthan,Retired,Affluent,2024-05-21
C01115,Customer 01115,42,Male,Jodhpur,Rajasthan,Salaried,Mass Affluent,2018-05-24
C01116,Customer 01116,65,Female,Surat,Gujarat,Retired,Mass Affluent,2021-04-26
C01117,Customer 01117,62,Male,Bengaluru,Karnataka,Retired,Affluent,2022-10-17
C01118,Customer 01118,23,Female,Jaipur,Rajasthan,Retired,Affluent,2023-09-27
C01119,Customer 01119,46,Male,Noida,Uttar Pradesh,Salaried,Mass,2018-05-16
C01120,Customer 01120,33,Male,Kolkata,West Bengal,Self-Employed,Mass,2023-01-20
C01121,Customer 01121,59,Female,Noida,Uttar Pradesh,Student,Affluent,2025-06-26
C01122,Customer 01122,49,Female,Chennai,Tamil Nadu,Retired,Affluent,2025-08-27
C01123,Customer 01123,31,Male,New Delhi,Delhi,Retired,Mass Affluent,2019-08-22
C01124,Customer 01124,22,Male,Jodhpur,Rajasthan,Salaried,Mass,2022-08-05
C01125,Customer 01125,55,Male,Ahmedabad,Gujarat,Student,Mass,2024-12-07
C01126,Customer 01126,70,Male,Warangal,Telangana,Business,Mass Affluent,2020-03-05
C01127,Customer 01127,66,Female,Visakhapatnam,Andhra Pradesh,Student,Mass,2023-07-26
C01128,Customer 01128,63,Male,Mumbai,Maharashtra,Self-Employed,Mass,2025-06-14
C01129,Customer 01129,53,Male,Surat,Gujarat,Self-Employed,Mass,2018-05-29
C01130,Customer 01130,36,Female,Warangal,Telangana,Self-Employed,Mass,2021-01-06
C01131,Customer 01131,35,Female,Mumbai,Maharashtra,Retired,Mass,2024-10-05
C01132,Customer 01132,66,Female,Pune,Maharashtra,Business,Mass,2019-03-28
C01133,Customer 01133,45,Female,Chennai,Tamil Nadu,Salaried,Mass Affluent,2024-08-27
C01134,Customer 01134,55,Female,New Delhi,Delhi,Student,Mass,2024-02-20
C01135,Customer 01135,39,Male,Warangal,Telangana,Student,Mass,2023-03-18
C01136,Customer 01136,41,Female,Visakhapatnam,Andhra Pradesh,Salaried,Mass,2020-05-06
C01137,Customer 01137,39,Male,Coimbatore,Tamil Nadu,Business,Premium,2022-10-19
C01138,Customer 01138,43,Female,Ahmedabad,Gujarat,Self-Employed,Mass,2018-06-12
C01139,Customer 01139,29,Male,Mumbai,Maharashtra,Salaried,Mass Affluent,2019-04-30
C01140,Customer 01140,21,Female,Kolkata,West Bengal,Self-Employed,Mass,2024-07-20
C01141,Customer 01141,24,Male,Chennai,Tamil Nadu,Student,Mass,2020-11-27
C01142,Customer 01142,35,Female,Lucknow,Uttar Pradesh,Retired,Mass Affluent,2021-07-21
C01143,Customer 01143,28,Male,Mysuru,Karnataka,Salaried,Mass Affluent,2021-07-02
C01144,Customer 01144,56,Male,Pune,Maharashtra,Self-Employed,Affluent,2019-06-16
C01145,Customer 01145,62,Male,Jaipur,Rajasthan,Self-Employed,Premium,2021-11-14
C01146,Customer 01146,33,Female,New Delhi,Delhi,Retired,Premium,2020-06-16
C01147,Customer 01147,70,Female,Kolkata,West Bengal,Salaried,Premium,2021-03-17
C01148,Customer 01148,68,Female,Visakhapatnam,Andhra Pradesh,Self-Employed,Affluent,2020-03-07
C01149,Customer 01149,40,Male,Ahmedabad,Gujarat,Salaried,Mass,2018-07-18
C01150,Customer 01150,42,Female,Noida,Uttar Pradesh,Self-Employed,Mass Affluent,2020-03-05
C01151,Customer 01151,31,Female,New Delhi,Delhi,Salaried,Mass Affluent,2018-02-07
C01152,Customer 01152,25,Male,Warangal,Telangana,Student,Mass Affluent,2019-04-10
C01153,Customer 01153,56,Female,Hyderabad,Telangana,Salaried,Affluent,2023-12-01
C01154,Customer 01154,47,Female,Kolkata,West Bengal,Retired,Mass,2020-07-18
C01155,Customer 01155,43,Male,Kolkata,West Bengal,Business,Premium,2020-08-31
C01156,Customer 01156,55,Male,New Delhi,Delhi,Student,Mass,2021-09-30
C01157,Customer 01157,69,Male,Mumbai,Maharashtra,Business,Affluent,2020-02-27
C01158,Customer 01158,69,Male,Jaipur,Rajasthan,Salaried,Affluent,2018-05-01
C01159,Customer 01159,58,Female,Surat,Gujarat,Business,Affluent,2019-10-04
C01160,Customer 01160,40,Male,Noida,Uttar Pradesh,Self-Employed,Affluent,2022-03-06
C01161,Customer 01161,22,Female,Vijayawada,Andhra Pradesh,Retired,Mass,2023-01-03
C01162,Customer 01162,66,Male,Coimbatore,Tamil Nadu,Self-Employed,Mass,2025-05-01
C01163,Customer 01163,23,Male,Bengaluru,Karnataka,Salaried,Affluent,2020-06-15
C01164,Customer 01164,56,Male,Noida,Uttar Pradesh,Salaried,Mass,2024-03-31
C01165,Customer 01165,47,Male,New Delhi,Delhi,Student,Premium,2023-01-01
C01166,Customer 01166,49,Male,Coimbatore,Tamil Nadu,Student,Mass Affluent,2023-01-08
C01167,Customer 01167,61,Female,Ahmedabad,Gujarat,Salaried,Premium,2022-03-06
C01168,Customer 01168,22,Female,Mumbai,Maharashtra,Student,Mass Affluent,2022-07-12
C01169,Customer 01169,58,Male,Hyderabad,Telangana,Self-Employed,Affluent,2024-05-08
C01170,Customer 01170,33,Female,New Delhi,Delhi,Self-Employed,Affluent,2025-02-18
C01171,Customer 01171,66,Female,Chennai,Tamil Nadu,Retired,Mass Affluent,2025-02-14
C01172,Customer 01172,62,Female,Mumbai,Maharashtra,Salaried,Mass,2025-03-12
C01173,Customer 01173,29,Male,New Delhi,Delhi,Student,Affluent,2022-05-22
C01174,Customer 01174,46,Male,Noida,Uttar Pradesh,Retired,Mass Affluent,2022-11-21
C01175,Customer 01175,23,Male,Mumbai,Maharashtra,Salaried,Affluent,2021-01-16
C01176,Customer 01176,54,Female,Surat,Gujarat,Self-Employed,Mass,2024-01-01
C01177,Customer 01177,68,Male,Pune,Maharashtra,Business,Mass,2018-03-29
C01178,Customer 01178,60,Male,Surat,Gujarat,Self-Employed,Premium,2024-05-29
C01179,Customer 01179,27,Male,Kolkata,West Bengal,Self-Employed,Mass,2019-09-13
C01180,Customer 01180,25,Female,Kolkata,West Bengal,Business,Premium,2023-11-04
C01181,Customer 01181,63,Male,Surat,Gujarat,Student,Affluent,2021-05-27
C01182,Customer 01182,63,Female,Mumbai,Maharashtra,Student,Mass,2023-04-26
C01183,Customer 01183,54,Male,New Delhi,Delhi,Self-Employed,Premium,2018-02-01
C01184,Customer 01184,24,Female,Surat,Gujarat,Self-Employed,Mass Affluent,2022-05-13
C01185,Customer 01185,48,Male,Lucknow,Uttar Pradesh,Business,Mass,2024-04-04
C01186,Customer 01186,22,Female,Visakhapatnam,Andhra Pradesh,Salaried,Mass Affluent,2019-03-23
C01187,Customer 01187,36,Male,Bengaluru,Karnataka,Self-Employed,Mass,2021-01-16
C01188,Customer 01188,69,Female,Noida,Uttar Pradesh,Business,Mass Affluent,2023-01-18
C01189,Customer 01189,66,Female,Pune,Maharashtra,Salaried,Mass,2018-03-14
C01190,Customer 01190,30,Female,Warangal,Telangana,Salaried,Mass Affluent,2021-06-15
C01191,Customer 01191,35,Female,Coimbatore,Tamil Nadu,Business,Affluent,2020-09-08
C01192,Customer 01192,51,Female,Mumbai,Maharashtra,Business,Mass Affluent,2019-05-19
C01193,Customer 01193,42,Female,Ahmedabad,Gujarat,Retired,Mass,2019-11-22
C01194,Customer 01194,49,Female,Hyderabad,Telangana,Student,Affluent,2019-03-06
C01195,Customer 01195,60,Male,Kolkata,West Bengal,Retired,Mass Affluent,2019-04-01
C01196,Customer 01196,56,Female,Warangal,Telangana,Retired,Premium,2022-07-17
C01197,Customer 01197,44,Male,Chennai,Tamil Nadu,Salaried,Premium,2025-04-12
C01198,Customer 01198,60,Male,Lucknow,Uttar Pradesh,Business,Affluent,2025-04-28
C01199,Customer 01199,68,Male,Hyderabad,Telangana,Salaried,Affluent,2025-02-28
C01200,Customer 01200,54,Female,Mysuru,Karnataka,Retired,Mass Affluent,2025-07-09
C01201,Customer 01201,32,Female,Bengaluru,Karnataka,Self-Employed,Affluent,2019-02-13
C01202,Customer 01202,57,Male,Kolkata,West Bengal,Retired,Mass,2023-01-20
C01203,Customer 01203,46,Female,Kolkata,West Bengal,Retired,Mass,2018-11-20
C01204,Customer 01204,70,Male,Pune,Maharashtra,Retired,Affluent,2022-06-08
C01205,Customer 01205,57,Male,New Delhi,Delhi,Business,Mass,2024-06-25
C01206,Customer 01206,21,Female,Lucknow,Uttar Pradesh,Business,Mass Affluent,2023-12-31
C01207,Customer 01207,29,Female,Kolkata,West Bengal,Retired,Mass Affluent,2025-04-13
C01208,Customer 01208,46,Male,Lucknow,Uttar Pradesh,Salaried,Mass Affluent,2024-10-12
C01209,Customer 01209,69,Female,Pune,Maharashtra,Business,Mass,2020-05-23
C01210,Customer 01210,38,Male,Noida,Uttar Pradesh,Self-Employed,Affluent,2020-01-27
C01211,Customer 01211,61,Male,New Delhi,Delhi,Business,Mass Affluent,2019-03-14
C01212,Customer 01212,60,Female,Coimbatore,Tamil Nadu,Salaried,Affluent,2025-04-03
C01213,Customer 01213,59,Male,Kolkata,West Bengal,Salaried,Mass,2020-12-07
C01214,Customer 01214,67,Male,Kolkata,West Bengal,Student,Mass Affluent,2021-06-27
C01215,Customer 01215,58,Male,Lucknow,Uttar Pradesh,Salaried,Mass,2023-12-30
C01216,Customer 01216,63,Male,Warangal,Telangana,Business,Premium,2021-08-08
C01217,Customer 01217,48,Male,Hyderabad,Telangana,Salaried,Affluent,2018-11-10
C01218,Customer 01218,55,Male,Hyderabad,Telangana,Student,Affluent,2025-06-07
C01219,Customer 01219,70,Male,Kolkata,West Bengal,Self-Employed,Premium,2024-03-20
C01220,Customer 01220,52,Male,Kolkata,West Bengal,Business,Mass Affluent,2019-09-08
C01221,Customer 01221,38,Female,New Delhi,Delhi,Retired,Mass,2024-09-26
C01222,Customer 01222,29,Female,Coimbatore,Tamil Nadu,Student,Mass,2021-04-09
C01223,Customer 01223,51,Female,Pune,Maharashtra,Business,Mass,2019-10-22
C01224,Customer 01224,64,Female,Warangal,Telangana,Student,Mass,2019-03-01
C01225,Customer 01225,47,Female,Mumbai,Maharashtra,Self-Employed,Mass,2022-09-22
C01226,Customer 01226,43,Female,Ahmedabad,Gujarat,Self-Employed,Premium,2021-04-15
C01227,Customer 01227,43,Male,Jodhpur,Rajasthan,Student,Mass Affluent,2024-06-03
C01228,Customer 01228,49,Female,Chennai,Tamil Nadu,Student,Premium,2023-02-06
C01229,Customer 01229,39,Female,Chennai,Tamil Nadu,Retired,Mass Affluent,2022-03-10
C01230,Customer 01230,57,Male,Bengaluru,Karnataka,Salaried,Mass,2021-10-30
C01231,Customer 01231,56,Male,Kolkata,West Bengal,Business,Premium,2023-10-30
C01232,Customer 01232,60,Male,Noida,Uttar Pradesh,Student,Affluent,2025-07-03
C01233,Customer 01233,40,Male,Hyderabad,Telangana,Self-Employed,Premium,2021-08-19
C01234,Customer 01234,34,Male,Surat,Gujarat,Business,Affluent,2019-10-18
C01235,Customer 01235,41,Male,New Delhi,Delhi,Business,Mass,2023-12-02
C01236,Customer 01236,63,Male,Mumbai,Maharashtra,Salaried,Mass,2025-04-09
C01237,Customer 01237,62,Male,Noida,Uttar Pradesh,Retired,Affluent,2018-12-05
C01238,Customer 01238,22,Male,Mysuru,Karnataka,Business,Mass Affluent,2020-02-17
C01239,Customer 01239,53,Female,Chennai,Tamil Nadu,Self-Employed,Affluent,2021-04-14
C01240,Customer 01240,34,Female,Ahmedabad,Gujarat,Retired,Premium,2024-12-05
C01241,Customer 01241,58,Male,Vijayawada,Andhra Pradesh,Business,Premium,2018-03-22
C01242,Customer 01242,57,Female,Kolkata,West Bengal,Business,Mass,2018-02-07
C01243,Customer 01243,23,Female,Kolkata,West Bengal,Retired,Mass,2025-08-10
C01244,Customer 01244,69,Male,Warangal,Telangana,Self-Employed,Mass,2019-04-02
C01245,Customer 01245,44,Female,Pune,Maharashtra,Retired,Mass,2023-08-25
C01246,Customer 01246,24,Male,Noida,Uttar Pradesh,Business,Premium,2024-11-07
C01247,Customer 01247,67,Male,Coimbatore,Tamil Nadu,Salaried,Mass,2020-01-27
C01248,Customer 01248,52,Female,Mysuru,Karnataka,Self-Employed,Mass,2024-11-26
C01249,Customer 01249,36,Female,Kolkata,West Bengal,Salaried,Affluent,2021-07-09
C01250,Customer 01250,41,Female,Visakhapatnam,Andhra Pradesh,Self-Employed,Mass,2024-07-09
C01251,Customer 01251,31,Female,Warangal,Telangana,Retired,Premium,2019-02-02
C01252,Customer 01252,29,Male,Kolkata,West Bengal,Self-Employed,Affluent,2024-07-28
C01253,Customer 01253,57,Male,Noida,Uttar Pradesh,Salaried,Premium,2022-06-17
C01254,Customer 01254,40,Female,Warangal,Telangana,Business,Mass,2022-05-29
C01255,Customer 01255,62,Male,Kolkata,West Bengal,Self-Employed,Affluent,2018-07-14
C01256,Customer 01256,41,Male,Visakhapatnam,Andhra Pradesh,Student,Mass Affluent,2023-03-04
C01257,Customer 01257,53,Female,Jaipur,Rajasthan,Business,Affluent,2022-08-05
C01258,Customer 01258,43,Female,Noida,Uttar Pradesh,Student,Mass Affluent,2019-06-26
C01259,Customer 01259,44,Female,Mysuru,Karnataka,Student,Mass Affluent,2022-12-23
C01260,Customer 01260,54,Male,Pune,Maharashtra,Student,Affluent,2023-04-02
C01261,Customer 01261,49,Male,New Delhi,Delhi,Retired,Mass,2020-12-14
C01262,Customer 01262,69,Female,Warangal,Telangana,Salaried,Affluent,2020-12-22
C01263,Customer 01263,53,Male,Hyderabad,Telangana,Business,Premium,2024-09-27
C01264,Customer 01264,60,Male,Surat,Gujarat,Salaried,Premium,2023-09-24
C01265,Customer 01265,57,Male,Warangal,Telangana,Salaried,Affluent,2022-09-15
C01266,Customer 01266,58,Female,Jodhpur,Rajasthan,Business,Mass,2025-07-09
C01267,Customer 01267,38,Male,Coimbatore,Tamil Nadu,Student,Premium,2021-04-22
C01268,Customer 01268,59,Male,Coimbatore,Tamil Nadu,Self-Employed,Mass,2024-06-14
C01269,Customer 01269,57,Male,Jodhpur,Rajasthan,Salaried,Mass Affluent,2025-01-21
C01270,Customer 01270,60,Male,New Delhi,Delhi,Salaried,Mass Affluent,2021-10-07
C01271,Customer 01271,21,Female,Visakhapatnam,Andhra Pradesh,Salaried,Premium,2018-12-23
C01272,Customer 01272,50,Male,New Delhi,Delhi,Salaried,Affluent,2023-08-28
C01273,Customer 01273,31,Male,Jaipur,Rajasthan,Student,Mass,2024-03-18
C01274,Customer 01274,61,Female,Vijayawada,Andhra Pradesh,Self-Employed,Affluent,2018-11-14
C01275,Customer 01275,23,Male,Pune,Maharashtra,Business,Mass,2021-09-15
C01276,Customer 01276,23,Female,Visakhapatnam,Andhra Pradesh,Retired,Premium,2020-02-17
C01277,Customer 01277,30,Male,Jodhpur,Rajasthan,Retired,Premium,2021-04-09
C01278,Customer 01278,37,Female,Pune,Maharashtra,Retired,Premium,2018-05-21
C01279,Customer 01279,65,Male,Pune,Maharashtra,Student,Mass,2021-08-01
C01280,Customer 01280,64,Female,Lucknow,Uttar Pradesh,Self-Employed,Mass Affluent,2019-09-10
C01281,Customer 01281,34,Male,Jaipur,Rajasthan,Self-Employed,Mass Affluent,2019-06-21
C01282,Customer 01282,64,Male,Kolkata,West Bengal,Student,Mass,2018-09-14
C01283,Customer 01283,62,Female,Lucknow,Uttar Pradesh,Business,Mass Affluent,2018-05-31
C01284,Customer 01284,68,Male,New Delhi,Delhi,Salaried,Mass,2018-12-23
C01285,Customer 01285,54,Female,Jodhpur,Rajasthan,Salaried,Mass,2020-09-05
C01286,Customer 01286,69,Female,Surat,Gujarat,Student,Affluent,2024-05-31
C01287,Customer 01287,44,Male,Hyderabad,Telangana,Salaried,Mass,2024-01-13
C01288,Customer 01288,55,Female,Jaipur,Rajasthan,Salaried,Affluent,2022-02-28
C01289,Customer 01289,49,Female,Lucknow,Uttar Pradesh,Salaried,Mass,2020-11-24
C01290,Customer 01290,55,Female,Ahmedabad,Gujarat,Student,Affluent,2019-08-23
C01291,Customer 01291,58,Male,Bengaluru,Karnataka,Student,Affluent,2024-07-12
C01292,Customer 01292,52,Female,Mysuru,Karnataka,Business,Affluent,2021-02-17
C01293,Customer 01293,36,Male,Chennai,Tamil Nadu,Retired,Mass Affluent,2025-07-18
C01294,Customer 01294,47,Female,Jodhpur,Rajasthan,Self-Employed,Premium,2021-08-30
C01295,Customer 01295,36,Male,Pune,Maharashtra,Self-Employed,Mass,2020-01-03
C01296,Customer 01296,38,Female,Coimbatore,Tamil Nadu,Business,Affluent,2019-04-26
C01297,Customer 01297,44,Male,Bengaluru,Karnataka,Salaried,Affluent,2024-03-13
C01298,Customer 01298,33,Female,Coimbatore,Tamil Nadu,Self-Employed,Mass,2022-11-23
C01299,Customer 01299,28,Female,Coimbatore,Tamil Nadu,Retired,Affluent,2022-01-26
C01300,Customer 01300,29,Male,Kolkata,West Bengal,Student,Mass,2020-10-11
C01301,Customer 01301,50,Female,Visakhapatnam,Andhra Pradesh,Student,Mass,2020-08-16
C01302,Customer 01302,52,Male,Mysuru,Karnataka,Business,Mass,2021-05-21
C01303,Customer 01303,59,Male,Noida,Uttar Pradesh,Self-Employed,Premium,2024-06-09
C01304,Customer 01304,63,Female,Warangal,Telangana,Self-Employed,Affluent,2024-01-04
C01305,Customer 01305,70,Female,Chennai,Tamil Nadu,Retired,Premium,2018-05-23
C01306,Customer 01306,27,Male,Pune,Maharashtra,Self-Employed,Mass,2024-03-11
C01307,Customer 01307,51,Female,Kolkata,West Bengal,Retired,Premium,2023-01-03
C01308,Customer 01308,49,Female,Bengaluru,Karnataka,Student,Mass Affluent,2024-01-21
C01309,Customer 01309,51,Female,Mysuru,Karnataka,Salaried,Premium,2020-10-09
C01310,Customer 01310,63,Male,Jaipur,Rajasthan,Retired,Mass,2021-06-12
C01311,Customer 01311,31,Female,New Delhi,Delhi,Business,Affluent,2019-04-11
C01312,Customer 01312,21,Male,Visakhapatnam,Andhra Pradesh,Salaried,Affluent,2020-08-13
C01313,Customer 01313,64,Female,Visakhapatnam,Andhra Pradesh,Self-Employed,Mass Affluent,2022-03-26
C01314,Customer 01314,39,Female,Kolkata,West Bengal,Retired,Mass,2018-10-13
C01315,Customer 01315,42,Female,Vijayawada,Andhra Pradesh,Salaried,Mass,2023-02-26
C01316,Customer 01316,61,Female,Coimbatore,Tamil Nadu,Business,Affluent,2019-07-10
C01317,Customer 01317,69,Male,New Delhi,Delhi,Salaried,Premium,2020-07-08
C01318,Customer 01318,48,Male,Jodhpur,Rajasthan,Business,Mass Affluent,2019-09-25
C01319,Customer 01319,37,Male,Kolkata,West Bengal,Retired,Mass,2019-11-04
C01320,Customer 01320,35,Female,Lucknow,Uttar Pradesh,Student,Mass,2024-01-12
C01321,Customer 01321,49,Female,Kolkata,West Bengal,Retired,Mass,2024-01-13
C01322,Customer 01322,47,Male,Warangal,Telangana,Self-Employed,Mass,2024-11-21
C01323,Customer 01323,28,Male,Visakhapatnam,Andhra Pradesh,Self-Employed,Premium,2020-06-14
C01324,Customer 01324,42,Female,Visakhapatnam,Andhra Pradesh,Salaried,Mass Affluent,2021-06-24
C01325,Customer 01325,22,Male,Warangal,Telangana,Salaried,Premium,2021-01-16
C01326,Customer 01326,57,Male,Warangal,Telangana,Self-Employed,Premium,2024-12-13
C01327,Customer 01327,39,Male,Pune,Maharashtra,Retired,Mass,2020-11-23
C01328,Customer 01328,64,Female,Jodhpur,Rajasthan,Salaried,Mass,2024-11-14
C01329,Customer 01329,26,Male,Hyderabad,Telangana,Student,Mass,2022-03-23
C01330,Customer 01330,59,Female,New Delhi,Delhi,Salaried,Mass,2018-04-27
C01331,Customer 01331,38,Male,Warangal,Telangana,Business,Affluent,2024-04-02
C01332,Customer 01332,57,Male,Chennai,Tamil Nadu,Student,Premium,2021-05-18
C01333,Customer 01333,66,Female,Mysuru,Karnataka,Business,Mass,2018-02-09
C01334,Customer 01334,33,Female,Jodhpur,Rajasthan,Business,Affluent,2018-08-07
C01335,Customer 01335,69,Female,Surat,Gujarat,Retired,Affluent,2018-12-04
C01336,Customer 01336,21,Female,Hyderabad,Telangana,Retired,Affluent,2022-02-25
C01337,Customer 01337,29,Female,Visakhapatnam,Andhra Pradesh,Self-Employed,Mass Affluent,2018-02-10
C01338,Customer 01338,42,Male,Pune,Maharashtra,Student,Affluent,2020-04-07
C01339,Customer 01339,30,Female,Vijayawada,Andhra Pradesh,Self-Employed,Premium,2018-12-10
C01340,Customer 01340,53,Female,Vijayawada,Andhra Pradesh,Salaried,Premium,2018-07-12
C01341,Customer 01341,68,Female,Jaipur,Rajasthan,Salaried,Mass,2024-09-07
C01342,Customer 01342,53,Male,Pune,Maharashtra,Business,Mass Affluent,2025-02-07
C01343,Customer 01343,30,Male,Chennai,Tamil Nadu,Business,Premium,2022-08-17
C01344,Customer 01344,54,Male,Mumbai,Maharashtra,Business,Mass,2023-01-01
C01345,Customer 01345,27,Female,Mumbai,Maharashtra,Salaried,Affluent,2021-04-12
C01346,Customer 01346,43,Female,Surat,Gujarat,Self-Employed,Affluent,2018-02-18
C01347,Customer 01347,29,Male,Pune,Maharashtra,Business,Mass,2019-09-21
C01348,Customer 01348,39,Female,New Delhi,Delhi,Retired,Affluent,2019-03-15
C01349,Customer 01349,69,Male,Hyderabad,Telangana,Self-Employed,Mass,2025-02-15
C01350,Customer 01350,40,Male,New Delhi,Delhi,Salaried,Mass,2021-10-31
C01351,Customer 01351,33,Female,Mumbai,Maharashtra,Retired,Mass Affluent,2024-02-05
C01352,Customer 01352,25,Female,Lucknow,Uttar Pradesh,Self-Employed,Mass,2019-09-13
C01353,Customer 01353,67,Male,Pune,Maharashtra,Self-Employed,Premium,2018-07-08
C01354,Customer 01354,36,Female,New Delhi,Delhi,Retired,Mass Affluent,2021-12-11
C01355,Customer 01355,67,Male,Warangal,Telangana,Student,Affluent,2023-12-01
C01356,Customer 01356,69,Female,New Delhi,Delhi,Salaried,Mass Affluent,2024-01-22
C01357,Customer 01357,23,Female,Kolkata,West Bengal,Business,Mass,2019-10-29
C01358,Customer 01358,40,Male,Jodhpur,Rajasthan,Business,Premium,2023-05-26
C01359,Customer 01359,56,Male,Coimbatore,Tamil Nadu,Student,Affluent,2020-05-29
C01360,Customer 01360,26,Male,Mysuru,Karnataka,Salaried,Affluent,2023-05-19
C01361,Customer 01361,38,Male,Jodhpur,Rajasthan,Business,Mass,2018-01-25
C01362,Customer 01362,31,Female,Warangal,Telangana,Self-Employed,Mass Affluent,2018-04-12
C01363,Customer 01363,56,Male,Vijayawada,Andhra Pradesh,Student,Mass,2018-09-14
C01364,Customer 01364,44,Male,Noida,Uttar Pradesh,Student,Premium,2023-02-09
C01365,Customer 01365,62,Female,Jodhpur,Rajasthan,Student,Mass Affluent,2019-10-22
C01366,Customer 01366,56,Male,Warangal,Telangana,Student,Affluent,2023-10-20
C01367,Customer 01367,59,Male,Ahmedabad,Gujarat,Retired,Mass,2022-05-09
C01368,Customer 01368,62,Male,Jaipur,Rajasthan,Retired,Mass Affluent,2021-03-18
C01369,Customer 01369,64,Female,Jaipur,Rajasthan,Business,Mass,2025-02-20
C01370,Customer 01370,40,Male,Chennai,Tamil Nadu,Self-Employed,Affluent,2022-09-14
C01371,Customer 01371,37,Female,Pune,Maharashtra,Business,Premium,2022-02-07
C01372,Customer 01372,49,Female,Chennai,Tamil Nadu,Student,Mass,2023-03-28
C01373,Customer 01373,64,Female,Warangal,Telangana,Student,Mass,2024-03-04
C01374,Customer 01374,33,Female,Visakhapatnam,Andhra Pradesh,Retired,Mass,2019-03-27
C01375,Customer 01375,35,Male,Surat,Gujarat,Student,Mass,2022-12-25
C01376,Customer 01376,52,Female,Hyderabad,Telangana,Self-Employed,Mass,2018-09-22
C01377,Customer 01377,27,Male,Lucknow,Uttar Pradesh,Business,Mass Affluent,2018-10-08
C01378,Customer 01378,57,Female,Surat,Gujarat,Retired,Affluent,2021-04-17
C01379,Customer 01379,39,Male,Chennai,Tamil Nadu,Salaried,Affluent,2019-08-03
C01380,Customer 01380,59,Female,Kolkata,West Bengal,Business,Mass Affluent,2020-07-03
C01381,Customer 01381,65,Male,Warangal,Telangana,Self-Employed,Affluent,2019-11-27
C01382,Customer 01382,32,Female,Warangal,Telangana,Self-Employed,Mass Affluent,2019-07-10
C01383,Customer 01383,39,Female,Chennai,Tamil Nadu,Self-Employed,Premium,2024-12-08
C01384,Customer 01384,64,Female,Mumbai,Maharashtra,Retired,Mass Affluent,2024-03-27
C01385,Customer 01385,26,Male,Visakhapatnam,Andhra Pradesh,Salaried,Mass,2021-04-20
C01386,Customer 01386,33,Male,Chennai,Tamil Nadu,Self-Employed,Mass,2024-10-19
C01387,Customer 01387,31,Male,Bengaluru,Karnataka,Salaried,Premium,2024-01-08
C01388,Customer 01388,63,Male,Jaipur,Rajasthan,Self-Employed,Premium,2025-06-07
C01389,Customer 01389,29,Female,Mysuru,Karnataka,Business,Premium,2025-05-31
C01390,Customer 01390,62,Female,Jodhpur,Rajasthan,Business,Mass,2023-05-13
C01391,Customer 01391,30,Male,Hyderabad,Telangana,Salaried,Affluent,2019-05-01
C01392,Customer 01392,34,Male,Ahmedabad,Gujarat,Salaried,Affluent,2023-03-23
C01393,Customer 01393,38,Male,Mysuru,Karnataka,Salaried,Mass,2024-07-04
C01394,Customer 01394,53,Female,Kolkata,West Bengal,Student,Mass,2025-05-04
C01395,Customer 01395,34,Female,Kolkata,West Bengal,Student,Affluent,2023-07-23
C01396,Customer 01396,35,Male,Pune,Maharashtra,Self-Employed,Affluent,2023-02-26
C01397,Customer 01397,35,Female,Jodhpur,Rajasthan,Self-Employed,Premium,2021-01-20
C01398,Customer 01398,53,Male,Warangal,Telangana,Self-Employed,Premium,2021-09-15
C01399,Customer 01399,35,Female,Jaipur,Rajasthan,Self-Employed,Mass,2023-08-23
C01400,Customer 01400,42,Female,Mysuru,Karnataka,Student,Affluent,2022-01-19
C01401,Customer 01401,42,Female,Mysuru,Karnataka,Self-Employed,Mass Affluent,2018-12-29
C01402,Customer 01402,56,Male,Mumbai,Maharashtra,Salaried,Mass Affluent,2020-04-10
C01403,Customer 01403,24,Male,Surat,Gujarat,Retired,Mass,2018-11-27
C01404,Customer 01404,47,Male,Pune,Maharashtra,Self-Employed,Mass Affluent,2024-12-08
C01405,Customer 01405,21,Male,Mysuru,Karnataka,Retired,Affluent,2025-01-18
C01406,Customer 01406,64,Female,Pune,Maharashtra,Salaried,Mass,2021-11-07
C01407,Customer 01407,39,Male,Visakhapatnam,Andhra Pradesh,Retired,Premium,2018-05-07
C01408,Customer 01408,51,Female,Kolkata,West Bengal,Student,Mass,2018-01-22
C01409,Customer 01409,39,Female,Hyderabad,Telangana,Retired,Mass Affluent,2024-03-03
C01410,Customer 01410,25,Female,Noida,Uttar Pradesh,Business,Mass Affluent,2022-12-16
C01411,Customer 01411,24,Male,Kolkata,West Bengal,Student,Mass,2025-07-18
C01412,Customer 01412,54,Male,Mumbai,Maharashtra,Retired,Mass Affluent,2020-06-03
C01413,Customer 01413,37,Male,Lucknow,Uttar Pradesh,Student,Mass Affluent,2018-04-19
C01414,Customer 01414,65,Female,Kolkata,West Bengal,Salaried,Premium,2024-08-29
C01415,Customer 01415,41,Female,Bengaluru,Karnataka,Salaried,Mass,2020-01-27
C01416,Customer 01416,45,Female,Coimbatore,Tamil Nadu,Student,Mass,2018-10-01
C01417,Customer 01417,23,Male,Kolkata,West Bengal,Retired,Affluent,2019-01-23
C01418,Customer 01418,50,Male,Jaipur,Rajasthan,Retired,Mass,2018-10-08
C01419,Customer 01419,33,Female,Lucknow,Uttar Pradesh,Student,Mass,2021-04-06
C01420,Customer 01420,49,Female,Bengaluru,Karnataka,Student,Mass,2020-09-13
C01421,Customer 01421,33,Male,Coimbatore,Tamil Nadu,Self-Employed,Premium,2024-11-12
C01422,Customer 01422,26,Male,Chennai,Tamil Nadu,Self-Employed,Affluent,2023-07-16
C01423,Customer 01423,38,Female,Hyderabad,Telangana,Student,Mass,2022-11-04
C01424,Customer 01424,33,Female,Coimbatore,Tamil Nadu,Self-Employed,Affluent,2019-08-25
C01425,Customer 01425,44,Male,Visakhapatnam,Andhra Pradesh,Business,Premium,2024-07-01
C01426,Customer 01426,25,Female,Ahmedabad,Gujarat,Business,Mass Affluent,2021-06-14
C01427,Customer 01427,69,Female,Jaipur,Rajasthan,Business,Mass,2021-09-03
C01428,Customer 01428,54,Male,Bengaluru,Karnataka,Retired,Mass,2022-09-03
C01429,Customer 01429,31,Male,Kolkata,West Bengal,Student,Affluent,2025-02-26
C01430,Customer 01430,42,Male,Visakhapatnam,Andhra Pradesh,Salaried,Mass,2022-06-01
C01431,Customer 01431,28,Male,Ahmedabad,Gujarat,Business,Affluent,2024-07-11
C01432,Customer 01432,65,Male,Bengaluru,Karnataka,Student,Mass,2018-01-13
C01433,Customer 01433,34,Female,Bengaluru,Karnataka,Business,Mass Affluent,2025-03-04
C01434,Customer 01434,45,Female,New Delhi,Delhi,Student,Mass Affluent,2019-06-01
C01435,Customer 01435,23,Female,Chennai,Tamil Nadu,Self-Employed,Mass Affluent,2021-03-22
C01436,Customer 01436,50,Male,Chennai,Tamil Nadu,Salaried,Affluent,2018-06-11
C01437,Customer 01437,42,Female,Bengaluru,Karnataka,Salaried,Mass,2020-09-09
C01438,Customer 01438,37,Male,New Delhi,Delhi,Business,Mass,2025-04-14
C01439,Customer 01439,56,Male,New Delhi,Delhi,Business,Mass,2018-03-11
C01440,Customer 01440,24,Male,New Delhi,Delhi,Salaried,Affluent,2024-03-16
C01441,Customer 01441,50,Male,Ahmedabad,Gujarat,Self-Employed,Mass Affluent,2020-05-14
C01442,Customer 01442,29,Male,New Delhi,Delhi,Salaried,Affluent,2023-10-20
C01443,Customer 01443,70,Male,Mumbai,Maharashtra,Retired,Mass,2019-09-10
C01444,Customer 01444,52,Female,Jaipur,Rajasthan,Salaried,Affluent,2020-05-23
C01445,Customer 01445,37,Male,Mysuru,Karnataka,Student,Mass Affluent,2018-10-14
C01446,Customer 01446,42,Male,Mumbai,Maharashtra,Business,Mass,2023-01-06
C01447,Customer 01447,33,Male,Mysuru,Karnataka,Self-Employed,Mass Affluent,2019-07-23
C01448,Customer 01448,68,Male,Lucknow,Uttar Pradesh,Business,Affluent,2019-08-10
C01449,Customer 01449,29,Female,Ahmedabad,Gujarat,Self-Employed,Mass,2019-02-17
C01450,Customer 01450,33,Male,Mysuru,Karnataka,Business,Mass,2024-07-30
C01451,Customer 01451,49,Female,Warangal,Telangana,Retired,Mass Affluent,2022-06-23
C01452,Customer 01452,26,Male,Hyderabad,Telangana,Business,Affluent,2019-04-02
C01453,Customer 01453,54,Male,New Delhi,Delhi,Student,Mass Affluent,2021-03-05
C01454,Customer 01454,28,Male,Ahmedabad,Gujarat,Self-Employed,Premium,2018-06-13
C01455,Customer 01455,64,Female,Surat,Gujarat,Retired,Mass,2018-10-12
C01456,Customer 01456,24,Male,Kolkata,West Bengal,Self-Employed,Mass,2021-10-14
C01457,Customer 01457,38,Female,Warangal,Telangana,Retired,Affluent,2024-01-13
C01458,Customer 01458,59,Female,Visakhapatnam,Andhra Pradesh,Student,Premium,2021-05-23
C01459,Customer 01459,70,Female,Vijayawada,Andhra Pradesh,Self-Employed,Mass Affluent,2023-03-06
C01460,Customer 01460,26,Male,Vijayawada,Andhra Pradesh,Business,Mass Affluent,2025-03-08
C01461,Customer 01461,53,Male,Mumbai,Maharashtra,Salaried,Mass Affluent,2021-08-25
C01462,Customer 01462,31,Male,Lucknow,Uttar Pradesh,Self-Employed,Mass,2021-07-24
C01463,Customer 01463,30,Female,Mumbai,Maharashtra,Retired,Mass,2023-03-12
C01464,Customer 01464,50,Female,Pune,Maharashtra,Business,Premium,2024-08-08
C01465,Customer 01465,34,Female,Vijayawada,Andhra Pradesh,Retired,Mass Affluent,2021-12-19
C01466,Customer 01466,27,Female,Hyderabad,Telangana,Salaried,Affluent,2022-01-12
C01467,Customer 01467,46,Female,Jaipur,Rajasthan,Salaried,Premium,2021-07-08
C01468,Customer 01468,61,Female,Bengaluru,Karnataka,Salaried,Mass Affluent,2018-03-19
C01469,Customer 01469,28,Male,Chennai,Tamil Nadu,Business,Mass,2021-02-20
C01470,Customer 01470,43,Male,Chennai,Tamil Nadu,Student,Mass,2018-12-28
C01471,Customer 01471,35,Male,New Delhi,Delhi,Student,Affluent,2018-09-22
C01472,Customer 01472,37,Male,Mumbai,Maharashtra,Salaried,Mass,2021-08-01
C01473,Customer 01473,56,Male,Vijayawada,Andhra Pradesh,Self-Employed,Mass Affluent,2024-02-08
C01474,Customer 01474,57,Female,Mumbai,Maharashtra,Retired,Mass,2022-08-09
C01475,Customer 01475,29,Female,Mysuru,Karnataka,Self-Employed,Premium,2021-11-29
C01476,Customer 01476,54,Male,Visakhapatnam,Andhra Pradesh,Student,Affluent,2021-05-05
C01477,Customer 01477,60,Male,Lucknow,Uttar Pradesh,Salaried,Mass Affluent,2020-05-25
C01478,Customer 01478,59,Male,Noida,Uttar Pradesh,Retired,Mass,2019-04-07
C01479,Customer 01479,57,Male,Ahmedabad,Gujarat,Retired,Mass Affluent,2022-07-20
C01480,Customer 01480,34,Male,Vijayawada,Andhra Pradesh,Business,Mass Affluent,2021-09-01
C01481,Customer 01481,59,Female,New Delhi,Delhi,Self-Employed,Affluent,2024-07-03
C01482,Customer 01482,49,Female,Lucknow,Uttar Pradesh,Salaried,Affluent,2023-05-24
C01483,Customer 01483,53,Male,Lucknow,Uttar Pradesh,Self-Employed,Premium,2022-12-03
C01484,Customer 01484,26,Male,Chennai,Tamil Nadu,Student,Mass,2019-03-28
C01485,Customer 01485,50,Male,Vijayawada,Andhra Pradesh,Student,Mass,2020-02-29
C01486,Customer 01486,22,Female,Jaipur,Rajasthan,Business,Mass,2022-05-10
C01487,Customer 01487,58,Female,New Delhi,Delhi,Self-Employed,Affluent,2020-07-21
C01488,Customer 01488,62,Male,Hyderabad,Telangana,Student,Mass,2021-05-17
C01489,Customer 01489,69,Male,Warangal,Telangana,Student,Mass Affluent,2023-07-31
C01490,Customer 01490,67,Male,Kolkata,West Bengal,Business,Mass Affluent,2024-08-09
C01491,Customer 01491,49,Male,New Delhi,Delhi,Business,Mass Affluent,2020-06-13
C01492,Customer 01492,44,Female,Jaipur,Rajasthan,Business,Affluent,2019-04-15
C01493,Customer 01493,27,Female,New Delhi,Delhi,Self-Employed,Affluent,2025-02-27
C01494,Customer 01494,48,Female,Mumbai,Maharashtra,Retired,Mass,2025-02-22
C01495,Customer 01495,34,Female,Coimbatore,Tamil Nadu,Self-Employed,Premium,2018-08-27
C01496,Customer 01496,52,Female,Pune,Maharashtra,Business,Mass,2019-04-13
C01497,Customer 01497,30,Male,Ahmedabad,Gujarat,Student,Affluent,2020-11-18
C01498,Customer 01498,30,Male,Noida,Uttar Pradesh,Retired,Mass,2024-01-29
C01499,Customer 01499,52,Female,Hyderabad,Telangana,Student,Mass,2020-02-13
C01500,Customer 01500,47,Female,Visakhapatnam,Andhra Pradesh,Salaried,Mass Affluent,2025-04-30
C01501,Customer 01501,44,Female,New Delhi,Delhi,Salaried,Mass,2023-03-29
C01502,Customer 01502,53,Female,Pune,Maharashtra,Retired,Premium,2021-08-02
C01503,Customer 01503,26,Male,Jaipur,Rajasthan,Self-Employed,Mass,2021-12-20
C01504,Customer 01504,64,Female,Lucknow,Uttar Pradesh,Retired,Mass Affluent,2019-08-05
C01505,Customer 01505,34,Female,Vijayawada,Andhra Pradesh,Student,Mass Affluent,2019-10-09
C01506,Customer 01506,38,Female,Kolkata,West Bengal,Business,Mass Affluent,2022-10-04
C01507,Customer 01507,55,Female,Jaipur,Rajasthan,Business,Affluent,2018-12-02
C01508,Customer 01508,24,Female,Bengaluru,Karnataka,Self-Employed,Affluent,2020-12-29
C01509,Customer 01509,65,Male,Kolkata,West Bengal,Salaried,Affluent,2019-05-22
C01510,Customer 01510,22,Female,Kolkata,West Bengal,Retired,Premium,2021-04-17
C01511,Customer 01511,36,Male,Kolkata,West Bengal,Retired,Affluent,2022-10-05
C01512,Customer 01512,63,Male,Hyderabad,Telangana,Business,Affluent,2019-12-12
C01513,Customer 01513,28,Female,Ahmedabad,Gujarat,Student,Mass,2019-11-26
C01514,Customer 01514,68,Male,Noida,Uttar Pradesh,Self-Employed,Mass,2025-03-27
C01515,Customer 01515,46,Male,Pune,Maharashtra,Student,Mass,2018-08-17
C01516,Customer 01516,40,Female,Jodhpur,Rajasthan,Student,Mass Affluent,2021-02-20
C01517,Customer 01517,25,Male,Kolkata,West Bengal,Salaried,Affluent,2019-11-24
C01518,Customer 01518,66,Female,Mysuru,Karnataka,Retired,Premium,2018-04-12
C01519,Customer 01519,41,Female,Surat,Gujarat,Salaried,Premium,2023-07-22
C01520,Customer 01520,67,Male,Lucknow,Uttar Pradesh,Business,Mass Affluent,2021-06-20
C01521,Customer 01521,33,Male,Kolkata,West Bengal,Salaried,Affluent,2021-04-19
C01522,Customer 01522,23,Male,Warangal,Telangana,Student,Mass Affluent,2023-09-05
C01523,Customer 01523,66,Female,Noida,Uttar Pradesh,Business,Mass Affluent,2020-06-21
C01524,Customer 01524,22,Female,New Delhi,Delhi,Salaried,Affluent,2022-09-20
C01525,Customer 01525,61,Male,Chennai,Tamil Nadu,Salaried,Affluent,2022-06-02
C01526,Customer 01526,43,Female,Bengaluru,Karnataka,Self-Employed,Mass,2020-03-30
C01527,Customer 01527,30,Female,Visakhapatnam,Andhra Pradesh,Student,Affluent,2019-06-17
C01528,Customer 01528,58,Female,Kolkata,West Bengal,Student,Mass Affluent,2020-09-12
C01529,Customer 01529,69,Female,Warangal,Telangana,Retired,Mass,2019-03-19
C01530,Customer 01530,24,Female,Ahmedabad,Gujarat,Business,Mass Affluent,2024-12-08
C01531,Customer 01531,62,Male,New Delhi,Delhi,Retired,Mass Affluent,2019-08-31
C01532,Customer 01532,56,Female,Ahmedabad,Gujarat,Self-Employed,Mass,2021-03-07
C01533,Customer 01533,68,Male,Kolkata,West Bengal,Salaried,Mass Affluent,2023-02-04
C01534,Customer 01534,62,Female,Jaipur,Rajasthan,Retired,Mass,2018-01-03
C01535,Customer 01535,43,Female,Visakhapatnam,Andhra Pradesh,Retired,Mass,2019-01-10
C01536,Customer 01536,30,Female,Mysuru,Karnataka,Salaried,Mass,2023-12-25
C01537,Customer 01537,68,Male,Hyderabad,Telangana,Retired,Premium,2021-10-02
C01538,Customer 01538,63,Male,Surat,Gujarat,Retired,Affluent,2018-03-23
C01539,Customer 01539,42,Male,Chennai,Tamil Nadu,Self-Employed,Affluent,2019-09-15
C01540,Customer 01540,41,Female,Pune,Maharashtra,Student,Affluent,2024-06-05
C01541,Customer 01541,62,Female,Jodhpur,Rajasthan,Retired,Mass Affluent,2022-08-29
C01542,Customer 01542,31,Female,Bengaluru,Karnataka,Business,Premium,2022-09-17
C01543,Customer 01543,42,Male,Kolkata,West Bengal,Self-Employed,Mass Affluent,2023-02-13
C01544,Customer 01544,38,Male,Vijayawada,Andhra Pradesh,Self-Employed,Mass Affluent,2020-05-15
C01545,Customer 01545,62,Male,Chennai,Tamil Nadu,Retired,Mass,2021-08-13
C01546,Customer 01546,29,Male,Bengaluru,Karnataka,Business,Mass,2022-08-04
C01547,Customer 01547,59,Male,Noida,Uttar Pradesh,Student,Mass,2024-06-15
C01548,Customer 01548,26,Female,Visakhapatnam,Andhra Pradesh,Business,Premium,2019-08-07
C01549,Customer 01549,59,Female,New Delhi,Delhi,Salaried,Mass,2023-09-13
C01550,Customer 01550,53,Male,Mumbai,Maharashtra,Business,Premium,2021-01-25
C01551,Customer 01551,60,Female,Jaipur,Rajasthan,Business,Mass,2018-06-05
C01552,Customer 01552,48,Female,Coimbatore,Tamil Nadu,Retired,Mass,2024-07-29
C01553,Customer 01553,29,Female,Pune,Maharashtra,Business,Premium,2023-12-09
C01554,Customer 01554,56,Male,Vijayawada,Andhra Pradesh,Retired,Mass,2021-08-10
C01555,Customer 01555,28,Female,Jaipur,Rajasthan,Retired,Mass,2024-06-11
C01556,Customer 01556,59,Female,Kolkata,West Bengal,Self-Employed,Mass,2023-02-07
C01557,Customer 01557,58,Male,Pune,Maharashtra,Student,Mass,2025-03-15
C01558,Customer 01558,59,Female,Chennai,Tamil Nadu,Salaried,Premium,2022-03-06
C01559,Customer 01559,55,Female,Lucknow,Uttar Pradesh,Salaried,Mass,2021-09-05
C01560,Customer 01560,30,Female,Mumbai,Maharashtra,Retired,Mass Affluent,2020-10-07
C01561,Customer 01561,32,Female,New Delhi,Delhi,Salaried,Mass,2020-11-22
C01562,Customer 01562,35,Male,Ahmedabad,Gujarat,Business,Mass,2020-01-31
C01563,Customer 01563,63,Male,Visakhapatnam,Andhra Pradesh,Student,Mass,2025-03-15
C01564,Customer 01564,35,Male,Mumbai,Maharashtra,Retired,Affluent,2018-10-26
C01565,Customer 01565,66,Male,Jodhpur,Rajasthan,Student,Premium,2019-04-29
C01566,Customer 01566,28,Male,Surat,Gujarat,Retired,Affluent,2023-11-15
C01567,Customer 01567,47,Female,New Delhi,Delhi,Self-Employed,Premium,2021-04-23
C01568,Customer 01568,57,Male,Pune,Maharashtra,Salaried,Premium,2019-06-10
C01569,Customer 01569,51,Female,Bengaluru,Karnataka,Business,Mass,2022-08-08
C01570,Customer 01570,25,Female,Kolkata,West Bengal,Student,Affluent,2022-09-03
C01571,Customer 01571,43,Female,Coimbatore,Tamil Nadu,Business,Mass,2019-08-03
C01572,Customer 01572,63,Female,Warangal,Telangana,Student,Mass,2025-03-01
C01573,Customer 01573,23,Female,New Delhi,Delhi,Salaried,Mass,2023-05-18
C01574,Customer 01574,61,Male,Kolkata,West Bengal,Business,Mass,2021-11-30
C01575,Customer 01575,51,Male,Warangal,Telangana,Self-Employed,Mass,2019-05-02
C01576,Customer 01576,67,Female,Warangal,Telangana,Retired,Mass Affluent,2020-06-27
C01577,Customer 01577,62,Female,Mumbai,Maharashtra,Self-Employed,Mass Affluent,2025-05-30
C01578,Customer 01578,27,Female,Visakhapatnam,Andhra Pradesh,Retired,Premium,2024-05-24
C01579,Customer 01579,27,Female,Jaipur,Rajasthan,Salaried,Affluent,2020-04-16
C01580,Customer 01580,48,Male,Kolkata,West Bengal,Self-Employed,Mass,2018-02-06
C01581,Customer 01581,36,Female,Noida,Uttar Pradesh,Salaried,Mass,2019-01-14
C01582,Customer 01582,29,Male,Surat,Gujarat,Self-Employed,Mass,2018-09-26
C01583,Customer 01583,46,Female,Kolkata,West Bengal,Business,Mass,2020-05-26
C01584,Customer 01584,67,Male,Surat,Gujarat,Business,Premium,2022-11-26
C01585,Customer 01585,41,Male,Ahmedabad,Gujarat,Student,Mass Affluent,2021-11-21
C01586,Customer 01586,25,Male,Ahmedabad,Gujarat,Retired,Mass Affluent,2022-01-08
C01587,Customer 01587,45,Female,Lucknow,Uttar Pradesh,Student,Mass,2023-07-11
C01588,Customer 01588,43,Male,Ahmedabad,Gujarat,Salaried,Mass Affluent,2020-05-20
C01589,Customer 01589,62,Male,Warangal,Telangana,Retired,Affluent,2025-06-14
C01590,Customer 01590,63,Male,Noida,Uttar Pradesh,Student,Premium,2019-10-09
C01591,Customer 01591,68,Male,Mysuru,Karnataka,Self-Employed,Premium,2018-01-31
C01592,Customer 01592,70,Male,Mumbai,Maharashtra,Salaried,Premium,2021-07-21
C01593,Customer 01593,63,Female,Surat,Gujarat,Salaried,Affluent,2018-09-10
C01594,Customer 01594,54,Female,Kolkata,West Bengal,Business,Mass,2019-05-17
C01595,Customer 01595,65,Female,Mumbai,Maharashtra,Salaried,Mass,2021-10-15
C01596,Customer 01596,66,Male,New Delhi,Delhi,Self-Employed,Mass,2021-10-15
C01597,Customer 01597,43,Male,Jodhpur,Rajasthan,Student,Mass,2018-09-10
C01598,Customer 01598,21,Female,Hyderabad,Telangana,Salaried,Premium,2021-07-22
C01599,Customer 01599,64,Female,Kolkata,West Bengal,Student,Mass,2018-11-06
C01600,Customer 01600,50,Male,Hyderabad,Telangana,Student,Mass,2018-12-06
C01601,Customer 01601,37,Female,New Delhi,Delhi,Student,Affluent,2018-05-26
C01602,Customer 01602,41,Male,Jodhpur,Rajasthan,Student,Mass,2024-05-05
C01603,Customer 01603,22,Male,Vijayawada,Andhra Pradesh,Student,Affluent,2019-06-20
C01604,Customer 01604,26,Female,Kolkata,West Bengal,Retired,Premium,2021-01-10
C01605,Customer 01605,30,Male,Bengaluru,Karnataka,Retired,Premium,2022-06-22
C01606,Customer 01606,64,Male,Visakhapatnam,Andhra Pradesh,Self-Employed,Premium,2018-02-17
C01607,Customer 01607,60,Female,Jaipur,Rajasthan,Retired,Mass Affluent,2019-11-02
C01608,Customer 01608,50,Female,Jaipur,Rajasthan,Student,Premium,2018-06-09
C01609,Customer 01609,59,Female,Bengaluru,Karnataka,Retired,Mass,2020-03-12
C01610,Customer 01610,31,Male,Surat,Gujarat,Salaried,Mass,2020-08-25
C01611,Customer 01611,69,Female,Kolkata,West Bengal,Retired,Mass,2021-10-01
C01612,Customer 01612,64,Male,Vijayawada,Andhra Pradesh,Business,Mass Affluent,2020-03-08
C01613,Customer 01613,42,Female,Warangal,Telangana,Salaried,Mass,2019-08-04
C01614,Customer 01614,49,Male,Kolkata,West Bengal,Self-Employed,Premium,2023-06-28
C01615,Customer 01615,46,Male,New Delhi,Delhi,Retired,Mass,2023-08-12
C01616,Customer 01616,33,Female,Jaipur,Rajasthan,Business,Mass Affluent,2023-03-22
C01617,Customer 01617,40,Female,Kolkata,West Bengal,Self-Employed,Affluent,2022-12-04
C01618,Customer 01618,25,Male,New Delhi,Delhi,Retired,Affluent,2021-01-15
C01619,Customer 01619,62,Female,Kolkata,West Bengal,Business,Mass,2018-06-10
C01620,Customer 01620,24,Male,Chennai,Tamil Nadu,Salaried,Mass Affluent,2021-08-22
C01621,Customer 01621,65,Female,Mumbai,Maharashtra,Student,Affluent,2022-02-03
C01622,Customer 01622,67,Female,Mysuru,Karnataka,Self-Employed,Mass,2024-10-05
C01623,Customer 01623,58,Male,Mumbai,Maharashtra,Salaried,Mass,2023-02-25
C01624,Customer 01624,53,Male,Mysuru,Karnataka,Self-Employed,Mass,2019-11-16
C01625,Customer 01625,29,Female,Lucknow,Uttar Pradesh,Student,Premium,2023-02-08
C01626,Customer 01626,25,Male,Surat,Gujarat,Self-Employed,Premium,2019-04-24
C01627,Customer 01627,47,Female,Jaipur,Rajasthan,Retired,Mass,2018-06-29
C01628,Customer 01628,41,Female,New Delhi,Delhi,Retired,Mass,2020-10-11
C01629,Customer 01629,34,Male,Noida,Uttar Pradesh,Student,Mass,2021-11-24
C01630,Customer 01630,51,Female,New Delhi,Delhi,Student,Mass,2024-04-07
C01631,Customer 01631,56,Male,Chennai,Tamil Nadu,Self-Employed,Mass Affluent,2025-03-07
C01632,Customer 01632,26,Male,Ahmedabad,Gujarat,Student,Mass,2020-01-16
C01633,Customer 01633,65,Male,Coimbatore,Tamil Nadu,Retired,Premium,2025-05-13
C01634,Customer 01634,59,Female,Chennai,Tamil Nadu,Self-Employed,Premium,2020-03-16
C01635,Customer 01635,67,Male,Warangal,Telangana,Student,Affluent,2024-03-29
C01636,Customer 01636,51,Female,Ahmedabad,Gujarat,Business,Premium,2024-07-16
C01637,Customer 01637,52,Male,Coimbatore,Tamil Nadu,Salaried,Mass,2023-06-11
C01638,Customer 01638,41,Male,New Delhi,Delhi,Self-Employed,Mass,2021-12-17
C01639,Customer 01639,26,Female,Noida,Uttar Pradesh,Salaried,Mass,2018-12-25
C01640,Customer 01640,24,Female,Hyderabad,Telangana,Student,Affluent,2019-07-24
C01641,Customer 01641,27,Female,Pune,Maharashtra,Retired,Premium,2018-03-24
C01642,Customer 01642,43,Male,Mysuru,Karnataka,Business,Mass,2022-01-15
C01643,Customer 01643,56,Female,Hyderabad,Telangana,Business,Mass,2021-12-19
C01644,Customer 01644,29,Female,Noida,Uttar Pradesh,Student,Affluent,2024-07-14
C01645,Customer 01645,68,Male,Lucknow,Uttar Pradesh,Salaried,Mass,2021-08-30
C01646,Customer 01646,25,Female,Mysuru,Karnataka,Self-Employed,Mass,2018-11-25
C01647,Customer 01647,29,Female,Ahmedabad,Gujarat,Student,Affluent,2018-04-24
C01648,Customer 01648,64,Female,Warangal,Telangana,Self-Employed,Affluent,2020-08-25
C01649,Customer 01649,62,Male,Ahmedabad,Gujarat,Self-Employed,Premium,2021-11-10
C01650,Customer 01650,55,Male,Warangal,Telangana,Salaried,Mass Affluent,2018-05-20
C01651,Customer 01651,31,Male,Warangal,Telangana,Business,Mass Affluent,2019-09-29
C01652,Customer 01652,36,Male,Mumbai,Maharashtra,Self-Employed,Affluent,2020-04-09
C01653,Customer 01653,30,Female,Hyderabad,Telangana,Retired,Affluent,2018-12-15
C01654,Customer 01654,50,Female,Warangal,Telangana,Retired,Mass,2024-04-21
C01655,Customer 01655,65,Female,Pune,Maharashtra,Self-Employed,Mass Affluent,2020-01-07
C01656,Customer 01656,68,Male,New Delhi,Delhi,Salaried,Affluent,2023-04-01
C01657,Customer 01657,69,Female,Kolkata,West Bengal,Salaried,Affluent,2020-07-31
C01658,Customer 01658,27,Male,Mumbai,Maharashtra,Salaried,Premium,2024-11-01
C01659,Customer 01659,34,Female,Jaipur,Rajasthan,Business,Mass,2020-12-24
C01660,Customer 01660,56,Male,Jaipur,Rajasthan,Salaried,Premium,2023-07-02
C01661,Customer 01661,32,Male,Pune,Maharashtra,Student,Affluent,2024-01-06
C01662,Customer 01662,31,Female,New Delhi,Delhi,Self-Employed,Mass Affluent,2018-11-23
C01663,Customer 01663,56,Male,Mumbai,Maharashtra,Salaried,Mass,2020-04-29
C01664,Customer 01664,56,Female,New Delhi,Delhi,Salaried,Affluent,2021-09-21
C01665,Customer 01665,69,Female,Kolkata,West Bengal,Retired,Mass,2018-01-27
C01666,Customer 01666,67,Female,Lucknow,Uttar Pradesh,Self-Employed,Mass Affluent,2021-09-02
C01667,Customer 01667,69,Female,Ahmedabad,Gujarat,Student,Mass,2025-06-11
C01668,Customer 01668,29,Male,Jaipur,Rajasthan,Self-Employed,Mass,2021-05-06
C01669,Customer 01669,23,Male,New Delhi,Delhi,Salaried,Affluent,2020-08-15
C01670,Customer 01670,57,Male,Lucknow,Uttar Pradesh,Salaried,Mass,2020-12-05
C01671,Customer 01671,49,Male,Kolkata,West Bengal,Self-Employed,Mass Affluent,2024-06-27
C01672,Customer 01672,66,Female,Warangal,Telangana,Student,Premium,2022-09-23
C01673,Customer 01673,61,Female,Warangal,Telangana,Business,Premium,2022-04-21
C01674,Customer 01674,62,Male,Surat,Gujarat,Student,Mass,2023-05-06
C01675,Customer 01675,66,Male,New Delhi,Delhi,Business,Premium,2023-07-01
C01676,Customer 01676,58,Female,Noida,Uttar Pradesh,Self-Employed,Premium,2023-05-02
C01677,Customer 01677,69,Female,Warangal,Telangana,Student,Mass,2024-12-29
C01678,Customer 01678,24,Male,Coimbatore,Tamil Nadu,Self-Employed,Mass,2024-06-30
C01679,Customer 01679,54,Female,Jaipur,Rajasthan,Retired,Mass Affluent,2022-10-26
C01680,Customer 01680,54,Male,Warangal,Telangana,Salaried,Mass,2022-12-13
C01681,Customer 01681,56,Male,Jodhpur,Rajasthan,Self-Employed,Affluent,2018-02-24
C01682,Customer 01682,50,Female,Vijayawada,Andhra Pradesh,Business,Affluent,2024-08-04
C01683,Customer 01683,38,Male,Bengaluru,Karnataka,Self-Employed,Mass,2023-09-20
C01684,Customer 01684,24,Female,Vijayawada,Andhra Pradesh,Self-Employed,Affluent,2025-08-17
C01685,Customer 01685,31,Female,Ahmedabad,Gujarat,Business,Premium,2025-04-04
C01686,Customer 01686,23,Male,Warangal,Telangana,Student,Mass Affluent,2021-01-26
C01687,Customer 01687,27,Male,Kolkata,West Bengal,Student,Premium,2022-02-23
C01688,Customer 01688,50,Female,Coimbatore,Tamil Nadu,Salaried,Mass,2025-01-09
C01689,Customer 01689,23,Male,Jodhpur,Rajasthan,Student,Mass,2022-03-23
C01690,Customer 01690,29,Male,Kolkata,West Bengal,Salaried,Mass,2024-05-24
C01691,Customer 01691,65,Female,Surat,Gujarat,Retired,Mass Affluent,2021-06-12
C01692,Customer 01692,67,Female,Mysuru,Karnataka,Student,Mass,2023-08-01
C01693,Customer 01693,32,Female,Ahmedabad,Gujarat,Student,Affluent,2022-12-21
C01694,Customer 01694,33,Female,Noida,Uttar Pradesh,Student,Affluent,2021-02-12
C01695,Customer 01695,27,Male,Coimbatore,Tamil Nadu,Business,Mass,2025-08-18
C01696,Customer 01696,48,Male,Kolkata,West Bengal,Self-Employed,Mass,2023-01-12
C01697,Customer 01697,41,Male,Noida,Uttar Pradesh,Student,Premium,2025-07-16
C01698,Customer 01698,42,Female,Lucknow,Uttar Pradesh,Self-Employed,Mass Affluent,2018-02-08
C01699,Customer 01699,54,Male,Ahmedabad,Gujarat,Salaried,Mass,2024-07-11
C01700,Customer 01700,69,Female,Pune,Maharashtra,Business,Mass Affluent,2023-09-04
C01701,Customer 01701,46,Male,Coimbatore,Tamil Nadu,Student,Mass,2020-04-05
C01702,Customer 01702,24,Male,Kolkata,West Bengal,Student,Premium,2023-06-17
C01703,Customer 01703,25,Male,Coimbatore,Tamil Nadu,Salaried,Mass,2024-01-13
C01704,Customer 01704,62,Female,Kolkata,West Bengal,Retired,Premium,2018-12-24
C01705,Customer 01705,39,Female,New Delhi,Delhi,Retired,Mass,2025-06-20
C01706,Customer 01706,33,Male,Kolkata,West Bengal,Retired,Mass,2019-04-09
C01707,Customer 01707,61,Female,Mysuru,Karnataka,Retired,Mass,2023-09-20
C01708,Customer 01708,40,Male,Lucknow,Uttar Pradesh,Business,Mass,2025-06-18
C01709,Customer 01709,30,Male,Mysuru,Karnataka,Self-Employed,Mass,2022-05-23
C01710,Customer 01710,23,Female,Pune,Maharashtra,Salaried,Mass,2020-05-03
C01711,Customer 01711,31,Female,New Delhi,Delhi,Business,Mass,2019-05-02
C01712,Customer 01712,29,Male,Jodhpur,Rajasthan,Salaried,Mass Affluent,2023-09-30
C01713,Customer 01713,45,Female,New Delhi,Delhi,Business,Premium,2023-10-22
C01714,Customer 01714,64,Male,Pune,Maharashtra,Salaried,Premium,2022-02-23
C01715,Customer 01715,56,Female,Hyderabad,Telangana,Retired,Mass,2020-12-17
C01716,Customer 01716,33,Female,Coimbatore,Tamil Nadu,Self-Employed,Mass Affluent,2023-03-11
C01717,Customer 01717,38,Female,Kolkata,West Bengal,Student,Mass Affluent,2018-08-23
C01718,Customer 01718,67,Female,Chennai,Tamil Nadu,Salaried,Mass,2020-12-22
C01719,Customer 01719,57,Female,Bengaluru,Karnataka,Salaried,Affluent,2024-05-14
C01720,Customer 01720,47,Male,Jodhpur,Rajasthan,Salaried,Mass,2019-09-12
C01721,Customer 01721,58,Male,Ahmedabad,Gujarat,Self-Employed,Mass,2022-10-05
C01722,Customer 01722,36,Female,Pune,Maharashtra,Student,Mass Affluent,2025-08-18
C01723,Customer 01723,37,Male,Ahmedabad,Gujarat,Salaried,Premium,2025-03-22
C01724,Customer 01724,58,Female,Kolkata,West Bengal,Student,Affluent,2020-06-21
C01725,Customer 01725,60,Male,Chennai,Tamil Nadu,Retired,Premium,2022-03-22
C01726,Customer 01726,25,Male,Bengaluru,Karnataka,Student,Premium,2023-06-28
C01727,Customer 01727,29,Female,Vijayawada,Andhra Pradesh,Business,Affluent,2023-02-03
C01728,Customer 01728,70,Male,Noida,Uttar Pradesh,Self-Employed,Mass Affluent,2019-02-05
C01729,Customer 01729,62,Female,Lucknow,Uttar Pradesh,Retired,Mass,2018-01-26
C01730,Customer 01730,55,Male,Bengaluru,Karnataka,Retired,Affluent,2020-02-13
C01731,Customer 01731,27,Male,New Delhi,Delhi,Self-Employed,Premium,2023-09-28
C01732,Customer 01732,40,Female,Mumbai,Maharashtra,Business,Premium,2020-06-27
C01733,Customer 01733,59,Male,Jodhpur,Rajasthan,Business,Mass,2024-05-14
C01734,Customer 01734,64,Male,Warangal,Telangana,Self-Employed,Mass,2024-09-22
C01735,Customer 01735,33,Female,Pune,Maharashtra,Business,Mass Affluent,2018-03-16
C01736,Customer 01736,59,Female,Noida,Uttar Pradesh,Business,Affluent,2022-03-05
C01737,Customer 01737,29,Male,Pune,Maharashtra,Retired,Mass,2018-04-19
C01738,Customer 01738,63,Male,Kolkata,West Bengal,Self-Employed,Mass Affluent,2019-01-28
C01739,Customer 01739,59,Male,Jaipur,Rajasthan,Student,Mass,2020-09-07
C01740,Customer 01740,67,Female,Coimbatore,Tamil Nadu,Student,Mass Affluent,2021-11-02
C01741,Customer 01741,64,Female,Surat,Gujarat,Student,Affluent,2018-04-16
C01742,Customer 01742,65,Male,Noida,Uttar Pradesh,Self-Employed,Mass Affluent,2022-11-02
C01743,Customer 01743,24,Female,Chennai,Tamil Nadu,Salaried,Mass Affluent,2021-07-25
C01744,Customer 01744,53,Female,Visakhapatnam,Andhra Pradesh,Business,Premium,2024-12-14
C01745,Customer 01745,36,Female,Kolkata,West Bengal,Salaried,Premium,2023-02-06
C01746,Customer 01746,26,Female,Mysuru,Karnataka,Business,Mass Affluent,2022-07-08
C01747,Customer 01747,67,Male,Surat,Gujarat,Student,Affluent,2023-12-06
C01748,Customer 01748,30,Male,New Delhi,Delhi,Retired,Mass Affluent,2022-02-25
C01749,Customer 01749,64,Female,New Delhi,Delhi,Salaried,Mass,2023-04-09
C01750,Customer 01750,68,Male,Lucknow,Uttar Pradesh,Salaried,Mass,2018-05-27
C01751,Customer 01751,30,Female,Visakhapatnam,Andhra Pradesh,Salaried,Mass,2020-01-27
C01752,Customer 01752,55,Female,Ahmedabad,Gujarat,Retired,Mass,2020-02-23
C01753,Customer 01753,58,Male,Jodhpur,Rajasthan,Retired,Mass Affluent,2020-10-30
C01754,Customer 01754,27,Female,Mysuru,Karnataka,Student,Affluent,2024-09-11
C01755,Customer 01755,35,Female,Lucknow,Uttar Pradesh,Retired,Premium,2022-01-27
C01756,Customer 01756,68,Female,Jodhpur,Rajasthan,Student,Mass Affluent,2024-01-12
C01757,Customer 01757,61,Female,Jodhpur,Rajasthan,Business,Mass,2022-12-21
C01758,Customer 01758,25,Female,Chennai,Tamil Nadu,Retired,Mass,2019-04-16
C01759,Customer 01759,24,Female,Surat,Gujarat,Retired,Mass,2019-07-31
C01760,Customer 01760,60,Male,Jaipur,Rajasthan,Salaried,Affluent,2021-12-17
C01761,Customer 01761,44,Male,Visakhapatnam,Andhra Pradesh,Student,Affluent,2024-02-05
C01762,Customer 01762,30,Female,Kolkata,West Bengal,Self-Employed,Premium,2019-09-26
C01763,Customer 01763,49,Female,Jodhpur,Rajasthan,Self-Employed,Affluent,2021-10-17
C01764,Customer 01764,58,Male,Bengaluru,Karnataka,Student,Premium,2025-08-24
C01765,Customer 01765,56,Female,Kolkata,West Bengal,Student,Mass Affluent,2018-08-17
C01766,Customer 01766,51,Female,Vijayawada,Andhra Pradesh,Student,Mass,2025-01-15
C01767,Customer 01767,52,Female,New Delhi,Delhi,Salaried,Mass Affluent,2018-07-19
C01768,Customer 01768,41,Male,Visakhapatnam,Andhra Pradesh,Business,Mass,2025-05-17
C01769,Customer 01769,65,Female,Ahmedabad,Gujarat,Self-Employed,Mass,2019-05-24
C01770,Customer 01770,51,Male,Surat,Gujarat,Student,Premium,2025-03-03
C01771,Customer 01771,53,Male,Mysuru,Karnataka,Self-Employed,Mass,2021-06-30
C01772,Customer 01772,25,Female,New Delhi,Delhi,Retired,Mass,2018-03-04
C01773,Customer 01773,62,Male,Chennai,Tamil Nadu,Retired,Affluent,2021-06-27
C01774,Customer 01774,41,Male,Mysuru,Karnataka,Business,Mass,2023-02-10
C01775,Customer 01775,57,Female,Mysuru,Karnataka,Business,Mass,2021-02-17
C01776,Customer 01776,37,Female,Noida,Uttar Pradesh,Self-Employed,Mass Affluent,2020-10-05
C01777,Customer 01777,21,Female,Warangal,Telangana,Business,Mass,2018-09-01
C01778,Customer 01778,33,Male,New Delhi,Delhi,Salaried,Mass,2023-05-05
C01779,Customer 01779,64,Female,Jodhpur,Rajasthan,Business,Mass,2025-05-11
C01780,Customer 01780,37,Male,New Delhi,Delhi,Student,Premium,2020-11-23
C01781,Customer 01781,41,Male,Mumbai,Maharashtra,Retired,Mass Affluent,2019-09-11
C01782,Customer 01782,25,Male,Pune,Maharashtra,Salaried,Premium,2018-04-04
C01783,Customer 01783,22,Male,New Delhi,Delhi,Self-Employed,Mass,2018-10-15
C01784,Customer 01784,43,Male,Hyderabad,Telangana,Retired,Premium,2023-07-26
C01785,Customer 01785,36,Male,Lucknow,Uttar Pradesh,Salaried,Mass Affluent,2019-05-09
C01786,Customer 01786,56,Male,New Delhi,Delhi,Salaried,Premium,2021-02-26
C01787,Customer 01787,60,Female,Chennai,Tamil Nadu,Retired,Premium,2019-07-21
C01788,Customer 01788,59,Male,Mumbai,Maharashtra,Salaried,Premium,2020-07-01
C01789,Customer 01789,57,Female,Surat,Gujarat,Retired,Affluent,2020-07-24
C01790,Customer 01790,46,Male,New Delhi,Delhi,Business,Mass,2018-04-07
C01791,Customer 01791,31,Male,Chennai,Tamil Nadu,Self-Employed,Affluent,2020-09-16
C01792,Customer 01792,58,Female,Pune,Maharashtra,Salaried,Premium,2025-06-03
C01793,Customer 01793,29,Female,Kolkata,West Bengal,Business,Mass,2021-04-11
C01794,Customer 01794,69,Female,Coimbatore,Tamil Nadu,Business,Premium,2021-06-21
C01795,Customer 01795,28,Female,Kolkata,West Bengal,Salaried,Premium,2022-12-01
C01796,Customer 01796,40,Female,Hyderabad,Telangana,Self-Employed,Mass,2021-04-01
C01797,Customer 01797,62,Female,Coimbatore,Tamil Nadu,Business,Affluent,2018-05-03
C01798,Customer 01798,59,Female,Jodhpur,Rajasthan,Student,Mass,2022-09-09
C01799,Customer 01799,26,Male,Mumbai,Maharashtra,Business,Mass Affluent,2025-04-22
C01800,Customer 01800,21,Female,Mysuru,Karnataka,Business,Mass,2019-08-23
C01801,Customer 01801,53,Female,Ahmedabad,Gujarat,Retired,Premium,2022-07-28
C01802,Customer 01802,35,Female,Mysuru,Karnataka,Student,Mass Affluent,2019-03-07
C01803,Customer 01803,34,Male,Bengaluru,Karnataka,Student,Mass Affluent,2025-08-19
C01804,Customer 01804,21,Male,Warangal,Telangana,Salaried,Premium,2021-02-28
C01805,Customer 01805,25,Female,Jaipur,Rajasthan,Student,Mass,2023-11-16
C01806,Customer 01806,35,Female,Ahmedabad,Gujarat,Self-Employed,Premium,2021-12-23
C01807,Customer 01807,26,Male,Coimbatore,Tamil Nadu,Self-Employed,Affluent,2024-02-06
C01808,Customer 01808,24,Female,New Delhi,Delhi,Self-Employed,Mass,2022-02-18
C01809,Customer 01809,59,Male,Visakhapatnam,Andhra Pradesh,Self-Employed,Mass Affluent,2022-11-18
C01810,Customer 01810,32,Male,Jaipur,Rajasthan,Self-Employed,Mass,2021-09-25
C01811,Customer 01811,45,Male,Warangal,Telangana,Salaried,Mass Affluent,2019-08-29
C01812,Customer 01812,63,Female,Warangal,Telangana,Business,Affluent,2018-11-12
C01813,Customer 01813,59,Male,Warangal,Telangana,Retired,Affluent,2020-04-30
C01814,Customer 01814,41,Male,Coimbatore,Tamil Nadu,Self-Employed,Mass,2025-06-20
C01815,Customer 01815,61,Male,Kolkata,West Bengal,Salaried,Affluent,2021-02-20
C01816,Customer 01816,40,Male,Mumbai,Maharashtra,Business,Premium,2023-10-01
C01817,Customer 01817,70,Male,New Delhi,Delhi,Business,Premium,2023-08-12
C01818,Customer 01818,43,Male,Pune,Maharashtra,Business,Premium,2019-11-30
C01819,Customer 01819,53,Male,New Delhi,Delhi,Retired,Mass,2023-08-12
C01820,Customer 01820,25,Male,Ahmedabad,Gujarat,Salaried,Mass Affluent,2018-02-11
C01821,Customer 01821,60,Male,Noida,Uttar Pradesh,Self-Employed,Mass,2024-01-06
C01822,Customer 01822,53,Female,New Delhi,Delhi,Business,Affluent,2020-07-13
C01823,Customer 01823,51,Female,Bengaluru,Karnataka,Retired,Mass,2021-08-06
C01824,Customer 01824,65,Male,Coimbatore,Tamil Nadu,Self-Employed,Mass Affluent,2023-02-18
C01825,Customer 01825,70,Male,Coimbatore,Tamil Nadu,Retired,Mass,2025-05-04
C01826,Customer 01826,65,Female,New Delhi,Delhi,Student,Mass Affluent,2025-04-21
C01827,Customer 01827,57,Male,Hyderabad,Telangana,Self-Employed,Mass,2019-06-08
C01828,Customer 01828,65,Male,Chennai,Tamil Nadu,Retired,Mass,2018-05-20
C01829,Customer 01829,42,Male,Jaipur,Rajasthan,Salaried,Mass,2025-05-05
C01830,Customer 01830,29,Female,Kolkata,West Bengal,Business,Premium,2020-04-19
C01831,Customer 01831,24,Female,Jodhpur,Rajasthan,Self-Employed,Premium,2019-08-15
C01832,Customer 01832,66,Male,Noida,Uttar Pradesh,Retired,Premium,2024-08-03
C01833,Customer 01833,28,Female,Ahmedabad,Gujarat,Self-Employed,Mass,2025-03-12
C01834,Customer 01834,45,Male,Pune,Maharashtra,Student,Affluent,2023-04-13
C01835,Customer 01835,60,Female,Visakhapatnam,Andhra Pradesh,Business,Mass,2023-12-14
C01836,Customer 01836,65,Female,Kolkata,West Bengal,Retired,Mass,2022-07-28
C01837,Customer 01837,69,Male,Jaipur,Rajasthan,Business,Mass,2018-04-08
C01838,Customer 01838,33,Female,Bengaluru,Karnataka,Retired,Premium,2024-12-14
C01839,Customer 01839,49,Female,Mysuru,Karnataka,Retired,Mass,2019-11-26
C01840,Customer 01840,41,Male,Surat,Gujarat,Retired,Mass Affluent,2021-08-18
C01841,Customer 01841,51,Female,Kolkata,West Bengal,Student,Mass,2021-05-22
C01842,Customer 01842,25,Male,Mumbai,Maharashtra,Salaried,Mass,2019-04-29
C01843,Customer 01843,21,Female,Pune,Maharashtra,Business,Mass Affluent,2022-08-01
C01844,Customer 01844,56,Male,Noida,Uttar Pradesh,Business,Mass,2018-12-11
C01845,Customer 01845,39,Female,Ahmedabad,Gujarat,Self-Employed,Mass,2024-03-17
C01846,Customer 01846,38,Male,Hyderabad,Telangana,Retired,Mass,2021-07-28
C01847,Customer 01847,57,Male,Mumbai,Maharashtra,Business,Premium,2020-08-29
C01848,Customer 01848,61,Male,Surat,Gujarat,Student,Mass Affluent,2025-06-16
C01849,Customer 01849,24,Male,Mysuru,Karnataka,Student,Mass,2023-12-08
C01850,Customer 01850,39,Male,New Delhi,Delhi,Business,Mass,2021-09-28
C01851,Customer 01851,69,Female,Hyderabad,Telangana,Business,Mass,2019-07-16
C01852,Customer 01852,29,Female,Coimbatore,Tamil Nadu,Student,Mass,2020-08-26
C01853,Customer 01853,22,Male,Kolkata,West Bengal,Retired,Affluent,2024-02-13
C01854,Customer 01854,41,Male,Mysuru,Karnataka,Retired,Affluent,2020-06-13
C01855,Customer 01855,63,Female,Hyderabad,Telangana,Student,Mass Affluent,2021-06-01
C01856,Customer 01856,67,Male,Noida,Uttar Pradesh,Self-Employed,Mass,2025-03-23
C01857,Customer 01857,21,Male,Vijayawada,Andhra Pradesh,Student,Affluent,2022-01-14
C01858,Customer 01858,31,Female,New Delhi,Delhi,Business,Mass,2020-06-11
C01859,Customer 01859,32,Female,Mumbai,Maharashtra,Salaried,Mass,2022-08-29
C01860,Customer 01860,24,Female,Mumbai,Maharashtra,Salaried,Affluent,2025-07-06
C01861,Customer 01861,67,Female,Warangal,Telangana,Salaried,Affluent,2019-04-09
C01862,Customer 01862,25,Female,Surat,Gujarat,Student,Mass,2025-07-12
C01863,Customer 01863,27,Male,Chennai,Tamil Nadu,Self-Employed,Mass,2022-01-22
C01864,Customer 01864,26,Female,Jaipur,Rajasthan,Student,Mass,2019-08-21
C01865,Customer 01865,55,Female,Vijayawada,Andhra Pradesh,Self-Employed,Affluent,2018-01-13
C01866,Customer 01866,27,Female,Coimbatore,Tamil Nadu,Self-Employed,Premium,2018-04-10
C01867,Customer 01867,21,Male,Noida,Uttar Pradesh,Retired,Mass Affluent,2025-01-05
C01868,Customer 01868,22,Female,Vijayawada,Andhra Pradesh,Retired,Premium,2021-04-23
C01869,Customer 01869,50,Male,New Delhi,Delhi,Self-Employed,Mass,2024-07-19
C01870,Customer 01870,29,Male,Jodhpur,Rajasthan,Self-Employed,Premium,2019-10-13
C01871,Customer 01871,41,Female,Pune,Maharashtra,Student,Mass Affluent,2023-11-22
C01872,Customer 01872,26,Female,Lucknow,Uttar Pradesh,Business,Premium,2021-03-31
C01873,Customer 01873,24,Female,Mumbai,Maharashtra,Business,Premium,2021-05-29
C01874,Customer 01874,29,Female,Ahmedabad,Gujarat,Retired,Mass,2020-04-08
C01875,Customer 01875,57,Female,Kolkata,West Bengal,Self-Employed,Mass Affluent,2023-02-04
C01876,Customer 01876,47,Female,Hyderabad,Telangana,Student,Mass,2018-10-28
C01877,Customer 01877,28,Male,New Delhi,Delhi,Self-Employed,Premium,2024-01-04
C01878,Customer 01878,23,Female,Jodhpur,Rajasthan,Student,Mass Affluent,2023-10-22
C01879,Customer 01879,55,Male,Noida,Uttar Pradesh,Student,Premium,2019-11-03
C01880,Customer 01880,35,Male,Pune,Maharashtra,Self-Employed,Mass,2022-01-12
C01881,Customer 01881,43,Female,New Delhi,Delhi,Business,Mass,2018-03-20
C01882,Customer 01882,52,Male,Kolkata,West Bengal,Business,Mass,2018-02-07
C01883,Customer 01883,44,Female,Bengaluru,Karnataka,Student,Mass,2025-03-07
C01884,Customer 01884,21,Female,New Delhi,Delhi,Student,Affluent,2024-02-26
C01885,Customer 01885,52,Female,Kolkata,West Bengal,Retired,Mass,2025-03-29
C01886,Customer 01886,25,Male,Chennai,Tamil Nadu,Salaried,Affluent,2023-08-28
C01887,Customer 01887,41,Male,Kolkata,West Bengal,Salaried,Mass Affluent,2025-07-13
C01888,Customer 01888,61,Male,Lucknow,Uttar Pradesh,Salaried,Affluent,2024-05-22
C01889,Customer 01889,36,Male,Visakhapatnam,Andhra Pradesh,Business,Mass Affluent,2020-07-17
C01890,Customer 01890,29,Male,Jodhpur,Rajasthan,Student,Mass,2025-05-09
C01891,Customer 01891,29,Male,Mysuru,Karnataka,Self-Employed,Mass Affluent,2022-10-25
C01892,Customer 01892,58,Male,Vijayawada,Andhra Pradesh,Salaried,Mass,2022-04-30
C01893,Customer 01893,33,Male,Mysuru,Karnataka,Student,Premium,2023-02-17
C01894,Customer 01894,43,Female,Chennai,Tamil Nadu,Student,Premium,2023-08-28
C01895,Customer 01895,44,Male,Mysuru,Karnataka,Business,Mass Affluent,2025-08-23
C01896,Customer 01896,26,Male,Mumbai,Maharashtra,Self-Employed,Mass,2018-02-15
C01897,Customer 01897,41,Female,Jaipur,Rajasthan,Self-Employed,Mass,2018-09-29
C01898,Customer 01898,35,Female,Chennai,Tamil Nadu,Business,Mass,2024-12-24
C01899,Customer 01899,40,Male,Coimbatore,Tamil Nadu,Retired,Mass,2022-03-14
C01900,Customer 01900,66,Male,Noida,Uttar Pradesh,Student,Mass Affluent,2022-10-13
C01901,Customer 01901,62,Female,Chennai,Tamil Nadu,Retired,Mass,2021-05-29
C01902,Customer 01902,39,Female,Coimbatore,Tamil Nadu,Retired,Mass,2021-10-17
C01903,Customer 01903,31,Female,Ahmedabad,Gujarat,Retired,Mass,2019-02-03
C01904,Customer 01904,26,Male,Kolkata,West Bengal,Student,Mass Affluent,2025-02-12
C01905,Customer 01905,23,Female,Visakhapatnam,Andhra Pradesh,Student,Mass,2023-08-04
C01906,Customer 01906,22,Female,New Delhi,Delhi,Student,Mass,2023-12-03
C01907,Customer 01907,22,Male,Pune,Maharashtra,Self-Employed,Affluent,2019-08-16
C01908,Customer 01908,42,Female,Mysuru,Karnataka,Salaried,Premium,2019-12-30
C01909,Customer 01909,32,Female,Mysuru,Karnataka,Retired,Mass Affluent,2023-08-31
C01910,Customer 01910,25,Male,Mumbai,Maharashtra,Salaried,Mass,2019-03-10
C01911,Customer 01911,22,Male,Hyderabad,Telangana,Retired,Mass,2019-12-05
C01912,Customer 01912,54,Male,Kolkata,West Bengal,Business,Mass Affluent,2021-07-07
C01913,Customer 01913,37,Male,Chennai,Tamil Nadu,Self-Employed,Mass Affluent,2020-11-27
C01914,Customer 01914,67,Female,Coimbatore,Tamil Nadu,Business,Mass,2023-06-10
C01915,Customer 01915,61,Female,Surat,Gujarat,Salaried,Premium,2025-06-30
C01916,Customer 01916,31,Male,Jaipur,Rajasthan,Salaried,Premium,2021-03-16
C01917,Customer 01917,62,Male,Vijayawada,Andhra Pradesh,Retired,Affluent,2024-01-27
C01918,Customer 01918,25,Female,Mumbai,Maharashtra,Retired,Mass,2019-05-03
C01919,Customer 01919,69,Male,Noida,Uttar Pradesh,Student,Affluent,2022-06-25
C01920,Customer 01920,26,Male,Surat,Gujarat,Business,Affluent,2023-02-26
C01921,Customer 01921,59,Male,Noida,Uttar Pradesh,Business,Mass Affluent,2024-10-19
C01922,Customer 01922,66,Female,Coimbatore,Tamil Nadu,Self-Employed,Premium,2025-03-02
C01923,Customer 01923,35,Male,Ahmedabad,Gujarat,Student,Mass,2022-05-28
C01924,Customer 01924,68,Male,Kolkata,West Bengal,Salaried,Affluent,2024-12-20
C01925,Customer 01925,49,Male,Pune,Maharashtra,Salaried,Mass,2025-06-20
C01926,Customer 01926,43,Female,Vijayawada,Andhra Pradesh,Self-Employed,Mass,2024-12-08
C01927,Customer 01927,26,Female,Surat,Gujarat,Student,Mass,2022-02-17
C01928,Customer 01928,43,Female,New Delhi,Delhi,Salaried,Affluent,2024-05-06
C01929,Customer 01929,61,Male,Kolkata,West Bengal,Student,Affluent,2018-12-17
C01930,Customer 01930,70,Female,Warangal,Telangana,Business,Affluent,2022-10-11
C01931,Customer 01931,36,Male,Warangal,Telangana,Student,Premium,2022-02-08
C01932,Customer 01932,63,Female,New Delhi,Delhi,Business,Mass Affluent,2020-12-02
C01933,Customer 01933,68,Male,Kolkata,West Bengal,Business,Mass,2025-06-22
C01934,Customer 01934,43,Female,Chennai,Tamil Nadu,Self-Employed,Mass Affluent,2023-05-06
C01935,Customer 01935,40,Male,Coimbatore,Tamil Nadu,Retired,Premium,2018-01-30
C01936,Customer 01936,27,Male,Mysuru,Karnataka,Student,Affluent,2023-01-19
C01937,Customer 01937,65,Male,Pune,Maharashtra,Student,Premium,2021-05-22
C01938,Customer 01938,41,Male,Kolkata,West Bengal,Retired,Mass,2020-02-22
C01939,Customer 01939,27,Male,Chennai,Tamil Nadu,Student,Mass Affluent,2019-03-29
C01940,Customer 01940,32,Male,Noida,Uttar Pradesh,Self-Employed,Mass,2018-07-21
C01941,Customer 01941,31,Male,Bengaluru,Karnataka,Self-Employed,Premium,2024-03-06
C01942,Customer 01942,53,Female,Lucknow,Uttar Pradesh,Student,Affluent,2022-05-06
C01943,Customer 01943,57,Female,Visakhapatnam,Andhra Pradesh,Self-Employed,Mass,2019-03-15
C01944,Customer 01944,21,Female,Mysuru,Karnataka,Retired,Affluent,2020-03-20
C01945,Customer 01945,49,Female,Bengaluru,Karnataka,Salaried,Affluent,2025-04-10
C01946,Customer 01946,35,Female,Lucknow,Uttar Pradesh,Business,Affluent,2022-11-27
C01947,Customer 01947,34,Male,New Delhi,Delhi,Retired,Premium,2023-08-24
C01948,Customer 01948,54,Female,Warangal,Telangana,Salaried,Affluent,2020-06-12
C01949,Customer 01949,46,Female,Pune,Maharashtra,Business,Affluent,2023-04-02
C01950,Customer 01950,41,Female,Surat,Gujarat,Self-Employed,Mass Affluent,2021-06-29
C01951,Customer 01951,23,Female,Surat,Gujarat,Student,Mass Affluent,2023-08-19
C01952,Customer 01952,64,Female,Warangal,Telangana,Business,Mass Affluent,2021-02-23
C01953,Customer 01953,24,Male,Ahmedabad,Gujarat,Salaried,Mass Affluent,2023-09-06
C01954,Customer 01954,33,Female,Coimbatore,Tamil Nadu,Retired,Premium,2019-10-18
C01955,Customer 01955,59,Female,Mysuru,Karnataka,Retired,Mass,2019-10-13
C01956,Customer 01956,41,Female,New Delhi,Delhi,Retired,Mass,2020-06-16
C01957,Customer 01957,29,Female,Warangal,Telangana,Business,Mass,2024-03-16
C01958,Customer 01958,21,Female,Vijayawada,Andhra Pradesh,Self-Employed,Mass Affluent,2020-02-29
C01959,Customer 01959,27,Female,Surat,Gujarat,Retired,Premium,2023-09-09
C01960,Customer 01960,50,Female,Hyderabad,Telangana,Student,Mass Affluent,2023-02-12
C01961,Customer 01961,55,Female,Vijayawada,Andhra Pradesh,Retired,Mass,2018-10-06
C01962,Customer 01962,64,Female,Warangal,Telangana,Retired,Mass Affluent,2020-02-20
C01963,Customer 01963,63,Female,Warangal,Telangana,Self-Employed,Affluent,2025-03-16
C01964,Customer 01964,32,Female,Kolkata,West Bengal,Business,Premium,2022-04-26
C01965,Customer 01965,38,Male,Bengaluru,Karnataka,Student,Mass Affluent,2021-04-13
C01966,Customer 01966,48,Female,Coimbatore,Tamil Nadu,Student,Mass Affluent,2024-02-25
C01967,Customer 01967,65,Male,Vijayawada,Andhra Pradesh,Self-Employed,Mass,2022-02-16
C01968,Customer 01968,28,Male,Hyderabad,Telangana,Business,Premium,2020-12-21
C01969,Customer 01969,49,Male,Pune,Maharashtra,Self-Employed,Affluent,2020-06-15
C01970,Customer 01970,66,Male,Noida,Uttar Pradesh,Self-Employed,Mass Affluent,2018-12-02
C01971,Customer 01971,70,Male,Lucknow,Uttar Pradesh,Retired,Mass Affluent,2021-09-26
C01972,Customer 01972,40,Female,New Delhi,Delhi,Student,Mass,2019-11-12
C01973,Customer 01973,56,Female,Jaipur,Rajasthan,Retired,Mass,2021-10-12
C01974,Customer 01974,52,Female,Vijayawada,Andhra Pradesh,Salaried,Mass,2019-05-16
C01975,Customer 01975,54,Female,Kolkata,West Bengal,Business,Affluent,2022-07-27
C01976,Customer 01976,43,Female,Jodhpur,Rajasthan,Retired,Premium,2022-03-07
C01977,Customer 01977,68,Female,Mysuru,Karnataka,Salaried,Affluent,2022-10-31
C01978,Customer 01978,64,Female,Bengaluru,Karnataka,Self-Employed,Mass,2020-11-28
C01979,Customer 01979,45,Female,Surat,Gujarat,Retired,Mass,2018-12-27
C01980,Customer 01980,64,Female,New Delhi,Delhi,Self-Employed,Mass Affluent,2023-05-11
C01981,Customer 01981,58,Female,Lucknow,Uttar Pradesh,Salaried,Premium,2018-02-27
C01982,Customer 01982,63,Female,Kolkata,West Bengal,Salaried,Mass Affluent,2022-10-20
C01983,Customer 01983,30,Female,Ahmedabad,Gujarat,Student,Affluent,2019-01-21
C01984,Customer 01984,41,Female,Ahmedabad,Gujarat,Student,Affluent,2025-07-13
C01985,Customer 01985,55,Female,Bengaluru,Karnataka,Self-Employed,Affluent,2019-02-01
C01986,Customer 01986,65,Female,Jodhpur,Rajasthan,Self-Employed,Mass,2024-12-13
C01987,Customer 01987,41,Male,Jodhpur,Rajasthan,Student,Affluent,2020-10-11
C01988,Customer 01988,22,Female,Surat,Gujarat,Retired,Mass,2018-07-20
C01989,Customer 01989,38,Male,Chennai,Tamil Nadu,Business,Mass,2021-07-05
C01990,Customer 01990,23,Male,New Delhi,Delhi,Self-Employed,Mass Affluent,2022-06-09
C01991,Customer 01991,26,Male,Noida,Uttar Pradesh,Retired,Mass,2025-08-31
C01992,Customer 01992,47,Female,Kolkata,West Bengal,Retired,Mass Affluent,2025-03-02
C01993,Customer 01993,25,Female,Kolkata,West Bengal,Retired,Affluent,2022-08-08
C01994,Customer 01994,41,Female,Vijayawada,Andhra Pradesh,Student,Affluent,2025-04-17
C01995,Customer 01995,37,Male,Kolkata,West Bengal,Self-Employed,Mass Affluent,2024-09-24
C01996,Customer 01996,59,Male,Mysuru,Karnataka,Self-Employed,Mass,2023-08-16
C01997,Customer 01997,66,Male,Pune,Maharashtra,Business,Mass,2020-09-29
C01998,Customer 01998,65,Female,Bengaluru,Karnataka,Self-Employed,Mass Affluent,2020-08-12
C01999,Customer 01999,60,Male,Coimbatore,Tamil Nadu,Salaried,Mass,2021-01-25
C02000,Customer 02000,67,Male,Mysuru,Karnataka,Retired,Premium,2019-11-10
C02001,Customer 02001,24,Female,New Delhi,Delhi,Student,Mass,2022-11-24
C02002,Customer 02002,68,Female,Mumbai,Maharashtra,Retired,Mass,2021-11-08
C02003,Customer 02003,54,Male,Hyderabad,Telangana,Retired,Mass,2020-01-10
C02004,Customer 02004,35,Female,Kolkata,West Bengal,Student,Mass,2025-05-23
C02005,Customer 02005,29,Female,Kolkata,West Bengal,Student,Mass,2022-06-04
C02006,Customer 02006,27,Female,Hyderabad,Telangana,Self-Employed,Mass,2019-05-20
C02007,Customer 02007,41,Male,New Delhi,Delhi,Salaried,Affluent,2024-08-07
C02008,Customer 02008,56,Male,New Delhi,Delhi,Student,Premium,2019-07-04
C02009,Customer 02009,70,Male,Warangal,Telangana,Retired,Mass Affluent,2020-10-03
C02010,Customer 02010,30,Male,Kolkata,West Bengal,Self-Employed,Mass,2022-03-18
C02011,Customer 02011,38,Female,Chennai,Tamil Nadu,Retired,Mass,2023-08-16
C02012,Customer 02012,35,Female,Warangal,Telangana,Student,Mass Affluent,2021-09-28
C02013,Customer 02013,55,Female,Jodhpur,Rajasthan,Student,Mass Affluent,2018-07-10
C02014,Customer 02014,37,Male,Coimbatore,Tamil Nadu,Business,Premium,2025-07-05
C02015,Customer 02015,40,Male,New Delhi,Delhi,Business,Mass Affluent,2018-10-27
C02016,Customer 02016,29,Female,Warangal,Telangana,Salaried,Mass Affluent,2025-06-06
C02017,Customer 02017,22,Male,Vijayawada,Andhra Pradesh,Salaried,Mass Affluent,2020-04-11
C02018,Customer 02018,59,Female,Coimbatore,Tamil Nadu,Business,Mass Affluent,2018-04-07
C02019,Customer 02019,62,Male,Surat,Gujarat,Retired,Mass,2020-09-12
C02020,Customer 02020,36,Female,Noida,Uttar Pradesh,Salaried,Mass Affluent,2024-08-06
C02021,Customer 02021,23,Male,Ahmedabad,Gujarat,Salaried,Affluent,2022-09-17
C02022,Customer 02022,55,Female,New Delhi,Delhi,Retired,Premium,2018-07-25
C02023,Customer 02023,22,Female,Kolkata,West Bengal,Student,Mass,2018-04-14
C02024,Customer 02024,29,Male,Coimbatore,Tamil Nadu,Salaried,Premium,2025-01-20
C02025,Customer 02025,53,Male,Pune,Maharashtra,Business,Affluent,2020-11-26
C02026,Customer 02026,70,Male,Lucknow,Uttar Pradesh,Salaried,Mass Affluent,2020-06-08
C02027,Customer 02027,51,Female,Jodhpur,Rajasthan,Retired,Mass,2018-08-21
C02028,Customer 02028,47,Male,Kolkata,West Bengal,Business,Affluent,2018-12-22
C02029,Customer 02029,28,Female,Noida,Uttar Pradesh,Business,Mass Affluent,2018-03-12
C02030,Customer 02030,49,Female,Ahmedabad,Gujarat,Business,Affluent,2022-10-02
C02031,Customer 02031,39,Male,Warangal,Telangana,Student,Mass,2018-05-05
C02032,Customer 02032,22,Male,Warangal,Telangana,Student,Premium,2022-03-05
C02033,Customer 02033,36,Male,Mumbai,Maharashtra,Salaried,Premium,2019-12-19
C02034,Customer 02034,28,Female,New Delhi,Delhi,Business,Premium,2024-03-28
C02035,Customer 02035,22,Female,Jaipur,Rajasthan,Student,Premium,2018-08-02
C02036,Customer 02036,39,Female,Jodhpur,Rajasthan,Business,Premium,2024-10-10
C02037,Customer 02037,43,Female,Pune,Maharashtra,Salaried,Premium,2024-02-26
C02038,Customer 02038,68,Female,Hyderabad,Telangana,Business,Mass Affluent,2022-12-10
C02039,Customer 02039,32,Female,Jodhpur,Rajasthan,Retired,Premium,2022-02-08
C02040,Customer 02040,21,Female,Mysuru,Karnataka,Self-Employed,Mass,2020-06-02
C02041,Customer 02041,34,Female,Coimbatore,Tamil Nadu,Retired,Mass Affluent,2024-06-28
C02042,Customer 02042,52,Female,Vijayawada,Andhra Pradesh,Student,Mass Affluent,2024-08-22
C02043,Customer 02043,36,Male,Jaipur,Rajasthan,Self-Employed,Mass,2025-06-17
C02044,Customer 02044,35,Male,Surat,Gujarat,Salaried,Mass Affluent,2020-02-26
C02045,Customer 02045,58,Female,Surat,Gujarat,Business,Mass,2023-04-25
C02046,Customer 02046,39,Male,Pune,Maharashtra,Self-Employed,Premium,2022-12-28
C02047,Customer 02047,46,Female,New Delhi,Delhi,Self-Employed,Mass,2020-07-06
C02048,Customer 02048,57,Female,Vijayawada,Andhra Pradesh,Retired,Mass Affluent,2023-10-25
C02049,Customer 02049,67,Female,Warangal,Telangana,Business,Mass Affluent,2018-08-16
C02050,Customer 02050,50,Male,Mysuru,Karnataka,Student,Mass,2021-06-30
C02051,Customer 02051,64,Male,New Delhi,Delhi,Business,Mass,2025-03-27
C02052,Customer 02052,42,Female,Mysuru,Karnataka,Salaried,Mass Affluent,2021-05-09
C02053,Customer 02053,26,Female,Chennai,Tamil Nadu,Business,Mass Affluent,2018-11-07
C02054,Customer 02054,32,Male,Warangal,Telangana,Business,Premium,2023-05-29
C02055,Customer 02055,46,Female,Hyderabad,Telangana,Student,Mass,2023-08-09
C02056,Customer 02056,68,Male,Ahmedabad,Gujarat,Student,Affluent,2020-07-27
C02057,Customer 02057,37,Female,Lucknow,Uttar Pradesh,Business,Affluent,2019-05-17
C02058,Customer 02058,61,Female,Pune,Maharashtra,Business,Premium,2018-08-03
C02059,Customer 02059,64,Female,Jodhpur,Rajasthan,Self-Employed,Affluent,2025-04-26
C02060,Customer 02060,42,Male,Mysuru,Karnataka,Business,Affluent,2021-08-05
C02061,Customer 02061,41,Female,Jodhpur,Rajasthan,Self-Employed,Premium,2018-08-20
C02062,Customer 02062,42,Female,Noida,Uttar Pradesh,Retired,Affluent,2022-09-05
C02063,Customer 02063,33,Female,Kolkata,West Bengal,Self-Employed,Premium,2025-08-11
C02064,Customer 02064,28,Female,New Delhi,Delhi,Self-Employed,Premium,2024-06-14
C02065,Customer 02065,69,Male,Chennai,Tamil Nadu,Student,Premium,2023-09-30
C02066,Customer 02066,36,Female,Chennai,Tamil Nadu,Student,Affluent,2019-11-08
C02067,Customer 02067,49,Male,Vijayawada,Andhra Pradesh,Self-Employed,Premium,2020-10-12
C02068,Customer 02068,34,Female,Surat,Gujarat,Salaried,Mass,2023-02-13
C02069,Customer 02069,27,Female,New Delhi,Delhi,Student,Affluent,2024-04-01
C02070,Customer 02070,29,Male,Chennai,Tamil Nadu,Student,Premium,2018-06-11
C02071,Customer 02071,58,Female,Jaipur,Rajasthan,Retired,Premium,2022-08-04
C02072,Customer 02072,21,Male,Surat,Gujarat,Student,Mass,2022-01-03
C02073,Customer 02073,34,Female,Mysuru,Karnataka,Business,Mass Affluent,2018-07-11
C02074,Customer 02074,39,Male,Mysuru,Karnataka,Salaried,Mass,2020-10-19
C02075,Customer 02075,31,Male,New Delhi,Delhi,Salaried,Affluent,2020-01-22
C02076,Customer 02076,68,Female,Kolkata,West Bengal,Student,Premium,2021-04-06
C02077,Customer 02077,32,Male,New Delhi,Delhi,Retired,Mass Affluent,2023-12-17
C02078,Customer 02078,56,Male,Jodhpur,Rajasthan,Self-Employed,Mass Affluent,2021-06-26
C02079,Customer 02079,51,Female,Mumbai,Maharashtra,Student,Mass,2024-06-28
C02080,Customer 02080,70,Male,Mumbai,Maharashtra,Self-Employed,Mass Affluent,2021-01-17
C02081,Customer 02081,51,Male,Coimbatore,Tamil Nadu,Retired,Affluent,2021-08-27
C02082,Customer 02082,65,Female,Chennai,Tamil Nadu,Self-Employed,Premium,2018-02-03
C02083,Customer 02083,31,Female,Pune,Maharashtra,Business,Premium,2025-01-07
C02084,Customer 02084,32,Female,Mysuru,Karnataka,Retired,Mass,2024-05-28
C02085,Customer 02085,35,Male,Pune,Maharashtra,Self-Employed,Mass,2023-03-26
C02086,Customer 02086,25,Male,New Delhi,Delhi,Student,Mass,2021-01-20
C02087,Customer 02087,32,Male,Hyderabad,Telangana,Student,Premium,2020-03-21
C02088,Customer 02088,62,Male,Mysuru,Karnataka,Business,Premium,2024-11-17
C02089,Customer 02089,34,Female,Kolkata,West Bengal,Self-Employed,Mass,2025-01-06
C02090,Customer 02090,23,Female,Visakhapatnam,Andhra Pradesh,Business,Mass,2018-06-13
C02091,Customer 02091,62,Female,Kolkata,West Bengal,Self-Employed,Mass Affluent,2019-08-28
C02092,Customer 02092,31,Female,New Delhi,Delhi,Business,Affluent,2022-06-11
C02093,Customer 02093,69,Female,Coimbatore,Tamil Nadu,Business,Premium,2018-02-23
C02094,Customer 02094,67,Female,Jaipur,Rajasthan,Business,Mass Affluent,2021-02-17
C02095,Customer 02095,25,Male,Chennai,Tamil Nadu,Student,Affluent,2025-07-25
C02096,Customer 02096,30,Male,New Delhi,Delhi,Business,Mass Affluent,2023-12-18
C02097,Customer 02097,38,Female,Kolkata,West Bengal,Salaried,Mass Affluent,2019-05-28
C02098,Customer 02098,41,Female,Surat,Gujarat,Salaried,Affluent,2019-12-25
C02099,Customer 02099,59,Male,Visakhapatnam,Andhra Pradesh,Student,Mass,2018-10-23
C02100,Customer 02100,23,Male,Vijayawada,Andhra Pradesh,Salaried,Affluent,2025-03-13
C02101,Customer 02101,49,Male,Ahmedabad,Gujarat,Student,Affluent,2022-06-19
C02102,Customer 02102,41,Male,Warangal,Telangana,Self-Employed,Mass,2022-11-09
C02103,Customer 02103,53,Male,Ahmedabad,Gujarat,Business,Mass,2022-06-24
C02104,Customer 02104,23,Male,Warangal,Telangana,Salaried,Mass,2024-11-10
C02105,Customer 02105,52,Female,New Delhi,Delhi,Retired,Mass Affluent,2024-12-05
C02106,Customer 02106,46,Female,Visakhapatnam,Andhra Pradesh,Retired,Affluent,2023-04-04
C02107,Customer 02107,40,Male,Noida,Uttar Pradesh,Retired,Mass,2021-11-01
C02108,Customer 02108,47,Male,Pune,Maharashtra,Retired,Mass,2022-09-06
C02109,Customer 02109,61,Male,Pune,Maharashtra,Self-Employed,Mass Affluent,2019-01-25
C02110,Customer 02110,41,Female,Warangal,Telangana,Salaried,Mass,2025-08-25
C02111,Customer 02111,70,Male,Surat,Gujarat,Business,Premium,2021-11-18
C02112,Customer 02112,29,Female,Jodhpur,Rajasthan,Self-Employed,Mass Affluent,2024-01-23
C02113,Customer 02113,49,Male,Ahmedabad,Gujarat,Self-Employed,Mass,2020-04-29
C02114,Customer 02114,36,Male,Mumbai,Maharashtra,Self-Employed,Mass,2019-08-19
C02115,Customer 02115,26,Male,Bengaluru,Karnataka,Self-Employed,Mass,2023-02-22
C02116,Customer 02116,32,Female,Coimbatore,Tamil Nadu,Student,Mass,2020-12-31
C02117,Customer 02117,63,Male,Bengaluru,Karnataka,Salaried,Premium,2023-07-14
C02118,Customer 02118,48,Female,Bengaluru,Karnataka,Self-Employed,Premium,2025-01-13
C02119,Customer 02119,66,Male,Surat,Gujarat,Self-Employed,Premium,2022-01-18
C02120,Customer 02120,37,Female,Jaipur,Rajasthan,Business,Mass Affluent,2022-02-03
C02121,Customer 02121,55,Female,Kolkata,West Bengal,Salaried,Premium,2019-06-01
C02122,Customer 02122,35,Female,Bengaluru,Karnataka,Salaried,Premium,2022-03-10
C02123,Customer 02123,23,Male,Hyderabad,Telangana,Salaried,Mass,2024-07-22
C02124,Customer 02124,26,Female,Surat,Gujarat,Salaried,Affluent,2023-11-12
C02125,Customer 02125,35,Male,Vijayawada,Andhra Pradesh,Salaried,Premium,2024-08-31
C02126,Customer 02126,39,Male,Chennai,Tamil Nadu,Student,Mass,2022-10-26
C02127,Customer 02127,28,Male,Bengaluru,Karnataka,Student,Mass Affluent,2021-07-25
C02128,Customer 02128,69,Male,Hyderabad,Telangana,Self-Employed,Mass,2020-04-19
C02129,Customer 02129,54,Female,Ahmedabad,Gujarat,Retired,Mass Affluent,2023-09-13
C02130,Customer 02130,62,Female,Surat,Gujarat,Retired,Affluent,2020-08-17
C02131,Customer 02131,59,Female,Mysuru,Karnataka,Business,Premium,2018-03-31
C02132,Customer 02132,23,Female,Kolkata,West Bengal,Salaried,Mass,2021-02-11
C02133,Customer 02133,53,Male,Vijayawada,Andhra Pradesh,Retired,Mass,2020-11-04
C02134,Customer 02134,45,Female,Warangal,Telangana,Business,Affluent,2024-04-14
C02135,Customer 02135,65,Female,New Delhi,Delhi,Self-Employed,Mass Affluent,2025-05-13
C02136,Customer 02136,41,Male,Mysuru,Karnataka,Self-Employed,Premium,2024-05-09
C02137,Customer 02137,30,Female,Ahmedabad,Gujarat,Student,Premium,2018-05-21
C02138,Customer 02138,66,Male,Pune,Maharashtra,Business,Mass,2019-11-14
C02139,Customer 02139,23,Male,New Delhi,Delhi,Student,Premium,2020-11-07
C02140,Customer 02140,54,Female,Noida,Uttar Pradesh,Business,Mass,2019-05-15
C02141,Customer 02141,66,Male,New Delhi,Delhi,Student,Mass Affluent,2025-06-11
C02142,Customer 02142,58,Female,Mysuru,Karnataka,Retired,Mass,2023-04-05
C02143,Customer 02143,52,Male,Ahmedabad,Gujarat,Business,Premium,2024-01-11
C02144,Customer 02144,46,Female,Kolkata,West Bengal,Retired,Premium,2022-11-23
C02145,Customer 02145,33,Female,Kolkata,West Bengal,Self-Employed,Mass,2023-04-21
C02146,Customer 02146,52,Male,Jodhpur,Rajasthan,Retired,Mass,2024-08-14
C02147,Customer 02147,38,Female,Pune,Maharashtra,Business,Premium,2020-10-18
C02148,Customer 02148,55,Male,Mysuru,Karnataka,Business,Mass,2022-02-22
C02149,Customer 02149,41,Male,Jaipur,Rajasthan,Retired,Affluent,2018-02-17
C02150,Customer 02150,34,Male,Kolkata,West Bengal,Business,Affluent,2019-09-04
C02151,Customer 02151,55,Male,Bengaluru,Karnataka,Salaried,Premium,2021-06-25
C02152,Customer 02152,25,Female,Jaipur,Rajasthan,Retired,Mass,2018-08-20
C02153,Customer 02153,70,Male,Surat,Gujarat,Self-Employed,Mass Affluent,2022-09-20
C02154,Customer 02154,62,Female,New Delhi,Delhi,Business,Mass,2024-10-02
C02155,Customer 02155,67,Male,Kolkata,West Bengal,Student,Mass,2024-11-06
C02156,Customer 02156,59,Male,Kolkata,West Bengal,Retired,Mass,2023-07-20
C02157,Customer 02157,56,Female,Mumbai,Maharashtra,Student,Mass,2021-02-28
C02158,Customer 02158,58,Male,Jodhpur,Rajasthan,Student,Affluent,2020-06-11
C02159,Customer 02159,27,Female,Jodhpur,Rajasthan,Salaried,Affluent,2023-02-08
C02160,Customer 02160,43,Male,Mysuru,Karnataka,Retired,Premium,2025-02-09
C02161,Customer 02161,60,Male,Kolkata,West Bengal,Self-Employed,Affluent,2020-04-29
C02162,Customer 02162,69,Female,Jaipur,Rajasthan,Student,Mass,2020-02-26
C02163,Customer 02163,52,Male,Ahmedabad,Gujarat,Student,Mass,2023-07-08
C02164,Customer 02164,63,Female,Jodhpur,Rajasthan,Retired,Mass,2020-03-02
C02165,Customer 02165,66,Male,Vijayawada,Andhra Pradesh,Self-Employed,Premium,2019-08-11
C02166,Customer 02166,37,Male,Mumbai,Maharashtra,Salaried,Affluent,2018-12-26
C02167,Customer 02167,22,Male,Kolkata,West Bengal,Self-Employed,Mass,2023-06-30
C02168,Customer 02168,44,Female,New Delhi,Delhi,Salaried,Mass,2021-08-15
C02169,Customer 02169,22,Female,New Delhi,Delhi,Self-Employed,Premium,2019-03-15
C02170,Customer 02170,66,Female,Mumbai,Maharashtra,Student,Affluent,2018-03-01
C02171,Customer 02171,46,Female,Jodhpur,Rajasthan,Self-Employed,Mass,2019-07-25
C02172,Customer 02172,52,Female,Mumbai,Maharashtra,Student,Affluent,2022-09-11
C02173,Customer 02173,55,Male,Coimbatore,Tamil Nadu,Retired,Mass Affluent,2018-03-05
C02174,Customer 02174,62,Male,Jaipur,Rajasthan,Self-Employed,Mass Affluent,2019-04-25
C02175,Customer 02175,32,Female,Bengaluru,Karnataka,Retired,Affluent,2023-10-28
C02176,Customer 02176,37,Female,Vijayawada,Andhra Pradesh,Retired,Premium,2024-03-29
C02177,Customer 02177,40,Female,Lucknow,Uttar Pradesh,Self-Employed,Affluent,2018-12-16
C02178,Customer 02178,52,Male,Jodhpur,Rajasthan,Business,Affluent,2021-10-17
C02179,Customer 02179,27,Female,Lucknow,Uttar Pradesh,Business,Affluent,2023-03-08
C02180,Customer 02180,40,Female,Warangal,Telangana,Retired,Mass,2024-09-12
C02181,Customer 02181,59,Female,New Delhi,Delhi,Self-Employed,Affluent,2023-06-13
C02182,Customer 02182,48,Male,Coimbatore,Tamil Nadu,Retired,Premium,2020-04-14
C02183,Customer 02183,22,Male,Lucknow,Uttar Pradesh,Business,Mass Affluent,2021-03-12
C02184,Customer 02184,41,Male,Chennai,Tamil Nadu,Self-Employed,Mass Affluent,2019-02-01
C02185,Customer 02185,32,Male,Warangal,Telangana,Student,Mass,2019-12-30
C02186,Customer 02186,27,Female,New Delhi,Delhi,Salaried,Mass,2023-11-24
C02187,Customer 02187,50,Male,Coimbatore,Tamil Nadu,Self-Employed,Premium,2019-06-09
C02188,Customer 02188,38,Male,Chennai,Tamil Nadu,Retired,Affluent,2024-09-17
C02189,Customer 02189,22,Female,Bengaluru,Karnataka,Business,Mass,2021-06-14
C02190,Customer 02190,35,Female,Pune,Maharashtra,Retired,Affluent,2023-11-22
C02191,Customer 02191,47,Female,Warangal,Telangana,Student,Premium,2018-09-05
C02192,Customer 02192,37,Female,Hyderabad,Telangana,Business,Mass,2022-05-15
C02193,Customer 02193,65,Female,Mumbai,Maharashtra,Business,Affluent,2018-08-08
C02194,Customer 02194,57,Male,Ahmedabad,Gujarat,Self-Employed,Mass,2020-06-18
C02195,Customer 02195,39,Male,Bengaluru,Karnataka,Salaried,Mass,2021-02-15
C02196,Customer 02196,54,Female,Surat,Gujarat,Self-Employed,Affluent,2020-09-13
C02197,Customer 02197,37,Male,Lucknow,Uttar Pradesh,Retired,Affluent,2020-01-22
C02198,Customer 02198,37,Female,Mysuru,Karnataka,Student,Premium,2020-08-29
C02199,Customer 02199,50,Male,Noida,Uttar Pradesh,Business,Premium,2018-09-15
C02200,Customer 02200,54,Male,Hyderabad,Telangana,Business,Mass,2019-03-04
C02201,Customer 02201,25,Female,Noida,Uttar Pradesh,Salaried,Premium,2023-02-20
C02202,Customer 02202,66,Female,Warangal,Telangana,Self-Employed,Premium,2018-08-12
C02203,Customer 02203,28,Female,Kolkata,West Bengal,Self-Employed,Affluent,2018-11-21
C02204,Customer 02204,48,Male,Surat,Gujarat,Salaried,Affluent,2025-01-30
C02205,Customer 02205,38,Female,Coimbatore,Tamil Nadu,Salaried,Mass,2021-02-28
C02206,Customer 02206,43,Male,New Delhi,Delhi,Self-Employed,Mass Affluent,2023-05-20
C02207,Customer 02207,56,Male,Vijayawada,Andhra Pradesh,Retired,Mass,2023-01-01
C02208,Customer 02208,21,Female,Hyderabad,Telangana,Retired,Mass Affluent,2024-04-06
C02209,Customer 02209,45,Female,Kolkata,West Bengal,Retired,Mass Affluent,2020-05-22
C02210,Customer 02210,22,Female,Coimbatore,Tamil Nadu,Retired,Premium,2018-07-30
C02211,Customer 02211,43,Female,Warangal,Telangana,Retired,Affluent,2019-08-31
C02212,Customer 02212,59,Female,Chennai,Tamil Nadu,Retired,Premium,2023-10-30
C02213,Customer 02213,25,Female,Chennai,Tamil Nadu,Retired,Mass,2024-09-27
C02214,Customer 02214,57,Female,Pune,Maharashtra,Student,Affluent,2019-11-04
C02215,Customer 02215,37,Female,New Delhi,Delhi,Student,Affluent,2022-04-30
C02216,Customer 02216,53,Male,Ahmedabad,Gujarat,Retired,Mass Affluent,2020-08-21
C02217,Customer 02217,24,Male,Ahmedabad,Gujarat,Self-Employed,Mass,2023-10-14
C02218,Customer 02218,56,Female,Surat,Gujarat,Salaried,Mass Affluent,2022-07-16
C02219,Customer 02219,27,Female,Hyderabad,Telangana,Student,Mass,2020-07-28
C02220,Customer 02220,63,Male,Visakhapatnam,Andhra Pradesh,Salaried,Mass,2020-03-17
C02221,Customer 02221,26,Female,New Delhi,Delhi,Student,Affluent,2020-06-30
C02222,Customer 02222,25,Female,Noida,Uttar Pradesh,Retired,Mass,2025-08-28
C02223,Customer 02223,52,Female,New Delhi,Delhi,Salaried,Mass,2025-01-16
C02224,Customer 02224,68,Female,Ahmedabad,Gujarat,Student,Mass Affluent,2018-05-07
C02225,Customer 02225,26,Male,Noida,Uttar Pradesh,Business,Mass,2020-08-27
C02226,Customer 02226,22,Female,Jodhpur,Rajasthan,Self-Employed,Affluent,2018-08-16
C02227,Customer 02227,49,Male,New Delhi,Delhi,Student,Mass,2024-09-20
C02228,Customer 02228,46,Male,New Delhi,Delhi,Student,Affluent,2024-03-31
C02229,Customer 02229,38,Female,Kolkata,West Bengal,Retired,Mass Affluent,2019-08-10
C02230,Customer 02230,64,Female,Jaipur,Rajasthan,Business,Mass,2020-09-28
C02231,Customer 02231,49,Female,Noida,Uttar Pradesh,Retired,Premium,2020-05-17
C02232,Customer 02232,49,Male,Bengaluru,Karnataka,Salaried,Mass Affluent,2022-01-08
C02233,Customer 02233,41,Male,Jodhpur,Rajasthan,Retired,Mass Affluent,2019-08-28
C02234,Customer 02234,53,Female,Warangal,Telangana,Self-Employed,Mass,2018-05-14
C02235,Customer 02235,47,Male,Bengaluru,Karnataka,Student,Affluent,2023-05-13
C02236,Customer 02236,30,Male,Chennai,Tamil Nadu,Student,Affluent,2023-04-19
C02237,Customer 02237,42,Male,Noida,Uttar Pradesh,Student,Mass Affluent,2021-01-24
C02238,Customer 02238,24,Male,Kolkata,West Bengal,Student,Affluent,2024-11-01
C02239,Customer 02239,22,Male,Ahmedabad,Gujarat,Student,Mass Affluent,2019-12-03
C02240,Customer 02240,29,Male,Mumbai,Maharashtra,Self-Employed,Premium,2018-10-24
C02241,Customer 02241,69,Female,Jaipur,Rajasthan,Student,Affluent,2018-08-12
C02242,Customer 02242,54,Male,Bengaluru,Karnataka,Salaried,Mass Affluent,2022-10-15
C02243,Customer 02243,21,Male,Pune,Maharashtra,Retired,Affluent,2022-12-21
C02244,Customer 02244,33,Male,Surat,Gujarat,Self-Employed,Premium,2018-01-04
C02245,Customer 02245,54,Male,Noida,Uttar Pradesh,Student,Affluent,2022-03-10
C02246,Customer 02246,29,Female,Mumbai,Maharashtra,Student,Mass,2021-09-22
C02247,Customer 02247,44,Female,Noida,Uttar Pradesh,Salaried,Mass,2018-12-09
C02248,Customer 02248,31,Male,Bengaluru,Karnataka,Self-Employed,Affluent,2023-07-17
C02249,Customer 02249,51,Male,New Delhi,Delhi,Student,Mass Affluent,2019-10-06
C02250,Customer 02250,46,Male,Pune,Maharashtra,Self-Employed,Affluent,2020-12-28
C02251,Customer 02251,26,Female,Visakhapatnam,Andhra Pradesh,Student,Mass Affluent,2024-05-02
C02252,Customer 02252,37,Female,Coimbatore,Tamil Nadu,Salaried,Mass,2022-05-05
C02253,Customer 02253,38,Female,Pune,Maharashtra,Salaried,Mass Affluent,2021-04-24
C02254,Customer 02254,38,Male,Pune,Maharashtra,Student,Mass,2020-01-10
C02255,Customer 02255,61,Female,Warangal,Telangana,Salaried,Mass Affluent,2022-08-30
C02256,Customer 02256,24,Female,Jaipur,Rajasthan,Retired,Mass Affluent,2022-03-21
C02257,Customer 02257,29,Female,Vijayawada,Andhra Pradesh,Retired,Mass Affluent,2025-08-30
C02258,Customer 02258,28,Female,New Delhi,Delhi,Student,Mass,2018-09-03
C02259,Customer 02259,63,Male,Vijayawada,Andhra Pradesh,Student,Mass Affluent,2022-10-24
C02260,Customer 02260,46,Male,Chennai,Tamil Nadu,Retired,Mass Affluent,2020-11-27
C02261,Customer 02261,33,Female,Chennai,Tamil Nadu,Salaried,Premium,2022-08-22
C02262,Customer 02262,61,Female,Noida,Uttar Pradesh,Self-Employed,Mass,2024-11-08
C02263,Customer 02263,21,Female,Warangal,Telangana,Self-Employed,Mass Affluent,2019-09-24
C02264,Customer 02264,26,Male,Kolkata,West Bengal,Student,Mass,2023-06-14
C02265,Customer 02265,60,Female,Hyderabad,Telangana,Salaried,Mass Affluent,2020-03-26
C02266,Customer 02266,64,Female,Ahmedabad,Gujarat,Retired,Mass Affluent,2022-12-04
C02267,Customer 02267,47,Female,Jaipur,Rajasthan,Business,Mass Affluent,2022-04-13
C02268,Customer 02268,49,Female,Surat,Gujarat,Salaried,Premium,2022-02-26
C02269,Customer 02269,21,Female,Surat,Gujarat,Student,Mass,2019-02-13
C02270,Customer 02270,59,Female,Hyderabad,Telangana,Business,Premium,2018-05-28
C02271,Customer 02271,44,Female,Coimbatore,Tamil Nadu,Retired,Premium,2025-08-13
C02272,Customer 02272,54,Female,Lucknow,Uttar Pradesh,Self-Employed,Mass,2025-02-25
C02273,Customer 02273,63,Male,Kolkata,West Bengal,Retired,Mass,2024-08-21
C02274,Customer 02274,61,Male,Vijayawada,Andhra Pradesh,Salaried,Mass,2021-10-25
C02275,Customer 02275,49,Male,Kolkata,West Bengal,Self-Employed,Premium,2020-06-15
C02276,Customer 02276,60,Male,Jaipur,Rajasthan,Self-Employed,Mass,2023-11-09
C02277,Customer 02277,56,Female,Coimbatore,Tamil Nadu,Business,Mass Affluent,2023-08-24
C02278,Customer 02278,67,Female,Pune,Maharashtra,Business,Mass,2024-05-15
C02279,Customer 02279,22,Male,Ahmedabad,Gujarat,Business,Mass Affluent,2018-01-08
C02280,Customer 02280,24,Female,Lucknow,Uttar Pradesh,Student,Mass,2023-10-17
C02281,Customer 02281,34,Female,Kolkata,West Bengal,Business,Mass,2019-04-18
C02282,Customer 02282,40,Male,Kolkata,West Bengal,Self-Employed,Premium,2022-05-20
C02283,Customer 02283,47,Male,Bengaluru,Karnataka,Self-Employed,Mass,2021-01-15
C02284,Customer 02284,24,Male,Mumbai,Maharashtra,Self-Employed,Premium,2021-02-11
C02285,Customer 02285,55,Male,Jaipur,Rajasthan,Self-Employed,Premium,2024-05-27
C02286,Customer 02286,65,Female,Jaipur,Rajasthan,Self-Employed,Mass,2024-02-16
C02287,Customer 02287,68,Male,Noida,Uttar Pradesh,Business,Affluent,2025-04-17
C02288,Customer 02288,41,Male,Kolkata,West Bengal,Retired,Mass,2021-06-28
C02289,Customer 02289,70,Female,Vijayawada,Andhra Pradesh,Retired,Mass,2023-03-22
C02290,Customer 02290,21,Male,Ahmedabad,Gujarat,Self-Employed,Mass,2024-03-26
C02291,Customer 02291,52,Female,Coimbatore,Tamil Nadu,Retired,Mass Affluent,2021-12-13
C02292,Customer 02292,37,Female,Lucknow,Uttar Pradesh,Retired,Mass,2020-01-03
C02293,Customer 02293,29,Female,Warangal,Telangana,Retired,Premium,2019-10-20
C02294,Customer 02294,23,Male,Coimbatore,Tamil Nadu,Self-Employed,Mass,2023-07-18
C02295,Customer 02295,37,Male,Lucknow,Uttar Pradesh,Business,Mass,2018-06-20
C02296,Customer 02296,27,Female,Bengaluru,Karnataka,Salaried,Affluent,2025-04-25
C02297,Customer 02297,24,Female,New Delhi,Delhi,Salaried,Mass,2019-02-25
C02298,Customer 02298,21,Male,Surat,Gujarat,Salaried,Affluent,2019-04-22
C02299,Customer 02299,31,Female,Hyderabad,Telangana,Business,Affluent,2021-05-30
C02300,Customer 02300,27,Male,Vijayawada,Andhra Pradesh,Student,Mass,2025-07-13
C02301,Customer 02301,22,Female,Mumbai,Maharashtra,Salaried,Mass,2025-08-11
C02302,Customer 02302,24,Female,Jodhpur,Rajasthan,Student,Mass,2024-02-08
C02303,Customer 02303,25,Male,Jaipur,Rajasthan,Business,Mass Affluent,2020-01-06
C02304,Customer 02304,49,Female,Vijayawada,Andhra Pradesh,Retired,Mass,2024-09-15
C02305,Customer 02305,34,Female,Jodhpur,Rajasthan,Student,Mass,2020-12-12
C02306,Customer 02306,23,Male,New Delhi,Delhi,Business,Mass Affluent,2018-02-12
C02307,Customer 02307,22,Male,Jodhpur,Rajasthan,Business,Mass,2024-08-15
C02308,Customer 02308,51,Female,Ahmedabad,Gujarat,Self-Employed,Premium,2020-10-18
C02309,Customer 02309,67,Male,Vijayawada,Andhra Pradesh,Business,Premium,2023-02-25
C02310,Customer 02310,41,Male,Surat,Gujarat,Salaried,Affluent,2021-11-27
C02311,Customer 02311,42,Male,Chennai,Tamil Nadu,Retired,Premium,2023-06-23
C02312,Customer 02312,50,Female,Visakhapatnam,Andhra Pradesh,Student,Mass,2024-04-10
C02313,Customer 02313,59,Female,Kolkata,West Bengal,Student,Mass Affluent,2019-08-10
C02314,Customer 02314,23,Female,Coimbatore,Tamil Nadu,Self-Employed,Mass,2024-03-04
C02315,Customer 02315,46,Female,Mumbai,Maharashtra,Salaried,Mass Affluent,2023-02-01
C02316,Customer 02316,39,Female,Kolkata,West Bengal,Business,Mass Affluent,2020-11-18
C02317,Customer 02317,64,Male,Ahmedabad,Gujarat,Student,Mass,2024-09-12
C02318,Customer 02318,62,Female,Chennai,Tamil Nadu,Business,Mass Affluent,2020-09-26
C02319,Customer 02319,70,Female,Coimbatore,Tamil Nadu,Business,Premium,2019-01-16
C02320,Customer 02320,53,Female,Visakhapatnam,Andhra Pradesh,Retired,Affluent,2021-07-04
C02321,Customer 02321,52,Female,Bengaluru,Karnataka,Salaried,Mass,2020-10-02
C02322,Customer 02322,53,Female,Jodhpur,Rajasthan,Self-Employed,Affluent,2018-11-08
C02323,Customer 02323,27,Male,Mumbai,Maharashtra,Retired,Mass,2018-08-10
C02324,Customer 02324,48,Male,Visakhapatnam,Andhra Pradesh,Salaried,Mass,2022-08-16
C02325,Customer 02325,24,Female,Coimbatore,Tamil Nadu,Student,Premium,2023-10-31
C02326,Customer 02326,41,Male,Lucknow,Uttar Pradesh,Salaried,Mass Affluent,2024-04-18
C02327,Customer 02327,41,Male,Surat,Gujarat,Student,Premium,2025-03-08
C02328,Customer 02328,23,Female,Jaipur,Rajasthan,Salaried,Mass,2019-07-16
C02329,Customer 02329,45,Male,Chennai,Tamil Nadu,Self-Employed,Mass,2019-05-17
C02330,Customer 02330,29,Female,Kolkata,West Bengal,Business,Premium,2019-09-18
C02331,Customer 02331,34,Male,Jaipur,Rajasthan,Student,Mass Affluent,2021-11-28
C02332,Customer 02332,42,Female,Ahmedabad,Gujarat,Business,Mass Affluent,2024-05-13
C02333,Customer 02333,25,Male,Surat,Gujarat,Self-Employed,Affluent,2018-10-11
C02334,Customer 02334,55,Male,Surat,Gujarat,Salaried,Premium,2023-02-17
C02335,Customer 02335,62,Male,Pune,Maharashtra,Student,Mass Affluent,2019-10-21
C02336,Customer 02336,28,Male,Hyderabad,Telangana,Retired,Affluent,2018-07-08
C02337,Customer 02337,60,Male,New Delhi,Delhi,Self-Employed,Affluent,2020-01-24
C02338,Customer 02338,35,Male,Chennai,Tamil Nadu,Salaried,Premium,2019-01-17
C02339,Customer 02339,41,Female,Kolkata,West Bengal,Salaried,Affluent,2018-04-20
C02340,Customer 02340,28,Male,Mysuru,Karnataka,Self-Employed,Mass,2024-05-12
C02341,Customer 02341,36,Female,New Delhi,Delhi,Student,Affluent,2025-03-01
C02342,Customer 02342,39,Female,Vijayawada,Andhra Pradesh,Business,Premium,2021-08-24
C02343,Customer 02343,38,Female,Visakhapatnam,Andhra Pradesh,Retired,Mass Affluent,2018-05-20
C02344,Customer 02344,22,Female,Surat,Gujarat,Business,Mass Affluent,2020-01-13
C02345,Customer 02345,67,Male,Kolkata,West Bengal,Retired,Affluent,2023-05-04
C02346,Customer 02346,39,Female,Surat,Gujarat,Salaried,Mass,2018-03-11
C02347,Customer 02347,60,Male,Surat,Gujarat,Retired,Premium,2025-01-02
C02348,Customer 02348,64,Female,Chennai,Tamil Nadu,Retired,Mass,2025-05-13
C02349,Customer 02349,47,Female,Warangal,Telangana,Business,Mass,2018-03-17
C02350,Customer 02350,23,Female,Chennai,Tamil Nadu,Business,Affluent,2025-08-11
C02351,Customer 02351,42,Female,Bengaluru,Karnataka,Retired,Mass Affluent,2022-10-04
C02352,Customer 02352,61,Female,Hyderabad,Telangana,Business,Mass,2023-01-12
C02353,Customer 02353,46,Male,Hyderabad,Telangana,Salaried,Mass,2022-03-11
C02354,Customer 02354,53,Male,Pune,Maharashtra,Salaried,Mass Affluent,2024-11-07
C02355,Customer 02355,39,Female,Ahmedabad,Gujarat,Business,Mass Affluent,2021-03-22
C02356,Customer 02356,44,Male,Kolkata,West Bengal,Retired,Premium,2018-06-01
C02357,Customer 02357,42,Male,Kolkata,West Bengal,Self-Employed,Mass Affluent,2019-11-06
C02358,Customer 02358,21,Female,Pune,Maharashtra,Salaried,Premium,2020-12-28
C02359,Customer 02359,30,Male,Ahmedabad,Gujarat,Student,Mass,2019-08-31
C02360,Customer 02360,35,Male,Surat,Gujarat,Salaried,Premium,2018-12-12
C02361,Customer 02361,58,Female,Visakhapatnam,Andhra Pradesh,Self-Employed,Premium,2019-09-07
C02362,Customer 02362,45,Male,Lucknow,Uttar Pradesh,Salaried,Affluent,2018-09-28
C02363,Customer 02363,27,Female,Visakhapatnam,Andhra Pradesh,Self-Employed,Premium,2018-08-11
C02364,Customer 02364,67,Male,Ahmedabad,Gujarat,Business,Mass Affluent,2021-03-22
C02365,Customer 02365,21,Male,Pune,Maharashtra,Student,Mass Affluent,2018-03-16
C02366,Customer 02366,21,Female,Hyderabad,Telangana,Business,Mass,2023-08-20
C02367,Customer 02367,57,Male,Lucknow,Uttar Pradesh,Self-Employed,Premium,2019-06-07
C02368,Customer 02368,49,Male,New Delhi,Delhi,Business,Mass,2019-07-04
C02369,Customer 02369,55,Female,Vijayawada,Andhra Pradesh,Student,Mass,2024-09-10
C02370,Customer 02370,63,Male,Vijayawada,Andhra Pradesh,Retired,Mass Affluent,2022-01-13
C02371,Customer 02371,22,Male,Hyderabad,Telangana,Salaried,Premium,2022-04-18
C02372,Customer 02372,65,Male,Kolkata,West Bengal,Self-Employed,Mass,2024-09-06
C02373,Customer 02373,56,Male,Ahmedabad,Gujarat,Business,Mass Affluent,2020-11-23
C02374,Customer 02374,31,Female,Mysuru,Karnataka,Self-Employed,Affluent,2025-06-13
C02375,Customer 02375,46,Male,Bengaluru,Karnataka,Student,Mass,2021-01-03
C02376,Customer 02376,41,Female,Bengaluru,Karnataka,Salaried,Mass,2019-08-26
C02377,Customer 02377,63,Male,Vijayawada,Andhra Pradesh,Salaried,Premium,2021-01-16
C02378,Customer 02378,56,Female,New Delhi,Delhi,Self-Employed,Mass Affluent,2024-09-01
C02379,Customer 02379,23,Female,Noida,Uttar Pradesh,Business,Affluent,2020-11-14
C02380,Customer 02380,22,Female,Mysuru,Karnataka,Business,Mass,2023-11-10
C02381,Customer 02381,53,Female,Pune,Maharashtra,Self-Employed,Premium,2019-12-25
C02382,Customer 02382,33,Female,New Delhi,Delhi,Salaried,Premium,2019-12-21
C02383,Customer 02383,35,Female,Hyderabad,Telangana,Student,Mass Affluent,2018-07-01
C02384,Customer 02384,67,Female,Pune,Maharashtra,Retired,Mass Affluent,2018-03-24
C02385,Customer 02385,22,Female,Jodhpur,Rajasthan,Salaried,Mass,2021-01-17
C02386,Customer 02386,34,Male,New Delhi,Delhi,Student,Affluent,2025-03-29
C02387,Customer 02387,69,Male,Kolkata,West Bengal,Retired,Mass,2019-01-20
C02388,Customer 02388,33,Male,Warangal,Telangana,Business,Mass,2021-12-22
C02389,Customer 02389,25,Female,Kolkata,West Bengal,Self-Employed,Mass,2021-12-06
C02390,Customer 02390,27,Male,Lucknow,Uttar Pradesh,Retired,Premium,2022-02-17
C02391,Customer 02391,67,Male,Hyderabad,Telangana,Self-Employed,Affluent,2020-08-18
C02392,Customer 02392,29,Male,New Delhi,Delhi,Retired,Mass Affluent,2021-09-05
C02393,Customer 02393,24,Male,Kolkata,West Bengal,Business,Premium,2021-01-31
C02394,Customer 02394,43,Male,Kolkata,West Bengal,Business,Mass,2023-05-27
C02395,Customer 02395,22,Female,Vijayawada,Andhra Pradesh,Salaried,Mass,2022-04-10
C02396,Customer 02396,70,Female,Surat,Gujarat,Student,Mass,2019-08-22
C02397,Customer 02397,30,Male,Bengaluru,Karnataka,Retired,Mass,2020-01-12
C02398,Customer 02398,35,Male,Bengaluru,Karnataka,Self-Employed,Premium,2021-05-16
C02399,Customer 02399,40,Female,Noida,Uttar Pradesh,Student,Affluent,2023-02-06
C02400,Customer 02400,67,Male,Jodhpur,Rajasthan,Salaried,Mass Affluent,2025-05-11
C02401,Customer 02401,54,Male,Jodhpur,Rajasthan,Student,Premium,2022-06-01
C02402,Customer 02402,24,Male,Lucknow,Uttar Pradesh,Salaried,Mass,2019-12-02
C02403,Customer 02403,39,Male,Noida,Uttar Pradesh,Student,Mass,2019-01-29
C02404,Customer 02404,49,Male,Ahmedabad,Gujarat,Student,Mass,2025-07-17
C02405,Customer 02405,37,Male,Hyderabad,Telangana,Student,Mass,2018-02-26
C02406,Customer 02406,32,Male,Kolkata,West Bengal,Self-Employed,Affluent,2023-09-06
C02407,Customer 02407,58,Female,Bengaluru,Karnataka,Salaried,Mass Affluent,2024-03-04
C02408,Customer 02408,62,Female,Vijayawada,Andhra Pradesh,Self-Employed,Mass,2019-12-01
C02409,Customer 02409,22,Female,Surat,Gujarat,Business,Mass,2018-09-29
C02410,Customer 02410,35,Female,Visakhapatnam,Andhra Pradesh,Self-Employed,Mass Affluent,2021-01-31
C02411,Customer 02411,37,Male,Surat,Gujarat,Salaried,Affluent,2023-08-10
C02412,Customer 02412,27,Female,Noida,Uttar Pradesh,Retired,Premium,2019-05-09
C02413,Customer 02413,41,Female,Ahmedabad,Gujarat,Self-Employed,Mass Affluent,2021-08-24
C02414,Customer 02414,27,Female,Vijayawada,Andhra Pradesh,Student,Mass,2018-01-11
C02415,Customer 02415,27,Male,Jaipur,Rajasthan,Salaried,Mass Affluent,2021-12-26
C02416,Customer 02416,44,Male,Mysuru,Karnataka,Business,Affluent,2023-06-11
C02417,Customer 02417,28,Male,Warangal,Telangana,Student,Mass,2024-10-17
C02418,Customer 02418,68,Female,Hyderabad,Telangana,Retired,Affluent,2022-02-15
C02419,Customer 02419,39,Female,Visakhapatnam,Andhra Pradesh,Student,Mass,2024-07-18
C02420,Customer 02420,46,Female,Noida,Uttar Pradesh,Business,Mass Affluent,2020-11-06
C02421,Customer 02421,57,Male,Hyderabad,Telangana,Business,Mass,2018-09-25
C02422,Customer 02422,40,Male,Coimbatore,Tamil Nadu,Salaried,Affluent,2020-04-17
C02423,Customer 02423,60,Female,New Delhi,Delhi,Student,Mass,2023-09-04
C02424,Customer 02424,32,Female,Hyderabad,Telangana,Student,Mass,2019-09-09
C02425,Customer 02425,27,Female,Visakhapatnam,Andhra Pradesh,Self-Employed,Mass,2023-08-29
C02426,Customer 02426,58,Male,Mumbai,Maharashtra,Business,Mass,2021-03-09
C02427,Customer 02427,62,Female,Kolkata,West Bengal,Salaried,Mass Affluent,2025-04-25
C02428,Customer 02428,35,Male,Noida,Uttar Pradesh,Business,Premium,2020-10-15
C02429,Customer 02429,50,Female,Coimbatore,Tamil Nadu,Self-Employed,Mass Affluent,2021-02-20
C02430,Customer 02430,49,Male,New Delhi,Delhi,Self-Employed,Affluent,2019-12-12
C02431,Customer 02431,49,Male,Coimbatore,Tamil Nadu,Retired,Mass Affluent,2019-03-13
C02432,Customer 02432,68,Female,Coimbatore,Tamil Nadu,Business,Mass,2021-02-08
C02433,Customer 02433,38,Female,Noida,Uttar Pradesh,Self-Employed,Mass,2024-06-19
C02434,Customer 02434,70,Female,Kolkata,West Bengal,Self-Employed,Affluent,2019-03-17
C02435,Customer 02435,69,Male,Noida,Uttar Pradesh,Business,Mass Affluent,2019-02-12
C02436,Customer 02436,44,Male,Kolkata,West Bengal,Retired,Mass,2020-11-11
C02437,Customer 02437,68,Male,Vijayawada,Andhra Pradesh,Self-Employed,Mass,2023-12-18
C02438,Customer 02438,27,Female,Chennai,Tamil Nadu,Salaried,Mass Affluent,2021-03-28
C02439,Customer 02439,58,Female,Lucknow,Uttar Pradesh,Self-Employed,Premium,2022-10-01
C02440,Customer 02440,28,Female,Vijayawada,Andhra Pradesh,Business,Affluent,2023-08-31
C02441,Customer 02441,66,Female,Warangal,Telangana,Retired,Mass,2018-12-17
C02442,Customer 02442,61,Male,Mysuru,Karnataka,Business,Affluent,2021-12-10
C02443,Customer 02443,36,Female,Jodhpur,Rajasthan,Retired,Mass Affluent,2019-11-05
C02444,Customer 02444,24,Female,Surat,Gujarat,Self-Employed,Mass,2018-10-13
C02445,Customer 02445,37,Female,Mumbai,Maharashtra,Salaried,Mass Affluent,2018-06-25
C02446,Customer 02446,40,Female,Kolkata,West Bengal,Salaried,Premium,2022-03-03
C02447,Customer 02447,50,Female,Vijayawada,Andhra Pradesh,Self-Employed,Premium,2023-07-12
C02448,Customer 02448,59,Female,Lucknow,Uttar Pradesh,Self-Employed,Mass Affluent,2021-07-08
C02449,Customer 02449,61,Female,Warangal,Telangana,Salaried,Mass Affluent,2020-10-11
C02450,Customer 02450,23,Female,Chennai,Tamil Nadu,Self-Employed,Mass Affluent,2024-01-21
C02451,Customer 02451,62,Male,Warangal,Telangana,Salaried,Mass,2018-04-25
C02452,Customer 02452,44,Female,Pune,Maharashtra,Student,Affluent,2021-05-23
C02453,Customer 02453,31,Female,Kolkata,West Bengal,Student,Mass,2021-10-21
C02454,Customer 02454,32,Male,Chennai,Tamil Nadu,Retired,Mass,2023-08-15
C02455,Customer 02455,45,Female,Jodhpur,Rajasthan,Self-Employed,Mass,2023-08-31
C02456,Customer 02456,33,Male,New Delhi,Delhi,Business,Premium,2019-07-27
C02457,Customer 02457,49,Female,Pune,Maharashtra,Business,Mass Affluent,2021-10-18
C02458,Customer 02458,64,Male,Jaipur,Rajasthan,Self-Employed,Mass,2019-03-08
C02459,Customer 02459,63,Male,Mysuru,Karnataka,Business,Mass Affluent,2020-09-02
C02460,Customer 02460,33,Male,New Delhi,Delhi,Student,Mass,2025-05-19
C02461,Customer 02461,32,Female,Noida,Uttar Pradesh,Self-Employed,Mass,2021-09-03
C02462,Customer 02462,37,Female,Noida,Uttar Pradesh,Business,Mass,2024-04-17
C02463,Customer 02463,70,Male,Surat,Gujarat,Salaried,Mass,2019-10-21
C02464,Customer 02464,49,Female,New Delhi,Delhi,Salaried,Affluent,2018-04-04
C02465,Customer 02465,32,Male,New Delhi,Delhi,Student,Mass Affluent,2022-08-11
C02466,Customer 02466,58,Male,Visakhapatnam,Andhra Pradesh,Self-Employed,Mass,2025-02-19
C02467,Customer 02467,35,Female,Mysuru,Karnataka,Self-Employed,Mass,2022-09-14
C02468,Customer 02468,33,Female,Surat,Gujarat,Salaried,Mass Affluent,2018-10-20
C02469,Customer 02469,40,Male,Jaipur,Rajasthan,Self-Employed,Premium,2022-06-03
C02470,Customer 02470,63,Male,Warangal,Telangana,Salaried,Premium,2022-02-10
C02471,Customer 02471,48,Male,Kolkata,West Bengal,Self-Employed,Mass,2019-04-12
C02472,Customer 02472,33,Male,Jaipur,Rajasthan,Student,Mass,2023-11-07
C02473,Customer 02473,36,Male,Ahmedabad,Gujarat,Business,Mass,2023-02-12
C02474,Customer 02474,43,Female,Mumbai,Maharashtra,Salaried,Affluent,2023-07-13
C02475,Customer 02475,28,Female,Hyderabad,Telangana,Salaried,Mass Affluent,2022-03-23
C02476,Customer 02476,40,Male,Kolkata,West Bengal,Business,Affluent,2022-03-23
C02477,Customer 02477,24,Male,Noida,Uttar Pradesh,Business,Mass Affluent,2018-02-15
C02478,Customer 02478,67,Male,Visakhapatnam,Andhra Pradesh,Business,Premium,2020-06-27
C02479,Customer 02479,29,Female,Coimbatore,Tamil Nadu,Student,Mass Affluent,2021-02-03
C02480,Customer 02480,39,Male,New Delhi,Delhi,Business,Mass,2021-04-09
C02481,Customer 02481,66,Male,Jaipur,Rajasthan,Retired,Mass Affluent,2019-08-10
C02482,Customer 02482,42,Male,Kolkata,West Bengal,Student,Affluent,2022-01-27
C02483,Customer 02483,58,Male,Chennai,Tamil Nadu,Salaried,Mass Affluent,2018-12-11
C02484,Customer 02484,65,Female,New Delhi,Delhi,Business,Affluent,2020-05-07
C02485,Customer 02485,46,Female,Kolkata,West Bengal,Self-Employed,Mass,2019-07-10
C02486,Customer 02486,67,Female,Kolkata,West Bengal,Retired,Affluent,2019-03-25
C02487,Customer 02487,59,Male,Hyderabad,Telangana,Student,Premium,2024-03-21
C02488,Customer 02488,55,Female,New Delhi,Delhi,Business,Affluent,2018-05-03
C02489,Customer 02489,36,Female,Vijayawada,Andhra Pradesh,Business,Mass Affluent,2019-11-01
C02490,Customer 02490,43,Male,Surat,Gujarat,Retired,Affluent,2019-04-19
C02491,Customer 02491,34,Male,Visakhapatnam,Andhra Pradesh,Self-Employed,Premium,2022-10-18
C02492,Customer 02492,38,Female,Bengaluru,Karnataka,Business,Premium,2024-03-09
C02493,Customer 02493,64,Female,New Delhi,Delhi,Retired,Mass,2019-06-16
C02494,Customer 02494,46,Female,Mumbai,Maharashtra,Business,Affluent,2024-04-27
C02495,Customer 02495,21,Male,Bengaluru,Karnataka,Retired,Mass Affluent,2020-03-16
C02496,Customer 02496,69,Female,Lucknow,Uttar Pradesh,Business,Affluent,2024-12-28
C02497,Customer 02497,31,Female,Pune,Maharashtra,Retired,Mass,2025-07-12
C02498,Customer 02498,65,Male,Pune,Maharashtra,Retired,Mass,2022-05-19
C02499,Customer 02499,63,Female,Kolkata,West Bengal,Business,Mass Affluent,2018-08-28
C02500,Customer 02500,53,Female,Kolkata,West Bengal,Student,Mass Affluent,2021-07-27
C02501,Customer 02501,67,Female,Jaipur,Rajasthan,Salaried,Mass,2019-03-01
C02502,Customer 02502,37,Male,Warangal,Telangana,Student,Mass Affluent,2022-06-07
C02503,Customer 02503,49,Male,Bengaluru,Karnataka,Self-Employed,Mass,2021-12-23
C02504,Customer 02504,58,Female,Jodhpur,Rajasthan,Self-Employed,Mass,2024-04-15
C02505,Customer 02505,70,Male,Jodhpur,Rajasthan,Salaried,Mass,2018-04-23
C02506,Customer 02506,48,Male,Lucknow,Uttar Pradesh,Retired,Premium,2021-10-07
C02507,Customer 02507,58,Female,Jaipur,Rajasthan,Business,Affluent,2024-01-01
C02508,Customer 02508,32,Female,Warangal,Telangana,Self-Employed,Affluent,2020-05-05
C02509,Customer 02509,62,Female,Vijayawada,Andhra Pradesh,Self-Employed,Affluent,2020-01-12
C02510,Customer 02510,63,Male,Vijayawada,Andhra Pradesh,Business,Affluent,2023-09-22
C02511,Customer 02511,41,Female,Mysuru,Karnataka,Student,Mass,2025-01-10
C02512,Customer 02512,57,Male,Hyderabad,Telangana,Salaried,Mass,2018-11-14
C02513,Customer 02513,21,Female,New Delhi,Delhi,Business,Mass,2025-05-29
C02514,Customer 02514,70,Female,Kolkata,West Bengal,Salaried,Affluent,2024-02-08
C02515,Customer 02515,39,Male,Bengaluru,Karnataka,Student,Mass,2024-12-01
C02516,Customer 02516,28,Male,Mysuru,Karnataka,Retired,Affluent,2018-02-21
C02517,Customer 02517,43,Female,Surat,Gujarat,Salaried,Mass,2019-09-29
C02518,Customer 02518,67,Female,Jodhpur,Rajasthan,Salaried,Premium,2022-10-11
C02519,Customer 02519,67,Male,Bengaluru,Karnataka,Business,Mass,2025-07-04
C02520,Customer 02520,51,Female,Visakhapatnam,Andhra Pradesh,Self-Employed,Mass,2023-07-19
C02521,Customer 02521,69,Male,Visakhapatnam,Andhra Pradesh,Student,Affluent,2019-11-27
C02522,Customer 02522,48,Male,Lucknow,Uttar Pradesh,Self-Employed,Mass,2024-03-03
C02523,Customer 02523,70,Male,Vijayawada,Andhra Pradesh,Student,Mass,2021-08-30
C02524,Customer 02524,32,Female,Kolkata,West Bengal,Retired,Mass,2019-08-25
C02525,Customer 02525,29,Female,Vijayawada,Andhra Pradesh,Retired,Mass,2021-03-03
C02526,Customer 02526,52,Female,Bengaluru,Karnataka,Salaried,Premium,2024-09-07
C02527,Customer 02527,60,Female,Kolkata,West Bengal,Self-Employed,Mass,2020-05-25
C02528,Customer 02528,51,Male,Ahmedabad,Gujarat,Student,Mass,2021-12-31
C02529,Customer 02529,23,Male,Vijayawada,Andhra Pradesh,Business,Mass,2021-07-18
C02530,Customer 02530,23,Male,Coimbatore,Tamil Nadu,Salaried,Mass,2024-06-05
C02531,Customer 02531,39,Female,Mumbai,Maharashtra,Retired,Mass,2021-06-05
C02532,Customer 02532,46,Female,Surat,Gujarat,Self-Employed,Premium,2019-11-17
C02533,Customer 02533,36,Female,Jodhpur,Rajasthan,Student,Mass Affluent,2020-06-23
C02534,Customer 02534,32,Male,Jodhpur,Rajasthan,Retired,Mass Affluent,2019-11-29
C02535,Customer 02535,26,Male,Warangal,Telangana,Self-Employed,Mass Affluent,2021-07-11
C02536,Customer 02536,34,Male,Visakhapatnam,Andhra Pradesh,Salaried,Affluent,2020-01-01
C02537,Customer 02537,42,Female,New Delhi,Delhi,Student,Premium,2024-10-31
C02538,Customer 02538,53,Male,Surat,Gujarat,Retired,Affluent,2020-05-02
C02539,Customer 02539,58,Male,Lucknow,Uttar Pradesh,Self-Employed,Mass Affluent,2021-12-28
C02540,Customer 02540,47,Male,Vijayawada,Andhra Pradesh,Business,Mass,2021-02-03
C02541,Customer 02541,42,Female,Kolkata,West Bengal,Salaried,Mass Affluent,2020-06-24
C02542,Customer 02542,62,Male,Jodhpur,Rajasthan,Salaried,Mass Affluent,2018-04-30
C02543,Customer 02543,29,Male,Mysuru,Karnataka,Student,Mass,2021-03-21
C02544,Customer 02544,58,Female,New Delhi,Delhi,Self-Employed,Mass,2018-04-29
C02545,Customer 02545,28,Male,Lucknow,Uttar Pradesh,Self-Employed,Mass,2020-05-08
C02546,Customer 02546,32,Female,Kolkata,West Bengal,Self-Employed,Mass,2022-08-25
C02547,Customer 02547,64,Female,Warangal,Telangana,Student,Mass,2024-01-30
C02548,Customer 02548,43,Male,Jaipur,Rajasthan,Self-Employed,Mass Affluent,2022-10-07
C02549,Customer 02549,70,Female,Noida,Uttar Pradesh,Retired,Mass,2025-07-14
C02550,Customer 02550,38,Female,Jodhpur,Rajasthan,Salaried,Mass,2021-05-04
C02551,Customer 02551,59,Female,Chennai,Tamil Nadu,Student,Mass,2018-01-22
C02552,Customer 02552,26,Male,New Delhi,Delhi,Retired,Affluent,2023-07-07
C02553,Customer 02553,35,Male,New Delhi,Delhi,Retired,Mass Affluent,2018-11-22
C02554,Customer 02554,33,Male,Jodhpur,Rajasthan,Self-Employed,Mass,2022-01-11
C02555,Customer 02555,44,Male,Coimbatore,Tamil Nadu,Student,Premium,2018-04-18
C02556,Customer 02556,34,Male,Vijayawada,Andhra Pradesh,Business,Affluent,2024-03-26
C02557,Customer 02557,26,Female,Lucknow,Uttar Pradesh,Retired,Premium,2025-04-28
C02558,Customer 02558,37,Male,Visakhapatnam,Andhra Pradesh,Retired,Premium,2019-07-19
C02559,Customer 02559,47,Male,Jodhpur,Rajasthan,Retired,Mass Affluent,2021-10-26
C02560,Customer 02560,32,Male,New Delhi,Delhi,Student,Mass,2019-06-27
C02561,Customer 02561,51,Female,Ahmedabad,Gujarat,Retired,Mass,2021-03-07
C02562,Customer 02562,35,Male,Surat,Gujarat,Retired,Mass,2025-05-07
C02563,Customer 02563,30,Male,New Delhi,Delhi,Self-Employed,Mass Affluent,2022-05-16
C02564,Customer 02564,70,Male,Pune,Maharashtra,Self-Employed,Mass,2021-05-04
C02565,Customer 02565,39,Female,Warangal,Telangana,Salaried,Mass Affluent,2022-07-05
C02566,Customer 02566,47,Male,Warangal,Telangana,Self-Employed,Affluent,2024-06-07
C02567,Customer 02567,41,Female,New Delhi,Delhi,Retired,Affluent,2020-03-09
C02568,Customer 02568,49,Male,Vijayawada,Andhra Pradesh,Student,Mass,2021-09-30
C02569,Customer 02569,42,Female,Mysuru,Karnataka,Retired,Mass Affluent,2023-05-11
C02570,Customer 02570,55,Male,Coimbatore,Tamil Nadu,Salaried,Mass,2021-10-12
C02571,Customer 02571,27,Male,Hyderabad,Telangana,Salaried,Mass Affluent,2022-09-26
C02572,Customer 02572,38,Female,Kolkata,West Bengal,Self-Employed,Mass,2024-10-30
C02573,Customer 02573,46,Female,Kolkata,West Bengal,Retired,Mass,2024-04-15
C02574,Customer 02574,45,Male,Kolkata,West Bengal,Self-Employed,Mass Affluent,2024-10-10
C02575,Customer 02575,26,Male,Kolkata,West Bengal,Student,Affluent,2022-06-26
C02576,Customer 02576,56,Male,Kolkata,West Bengal,Self-Employed,Affluent,2020-12-26
C02577,Customer 02577,63,Female,Surat,Gujarat,Self-Employed,Mass Affluent,2023-10-26
C02578,Customer 02578,46,Female,Jodhpur,Rajasthan,Retired,Premium,2018-06-20
C02579,Customer 02579,62,Female,Surat,Gujarat,Student,Affluent,2023-07-05
C02580,Customer 02580,61,Male,Ahmedabad,Gujarat,Business,Premium,2020-11-17
C02581,Customer 02581,27,Female,Ahmedabad,Gujarat,Self-Employed,Mass,2021-06-03
C02582,Customer 02582,25,Female,New Delhi,Delhi,Salaried,Mass,2023-03-08
C02583,Customer 02583,54,Male,Mumbai,Maharashtra,Business,Affluent,2024-09-18
C02584,Customer 02584,64,Female,Mumbai,Maharashtra,Salaried,Premium,2024-12-07
C02585,Customer 02585,40,Male,Ahmedabad,Gujarat,Business,Mass,2025-07-29
C02586,Customer 02586,58,Male,Lucknow,Uttar Pradesh,Retired,Mass,2019-02-26
C02587,Customer 02587,50,Female,New Delhi,Delhi,Salaried,Affluent,2021-08-08
C02588,Customer 02588,66,Female,New Delhi,Delhi,Self-Employed,Affluent,2024-02-16
C02589,Customer 02589,28,Female,Warangal,Telangana,Salaried,Affluent,2023-12-30
C02590,Customer 02590,56,Female,Kolkata,West Bengal,Salaried,Premium,2018-07-17
C02591,Customer 02591,38,Female,Vijayawada,Andhra Pradesh,Salaried,Mass Affluent,2019-06-24
C02592,Customer 02592,54,Male,Ahmedabad,Gujarat,Retired,Affluent,2024-12-04
C02593,Customer 02593,24,Male,New Delhi,Delhi,Business,Mass,2019-05-15
C02594,Customer 02594,21,Male,Ahmedabad,Gujarat,Business,Mass Affluent,2019-11-21
C02595,Customer 02595,56,Male,Surat,Gujarat,Self-Employed,Mass Affluent,2021-04-04
C02596,Customer 02596,36,Female,Jodhpur,Rajasthan,Self-Employed,Premium,2024-11-28
C02597,Customer 02597,57,Female,Kolkata,West Bengal,Business,Mass,2020-07-20
C02598,Customer 02598,54,Female,Mumbai,Maharashtra,Retired,Affluent,2020-08-13
C02599,Customer 02599,43,Female,Jaipur,Rajasthan,Salaried,Premium,2019-04-03
C02600,Customer 02600,38,Female,Ahmedabad,Gujarat,Salaried,Mass Affluent,2024-11-09
C02601,Customer 02601,42,Female,New Delhi,Delhi,Salaried,Premium,2025-05-21
C02602,Customer 02602,63,Female,Mysuru,Karnataka,Retired,Affluent,2020-04-23
C02603,Customer 02603,50,Female,Mumbai,Maharashtra,Self-Employed,Mass,2018-11-05
C02604,Customer 02604,64,Male,Hyderabad,Telangana,Student,Affluent,2018-07-29
C02605,Customer 02605,43,Female,Lucknow,Uttar Pradesh,Retired,Mass Affluent,2025-01-19
C02606,Customer 02606,57,Male,Kolkata,West Bengal,Self-Employed,Mass,2021-12-24
C02607,Customer 02607,48,Female,Kolkata,West Bengal,Business,Premium,2024-12-05
C02608,Customer 02608,60,Male,Chennai,Tamil Nadu,Student,Premium,2020-12-03
C02609,Customer 02609,30,Male,Lucknow,Uttar Pradesh,Student,Mass,2022-12-06
C02610,Customer 02610,64,Male,Lucknow,Uttar Pradesh,Self-Employed,Premium,2021-08-28
C02611,Customer 02611,36,Male,Kolkata,West Bengal,Student,Mass,2020-06-08
C02612,Customer 02612,27,Female,Chennai,Tamil Nadu,Salaried,Mass,2022-01-11
C02613,Customer 02613,43,Male,Chennai,Tamil Nadu,Retired,Affluent,2019-01-01
C02614,Customer 02614,43,Female,Chennai,Tamil Nadu,Salaried,Affluent,2022-10-07
C02615,Customer 02615,67,Female,Coimbatore,Tamil Nadu,Student,Mass Affluent,2024-11-24
C02616,Customer 02616,27,Male,Pune,Maharashtra,Business,Mass Affluent,2023-03-18
C02617,Customer 02617,28,Female,Chennai,Tamil Nadu,Student,Mass,2024-02-15
C02618,Customer 02618,56,Female,New Delhi,Delhi,Retired,Affluent,2022-12-23
C02619,Customer 02619,21,Female,Surat,Gujarat,Self-Employed,Affluent,2023-08-11
C02620,Customer 02620,21,Female,New Delhi,Delhi,Retired,Mass,2018-12-13
C02621,Customer 02621,44,Male,New Delhi,Delhi,Retired,Mass,2022-02-01
C02622,Customer 02622,64,Female,Mysuru,Karnataka,Business,Premium,2018-09-06
C02623,Customer 02623,70,Male,Visakhapatnam,Andhra Pradesh,Student,Affluent,2020-10-12
C02624,Customer 02624,66,Male,Jodhpur,Rajasthan,Student,Mass Affluent,2019-09-17
C02625,Customer 02625,42,Male,Warangal,Telangana,Retired,Premium,2018-01-05
C02626,Customer 02626,55,Male,Vijayawada,Andhra Pradesh,Self-Employed,Mass,2022-10-24
C02627,Customer 02627,28,Male,Kolkata,West Bengal,Retired,Premium,2018-10-12
C02628,Customer 02628,50,Male,New Delhi,Delhi,Salaried,Mass Affluent,2025-03-12
C02629,Customer 02629,59,Male,New Delhi,Delhi,Self-Employed,Affluent,2023-08-20
C02630,Customer 02630,39,Male,Pune,Maharashtra,Self-Employed,Premium,2022-02-11
C02631,Customer 02631,29,Female,Bengaluru,Karnataka,Student,Premium,2020-10-06
C02632,Customer 02632,22,Female,New Delhi,Delhi,Salaried,Mass Affluent,2020-04-18
C02633,Customer 02633,38,Female,Kolkata,West Bengal,Retired,Premium,2019-01-09
C02634,Customer 02634,60,Female,Jodhpur,Rajasthan,Business,Premium,2021-10-07
C02635,Customer 02635,40,Female,Pune,Maharashtra,Salaried,Mass Affluent,2021-04-06
C02636,Customer 02636,64,Female,Lucknow,Uttar Pradesh,Self-Employed,Mass Affluent,2024-09-25
C02637,Customer 02637,67,Male,Jodhpur,Rajasthan,Salaried,Mass,2021-07-16
C02638,Customer 02638,45,Male,Warangal,Telangana,Business,Mass,2023-09-04
C02639,Customer 02639,31,Male,Lucknow,Uttar Pradesh,Salaried,Mass,2019-01-21
C02640,Customer 02640,42,Male,Noida,Uttar Pradesh,Student,Premium,2022-12-22
C02641,Customer 02641,40,Male,Jaipur,Rajasthan,Student,Mass,2024-11-04
C02642,Customer 02642,36,Female,Visakhapatnam,Andhra Pradesh,Salaried,Mass Affluent,2021-05-05
C02643,Customer 02643,37,Male,New Delhi,Delhi,Self-Employed,Premium,2019-03-19
C02644,Customer 02644,68,Male,Surat,Gujarat,Retired,Mass,2021-08-21
C02645,Customer 02645,30,Male,Jodhpur,Rajasthan,Retired,Mass,2018-01-10
C02646,Customer 02646,50,Male,Bengaluru,Karnataka,Self-Employed,Mass,2025-01-16
C02647,Customer 02647,52,Female,Jodhpur,Rajasthan,Retired,Mass,2019-11-25
C02648,Customer 02648,48,Male,Mysuru,Karnataka,Retired,Mass,2024-03-08
C02649,Customer 02649,59,Male,New Delhi,Delhi,Retired,Premium,2020-09-25
C02650,Customer 02650,68,Female,Mumbai,Maharashtra,Student,Mass,2022-03-30
C02651,Customer 02651,31,Male,Visakhapatnam,Andhra Pradesh,Salaried,Mass,2021-10-29
C02652,Customer 02652,38,Female,New Delhi,Delhi,Retired,Affluent,2020-06-01
C02653,Customer 02653,47,Male,Hyderabad,Telangana,Retired,Affluent,2021-01-07
C02654,Customer 02654,48,Female,Hyderabad,Telangana,Student,Affluent,2022-02-21
C02655,Customer 02655,51,Female,New Delhi,Delhi,Salaried,Affluent,2024-10-06
C02656,Customer 02656,67,Male,Vijayawada,Andhra Pradesh,Salaried,Mass Affluent,2018-08-22
C02657,Customer 02657,42,Male,New Delhi,Delhi,Retired,Mass,2025-04-09
C02658,Customer 02658,60,Female,Warangal,Telangana,Salaried,Mass Affluent,2021-09-17
C02659,Customer 02659,29,Female,Mysuru,Karnataka,Salaried,Mass,2021-07-13
C02660,Customer 02660,57,Female,New Delhi,Delhi,Retired,Premium,2019-06-11
C02661,Customer 02661,60,Male,Kolkata,West Bengal,Student,Mass,2021-04-23
C02662,Customer 02662,49,Female,Lucknow,Uttar Pradesh,Salaried,Mass,2019-08-29
C02663,Customer 02663,47,Male,Mumbai,Maharashtra,Student,Mass,2025-04-13
C02664,Customer 02664,51,Male,Surat,Gujarat,Self-Employed,Mass,2022-12-31
C02665,Customer 02665,69,Male,Warangal,Telangana,Business,Mass Affluent,2021-12-26
C02666,Customer 02666,38,Female,Mumbai,Maharashtra,Retired,Mass,2018-04-18
C02667,Customer 02667,22,Male,Hyderabad,Telangana,Retired,Premium,2020-05-08
C02668,Customer 02668,68,Male,Jaipur,Rajasthan,Business,Mass,2020-06-14
C02669,Customer 02669,41,Female,Vijayawada,Andhra Pradesh,Retired,Mass Affluent,2020-10-31
C02670,Customer 02670,41,Male,Pune,Maharashtra,Business,Mass Affluent,2019-06-17
C02671,Customer 02671,36,Male,Chennai,Tamil Nadu,Student,Affluent,2018-06-23
C02672,Customer 02672,58,Female,Visakhapatnam,Andhra Pradesh,Retired,Mass,2022-02-04
C02673,Customer 02673,58,Female,Pune,Maharashtra,Business,Mass,2018-07-09
C02674,Customer 02674,36,Female,Lucknow,Uttar Pradesh,Business,Premium,2025-06-17
C02675,Customer 02675,35,Male,Pune,Maharashtra,Retired,Mass,2018-08-18
C02676,Customer 02676,64,Female,Ahmedabad,Gujarat,Retired,Affluent,2019-03-08
C02677,Customer 02677,49,Female,Hyderabad,Telangana,Business,Mass,2024-10-28
C02678,Customer 02678,41,Female,Pune,Maharashtra,Salaried,Affluent,2018-03-07
C02679,Customer 02679,24,Female,Pune,Maharashtra,Self-Employed,Mass,2021-12-13
C02680,Customer 02680,63,Female,Vijayawada,Andhra Pradesh,Student,Mass,2020-11-07
C02681,Customer 02681,61,Male,New Delhi,Delhi,Salaried,Affluent,2018-03-15
C02682,Customer 02682,26,Male,Visakhapatnam,Andhra Pradesh,Student,Mass,2022-02-23
C02683,Customer 02683,62,Male,Noida,Uttar Pradesh,Salaried,Premium,2020-05-11
C02684,Customer 02684,51,Female,New Delhi,Delhi,Student,Mass,2024-02-11
C02685,Customer 02685,37,Female,Chennai,Tamil Nadu,Salaried,Mass,2023-12-31
C02686,Customer 02686,38,Male,Visakhapatnam,Andhra Pradesh,Self-Employed,Mass,2023-07-12
C02687,Customer 02687,65,Female,Chennai,Tamil Nadu,Salaried,Mass,2025-01-01
C02688,Customer 02688,53,Male,Noida,Uttar Pradesh,Self-Employed,Mass,2022-12-14
C02689,Customer 02689,58,Male,Vijayawada,Andhra Pradesh,Retired,Mass,2024-12-15
C02690,Customer 02690,56,Female,Mumbai,Maharashtra,Student,Mass Affluent,2019-03-16
C02691,Customer 02691,38,Female,Kolkata,West Bengal,Retired,Affluent,2023-07-26
C02692,Customer 02692,46,Male,Hyderabad,Telangana,Retired,Mass,2020-06-19
C02693,Customer 02693,27,Male,Lucknow,Uttar Pradesh,Salaried,Mass Affluent,2020-02-18
C02694,Customer 02694,21,Male,New Delhi,Delhi,Student,Premium,2022-11-15
C02695,Customer 02695,55,Male,Pune,Maharashtra,Business,Mass,2022-02-27
C02696,Customer 02696,55,Male,Mysuru,Karnataka,Salaried,Premium,2022-10-03
C02697,Customer 02697,23,Female,Coimbatore,Tamil Nadu,Business,Premium,2019-11-11
C02698,Customer 02698,54,Female,Jaipur,Rajasthan,Business,Mass Affluent,2024-08-29
C02699,Customer 02699,58,Female,Visakhapatnam,Andhra Pradesh,Retired,Affluent,2022-08-10
C02700,Customer 02700,27,Male,Jodhpur,Rajasthan,Salaried,Mass Affluent,2020-12-30
C02701,Customer 02701,58,Female,Bengaluru,Karnataka,Retired,Premium,2018-04-16
C02702,Customer 02702,29,Female,New Delhi,Delhi,Retired,Affluent,2023-07-13
C02703,Customer 02703,21,Male,Noida,Uttar Pradesh,Self-Employed,Mass,2023-05-19
C02704,Customer 02704,63,Female,Bengaluru,Karnataka,Self-Employed,Mass Affluent,2019-03-23
C02705,Customer 02705,30,Female,Surat,Gujarat,Self-Employed,Mass,2020-12-02
C02706,Customer 02706,28,Male,Kolkata,West Bengal,Retired,Mass Affluent,2020-10-04
C02707,Customer 02707,27,Female,Ahmedabad,Gujarat,Salaried,Mass,2019-09-29
C02708,Customer 02708,60,Male,Warangal,Telangana,Retired,Affluent,2019-05-26
C02709,Customer 02709,44,Male,Hyderabad,Telangana,Retired,Affluent,2023-04-16
C02710,Customer 02710,65,Female,Coimbatore,Tamil Nadu,Student,Premium,2019-08-20
C02711,Customer 02711,32,Male,Chennai,Tamil Nadu,Student,Mass,2024-04-05
C02712,Customer 02712,37,Male,Surat,Gujarat,Self-Employed,Mass,2021-01-02
C02713,Customer 02713,52,Male,Ahmedabad,Gujarat,Student,Mass,2025-06-24
C02714,Customer 02714,49,Female,Bengaluru,Karnataka,Business,Affluent,2022-02-03
C02715,Customer 02715,61,Female,Kolkata,West Bengal,Retired,Mass,2022-03-08
C02716,Customer 02716,26,Male,Visakhapatnam,Andhra Pradesh,Retired,Mass,2019-01-27
C02717,Customer 02717,26,Female,Mumbai,Maharashtra,Retired,Affluent,2021-02-15
C02718,Customer 02718,49,Male,Mumbai,Maharashtra,Retired,Mass Affluent,2018-08-13
C02719,Customer 02719,43,Female,Hyderabad,Telangana,Self-Employed,Mass,2019-03-13
C02720,Customer 02720,58,Male,Mumbai,Maharashtra,Retired,Premium,2018-09-01
C02721,Customer 02721,64,Male,Mysuru,Karnataka,Student,Affluent,2021-06-14
C02722,Customer 02722,70,Female,Jaipur,Rajasthan,Retired,Mass,2018-08-26
C02723,Customer 02723,31,Female,Jodhpur,Rajasthan,Retired,Premium,2018-04-08
C02724,Customer 02724,37,Female,New Delhi,Delhi,Self-Employed,Mass Affluent,2023-04-21
C02725,Customer 02725,29,Male,Pune,Maharashtra,Retired,Premium,2025-01-08
C02726,Customer 02726,65,Male,New Delhi,Delhi,Salaried,Mass,2021-08-18
C02727,Customer 02727,26,Male,Vijayawada,Andhra Pradesh,Business,Mass,2025-07-30
C02728,Customer 02728,67,Male,Pune,Maharashtra,Business,Mass Affluent,2020-10-21
C02729,Customer 02729,51,Female,Surat,Gujarat,Salaried,Affluent,2023-08-12
C02730,Customer 02730,48,Male,Chennai,Tamil Nadu,Student,Mass Affluent,2024-10-14
C02731,Customer 02731,42,Male,Chennai,Tamil Nadu,Self-Employed,Affluent,2024-09-27
C02732,Customer 02732,51,Male,Pune,Maharashtra,Business,Premium,2020-08-06
C02733,Customer 02733,23,Female,Warangal,Telangana,Self-Employed,Mass Affluent,2021-11-10
C02734,Customer 02734,48,Female,Chennai,Tamil Nadu,Retired,Mass,2021-06-02
C02735,Customer 02735,22,Female,Surat,Gujarat,Retired,Premium,2021-09-15
C02736,Customer 02736,50,Female,Hyderabad,Telangana,Self-Employed,Mass,2022-02-07
C02737,Customer 02737,57,Female,Kolkata,West Bengal,Student,Premium,2019-12-26
C02738,Customer 02738,62,Female,Hyderabad,Telangana,Retired,Mass Affluent,2024-01-12
C02739,Customer 02739,35,Female,Jodhpur,Rajasthan,Self-Employed,Mass,2019-04-25
C02740,Customer 02740,35,Female,Chennai,Tamil Nadu,Retired,Premium,2019-12-27
C02741,Customer 02741,30,Female,Hyderabad,Telangana,Salaried,Mass,2018-10-08
C02742,Customer 02742,51,Female,Hyderabad,Telangana,Retired,Mass Affluent,2021-08-24
C02743,Customer 02743,40,Male,Vijayawada,Andhra Pradesh,Self-Employed,Affluent,2024-01-12
C02744,Customer 02744,61,Male,New Delhi,Delhi,Self-Employed,Mass,2022-05-27
C02745,Customer 02745,21,Female,Ahmedabad,Gujarat,Self-Employed,Mass,2020-04-28
C02746,Customer 02746,49,Female,Ahmedabad,Gujarat,Retired,Affluent,2019-04-01
C02747,Customer 02747,40,Male,Visakhapatnam,Andhra Pradesh,Business,Premium,2023-09-14
C02748,Customer 02748,58,Male,Kolkata,West Bengal,Self-Employed,Mass Affluent,2023-06-09
C02749,Customer 02749,45,Female,Bengaluru,Karnataka,Retired,Mass,2023-03-16
C02750,Customer 02750,46,Female,Warangal,Telangana,Business,Premium,2022-12-17
C02751,Customer 02751,61,Male,Pune,Maharashtra,Student,Mass Affluent,2021-12-21
C02752,Customer 02752,34,Male,Jodhpur,Rajasthan,Student,Premium,2018-05-13
C02753,Customer 02753,39,Female,Mysuru,Karnataka,Salaried,Affluent,2024-01-02
C02754,Customer 02754,26,Male,Coimbatore,Tamil Nadu,Retired,Mass Affluent,2024-07-18
C02755,Customer 02755,21,Male,Mumbai,Maharashtra,Business,Premium,2018-10-14
C02756,Customer 02756,23,Female,Mumbai,Maharashtra,Salaried,Mass Affluent,2018-04-22
C02757,Customer 02757,51,Male,Kolkata,West Bengal,Business,Premium,2024-03-14
C02758,Customer 02758,64,Female,New Delhi,Delhi,Student,Mass,2018-08-16
C02759,Customer 02759,28,Female,Jaipur,Rajasthan,Student,Mass Affluent,2025-01-07
C02760,Customer 02760,55,Female,Visakhapatnam,Andhra Pradesh,Self-Employed,Mass,2024-06-12
C02761,Customer 02761,35,Male,Jodhpur,Rajasthan,Student,Affluent,2022-05-25
C02762,Customer 02762,49,Female,Chennai,Tamil Nadu,Student,Affluent,2020-04-27
C02763,Customer 02763,53,Female,Jaipur,Rajasthan,Salaried,Mass,2020-08-14
C02764,Customer 02764,55,Male,Surat,Gujarat,Business,Affluent,2023-09-08
C02765,Customer 02765,60,Male,Visakhapatnam,Andhra Pradesh,Self-Employed,Mass Affluent,2021-05-05
C02766,Customer 02766,52,Female,Mysuru,Karnataka,Business,Affluent,2024-11-07
C02767,Customer 02767,24,Male,Surat,Gujarat,Retired,Mass,2020-12-03
C02768,Customer 02768,44,Female,Warangal,Telangana,Retired,Affluent,2023-08-12
C02769,Customer 02769,62,Female,Hyderabad,Telangana,Business,Affluent,2023-02-16
C02770,Customer 02770,60,Female,Chennai,Tamil Nadu,Retired,Premium,2021-07-19
C02771,Customer 02771,47,Male,Mysuru,Karnataka,Business,Mass,2018-04-20
C02772,Customer 02772,53,Female,Noida,Uttar Pradesh,Business,Premium,2020-04-03
C02773,Customer 02773,63,Male,Kolkata,West Bengal,Business,Affluent,2020-01-08
C02774,Customer 02774,34,Female,Pune,Maharashtra,Business,Premium,2019-05-16
C02775,Customer 02775,35,Male,Vijayawada,Andhra Pradesh,Self-Employed,Affluent,2020-02-12
C02776,Customer 02776,39,Female,Surat,Gujarat,Retired,Affluent,2021-05-22
C02777,Customer 02777,51,Male,Ahmedabad,Gujarat,Self-Employed,Mass,2024-05-07
C02778,Customer 02778,21,Female,Warangal,Telangana,Self-Employed,Affluent,2021-11-10
C02779,Customer 02779,65,Female,Pune,Maharashtra,Business,Mass Affluent,2020-03-28
C02780,Customer 02780,23,Female,Ahmedabad,Gujarat,Student,Mass,2019-11-22
C02781,Customer 02781,49,Male,New Delhi,Delhi,Business,Mass,2022-02-24
C02782,Customer 02782,25,Female,Noida,Uttar Pradesh,Student,Mass Affluent,2025-05-16
C02783,Customer 02783,66,Male,Mumbai,Maharashtra,Student,Mass,2020-03-25
C02784,Customer 02784,63,Female,New Delhi,Delhi,Student,Mass,2021-05-20
C02785,Customer 02785,30,Male,Pune,Maharashtra,Business,Affluent,2022-07-02
C02786,Customer 02786,45,Male,Jaipur,Rajasthan,Self-Employed,Mass,2023-09-15
C02787,Customer 02787,41,Female,Ahmedabad,Gujarat,Salaried,Mass Affluent,2025-05-04
C02788,Customer 02788,42,Male,Ahmedabad,Gujarat,Student,Mass,2018-08-04
C02789,Customer 02789,29,Female,New Delhi,Delhi,Retired,Affluent,2024-10-14
C02790,Customer 02790,21,Female,Jodhpur,Rajasthan,Student,Affluent,2021-06-14
C02791,Customer 02791,66,Male,Visakhapatnam,Andhra Pradesh,Retired,Mass,2018-07-22
C02792,Customer 02792,58,Male,Warangal,Telangana,Salaried,Mass,2024-08-11
C02793,Customer 02793,55,Male,Mumbai,Maharashtra,Self-Employed,Premium,2022-01-13
C02794,Customer 02794,57,Male,Ahmedabad,Gujarat,Retired,Mass,2025-03-28
C02795,Customer 02795,55,Female,Ahmedabad,Gujarat,Retired,Mass,2019-02-10
C02796,Customer 02796,24,Female,Pune,Maharashtra,Retired,Affluent,2018-05-02
C02797,Customer 02797,67,Male,Ahmedabad,Gujarat,Student,Affluent,2023-05-12
C02798,Customer 02798,57,Male,Ahmedabad,Gujarat,Business,Premium,2018-06-02
C02799,Customer 02799,65,Male,Ahmedabad,Gujarat,Self-Employed,Mass,2021-08-31
C02800,Customer 02800,66,Female,Chennai,Tamil Nadu,Salaried,Mass,2022-12-30
C02801,Customer 02801,41,Male,Mumbai,Maharashtra,Self-Employed,Affluent,2019-05-02
C02802,Customer 02802,47,Female,Surat,Gujarat,Retired,Mass,2020-10-22
C02803,Customer 02803,29,Male,Mysuru,Karnataka,Retired,Affluent,2021-11-05
C02804,Customer 02804,29,Male,Jaipur,Rajasthan,Self-Employed,Mass,2021-07-21
C02805,Customer 02805,21,Female,Mumbai,Maharashtra,Self-Employed,Mass,2022-01-02
C02806,Customer 02806,68,Female,Pune,Maharashtra,Business,Mass,2024-01-22
C02807,Customer 02807,47,Female,Jodhpur,Rajasthan,Retired,Mass,2024-12-18
C02808,Customer 02808,54,Male,New Delhi,Delhi,Retired,Mass Affluent,2022-10-09
C02809,Customer 02809,27,Male,Vijayawada,Andhra Pradesh,Student,Premium,2024-08-25
C02810,Customer 02810,46,Female,Warangal,Telangana,Self-Employed,Premium,2021-03-02
C02811,Customer 02811,67,Male,New Delhi,Delhi,Retired,Mass Affluent,2018-10-17
C02812,Customer 02812,42,Male,Noida,Uttar Pradesh,Salaried,Affluent,2025-05-11
C02813,Customer 02813,25,Female,Pune,Maharashtra,Student,Premium,2023-11-26
C02814,Customer 02814,25,Female,New Delhi,Delhi,Student,Mass,2024-02-19
C02815,Customer 02815,21,Female,Chennai,Tamil Nadu,Retired,Premium,2022-08-18
C02816,Customer 02816,35,Male,Chennai,Tamil Nadu,Salaried,Affluent,2019-08-08
C02817,Customer 02817,36,Male,Ahmedabad,Gujarat,Retired,Affluent,2020-08-11
C02818,Customer 02818,42,Male,Lucknow,Uttar Pradesh,Business,Mass,2023-04-10
C02819,Customer 02819,34,Male,Jaipur,Rajasthan,Salaried,Mass,2020-10-01
C02820,Customer 02820,33,Male,Vijayawada,Andhra Pradesh,Self-Employed,Mass,2022-03-06
C02821,Customer 02821,70,Male,Mumbai,Maharashtra,Self-Employed,Affluent,2022-12-12
C02822,Customer 02822,58,Female,Lucknow,Uttar Pradesh,Business,Mass Affluent,2020-03-26
C02823,Customer 02823,37,Male,Ahmedabad,Gujarat,Business,Mass,2022-11-18
C02824,Customer 02824,56,Female,Noida,Uttar Pradesh,Self-Employed,Affluent,2018-09-27
C02825,Customer 02825,51,Female,Pune,Maharashtra,Student,Premium,2021-05-17
C02826,Customer 02826,36,Female,Surat,Gujarat,Business,Mass Affluent,2020-07-29
C02827,Customer 02827,47,Female,Kolkata,West Bengal,Salaried,Premium,2022-10-07
C02828,Customer 02828,52,Female,New Delhi,Delhi,Business,Affluent,2020-02-11
C02829,Customer 02829,31,Male,Chennai,Tamil Nadu,Retired,Affluent,2025-06-24
C02830,Customer 02830,56,Female,Chennai,Tamil Nadu,Salaried,Mass Affluent,2022-02-13
C02831,Customer 02831,36,Female,Hyderabad,Telangana,Business,Premium,2023-10-07
C02832,Customer 02832,33,Male,Kolkata,West Bengal,Self-Employed,Mass,2021-06-15
C02833,Customer 02833,62,Male,New Delhi,Delhi,Student,Mass,2018-12-15
C02834,Customer 02834,46,Female,Kolkata,West Bengal,Self-Employed,Premium,2025-06-20
C02835,Customer 02835,41,Male,Visakhapatnam,Andhra Pradesh,Retired,Affluent,2020-08-29
C02836,Customer 02836,31,Male,Kolkata,West Bengal,Student,Mass,2020-06-12
C02837,Customer 02837,48,Female,Vijayawada,Andhra Pradesh,Retired,Affluent,2021-07-04
C02838,Customer 02838,46,Male,Kolkata,West Bengal,Business,Premium,2020-04-28
C02839,Customer 02839,21,Female,Jodhpur,Rajasthan,Business,Affluent,2021-06-18
C02840,Customer 02840,45,Female,New Delhi,Delhi,Retired,Mass,2021-03-03
C02841,Customer 02841,49,Male,Chennai,Tamil Nadu,Business,Affluent,2018-09-12
C02842,Customer 02842,41,Female,Vijayawada,Andhra Pradesh,Retired,Premium,2019-04-18
C02843,Customer 02843,39,Male,New Delhi,Delhi,Salaried,Mass Affluent,2020-08-16
C02844,Customer 02844,40,Male,Mysuru,Karnataka,Retired,Mass Affluent,2019-08-03
C02845,Customer 02845,39,Female,Vijayawada,Andhra Pradesh,Business,Affluent,2021-02-26
C02846,Customer 02846,41,Male,Vijayawada,Andhra Pradesh,Self-Employed,Mass,2025-01-06
C02847,Customer 02847,35,Male,Hyderabad,Telangana,Retired,Affluent,2025-08-27
C02848,Customer 02848,40,Female,Visakhapatnam,Andhra Pradesh,Business,Mass Affluent,2025-01-02
C02849,Customer 02849,31,Male,Pune,Maharashtra,Retired,Affluent,2019-08-26
C02850,Customer 02850,65,Male,Surat,Gujarat,Self-Employed,Affluent,2021-09-26
C02851,Customer 02851,33,Female,Pune,Maharashtra,Self-Employed,Mass,2021-03-31
C02852,Customer 02852,68,Female,Coimbatore,Tamil Nadu,Salaried,Premium,2018-07-01
C02853,Customer 02853,43,Female,Mumbai,Maharashtra,Self-Employed,Mass Affluent,2020-04-06
C02854,Customer 02854,21,Female,Mysuru,Karnataka,Self-Employed,Mass,2019-07-10
C02855,Customer 02855,21,Female,Surat,Gujarat,Self-Employed,Mass,2024-08-24
C02856,Customer 02856,48,Female,Vijayawada,Andhra Pradesh,Salaried,Mass,2020-04-11
C02857,Customer 02857,43,Female,Noida,Uttar Pradesh,Business,Premium,2021-01-15
C02858,Customer 02858,62,Female,Coimbatore,Tamil Nadu,Business,Mass Affluent,2021-12-09
C02859,Customer 02859,61,Female,Kolkata,West Bengal,Business,Mass,2023-10-25
C02860,Customer 02860,43,Female,Lucknow,Uttar Pradesh,Student,Mass,2018-04-19
C02861,Customer 02861,22,Female,Jaipur,Rajasthan,Student,Mass,2022-07-10
C02862,Customer 02862,65,Female,Kolkata,West Bengal,Student,Mass,2023-04-13
C02863,Customer 02863,31,Male,Jaipur,Rajasthan,Student,Premium,2024-07-15
C02864,Customer 02864,45,Female,Kolkata,West Bengal,Salaried,Mass,2019-03-27
C02865,Customer 02865,62,Male,Bengaluru,Karnataka,Self-Employed,Mass,2022-06-12
C02866,Customer 02866,48,Female,New Delhi,Delhi,Business,Mass,2025-05-08
C02867,Customer 02867,35,Female,Visakhapatnam,Andhra Pradesh,Retired,Premium,2023-10-07
C02868,Customer 02868,31,Female,Jodhpur,Rajasthan,Business,Mass Affluent,2020-12-25
C02869,Customer 02869,36,Male,New Delhi,Delhi,Business,Premium,2024-09-24
C02870,Customer 02870,69,Male,Coimbatore,Tamil Nadu,Retired,Mass,2025-07-11
C02871,Customer 02871,49,Female,Bengaluru,Karnataka,Retired,Mass,2022-03-12
C02872,Customer 02872,69,Female,Ahmedabad,Gujarat,Student,Mass Affluent,2024-01-10
C02873,Customer 02873,49,Female,Kolkata,West Bengal,Retired,Mass Affluent,2021-04-05
C02874,Customer 02874,66,Male,Jaipur,Rajasthan,Student,Premium,2022-06-10
C02875,Customer 02875,60,Female,Noida,Uttar Pradesh,Business,Mass,2021-11-19
C02876,Customer 02876,57,Male,Pune,Maharashtra,Student,Mass,2023-05-28
C02877,Customer 02877,21,Female,Mysuru,Karnataka,Self-Employed,Mass,2020-01-08
C02878,Customer 02878,64,Female,Kolkata,West Bengal,Self-Employed,Affluent,2024-11-11
C02879,Customer 02879,52,Male,Lucknow,Uttar Pradesh,Student,Mass,2023-06-24
C02880,Customer 02880,23,Female,Chennai,Tamil Nadu,Retired,Mass,2022-09-10
C02881,Customer 02881,32,Male,Mysuru,Karnataka,Business,Premium,2023-12-02
C02882,Customer 02882,28,Female,Surat,Gujarat,Business,Mass,2022-02-28
C02883,Customer 02883,31,Male,Noida,Uttar Pradesh,Business,Mass,2018-01-01
C02884,Customer 02884,37,Female,Ahmedabad,Gujarat,Salaried,Mass Affluent,2019-08-29
C02885,Customer 02885,30,Male,Surat,Gujarat,Student,Mass,2024-10-22
C02886,Customer 02886,27,Male,Kolkata,West Bengal,Student,Mass Affluent,2025-04-04
C02887,Customer 02887,59,Female,Kolkata,West Bengal,Business,Mass Affluent,2024-07-16
C02888,Customer 02888,26,Male,Bengaluru,Karnataka,Salaried,Mass Affluent,2021-01-08
C02889,Customer 02889,47,Female,Noida,Uttar Pradesh,Salaried,Mass,2024-11-22
C02890,Customer 02890,48,Female,New Delhi,Delhi,Business,Mass Affluent,2018-12-15
C02891,Customer 02891,57,Male,Jaipur,Rajasthan,Student,Mass,2023-11-23
C02892,Customer 02892,44,Female,Jodhpur,Rajasthan,Student,Premium,2018-09-03
C02893,Customer 02893,39,Female,Mysuru,Karnataka,Retired,Affluent,2024-03-14
C02894,Customer 02894,34,Male,Bengaluru,Karnataka,Student,Mass Affluent,2022-06-04
C02895,Customer 02895,54,Female,Surat,Gujarat,Student,Affluent,2019-11-20
C02896,Customer 02896,69,Male,Coimbatore,Tamil Nadu,Self-Employed,Premium,2023-01-15
C02897,Customer 02897,56,Male,Coimbatore,Tamil Nadu,Student,Mass,2020-10-12
C02898,Customer 02898,48,Male,Mysuru,Karnataka,Student,Affluent,2024-11-20
C02899,Customer 02899,32,Male,Jodhpur,Rajasthan,Student,Mass Affluent,2018-03-07
C02900,Customer 02900,62,Male,Kolkata,West Bengal,Retired,Mass Affluent,2020-11-07
C02901,Customer 02901,33,Male,Noida,Uttar Pradesh,Self-Employed,Premium,2024-12-18
C02902,Customer 02902,64,Female,Coimbatore,Tamil Nadu,Retired,Affluent,2024-08-15
C02903,Customer 02903,23,Female,Kolkata,West Bengal,Self-Employed,Mass,2019-11-03
C02904,Customer 02904,22,Male,Lucknow,Uttar Pradesh,Salaried,Mass Affluent,2021-01-07
C02905,Customer 02905,62,Male,Pune,Maharashtra,Salaried,Mass,2021-01-21
C02906,Customer 02906,37,Male,Jodhpur,Rajasthan,Retired,Mass,2020-02-02
C02907,Customer 02907,56,Female,Lucknow,Uttar Pradesh,Self-Employed,Mass Affluent,2019-08-10
C02908,Customer 02908,62,Male,Ahmedabad,Gujarat,Salaried,Mass Affluent,2022-12-12
C02909,Customer 02909,62,Male,Warangal,Telangana,Salaried,Affluent,2023-04-28
C02910,Customer 02910,59,Male,Mysuru,Karnataka,Student,Mass Affluent,2024-02-17
C02911,Customer 02911,51,Female,Coimbatore,Tamil Nadu,Self-Employed,Mass,2023-07-17
C02912,Customer 02912,46,Male,Warangal,Telangana,Student,Mass Affluent,2023-06-20
C02913,Customer 02913,41,Male,New Delhi,Delhi,Salaried,Affluent,2019-11-03
C02914,Customer 02914,70,Male,Lucknow,Uttar Pradesh,Student,Affluent,2020-12-23
C02915,Customer 02915,50,Female,Jodhpur,Rajasthan,Self-Employed,Mass,2025-03-07
C02916,Customer 02916,26,Female,Mumbai,Maharashtra,Retired,Mass,2020-06-23
C02917,Customer 02917,21,Female,Pune,Maharashtra,Retired,Mass Affluent,2018-11-26
C02918,Customer 02918,37,Male,Hyderabad,Telangana,Retired,Mass,2018-12-29
C02919,Customer 02919,26,Male,Visakhapatnam,Andhra Pradesh,Business,Mass,2023-05-03
C02920,Customer 02920,50,Male,Mysuru,Karnataka,Retired,Mass,2020-06-22
C02921,Customer 02921,68,Male,Warangal,Telangana,Retired,Affluent,2023-01-22
C02922,Customer 02922,39,Male,Hyderabad,Telangana,Self-Employed,Affluent,2022-07-09
C02923,Customer 02923,63,Male,Bengaluru,Karnataka,Retired,Mass Affluent,2018-11-11
C02924,Customer 02924,29,Female,Vijayawada,Andhra Pradesh,Self-Employed,Mass,2020-12-24
C02925,Customer 02925,43,Female,Ahmedabad,Gujarat,Self-Employed,Premium,2019-02-07
C02926,Customer 02926,65,Female,Kolkata,West Bengal,Business,Mass,2024-02-09
C02927,Customer 02927,55,Male,New Delhi,Delhi,Business,Mass Affluent,2023-03-01
C02928,Customer 02928,43,Male,Noida,Uttar Pradesh,Self-Employed,Mass,2018-08-15
C02929,Customer 02929,64,Male,Kolkata,West Bengal,Retired,Mass,2020-10-21
C02930,Customer 02930,43,Female,Kolkata,West Bengal,Salaried,Affluent,2020-08-14
C02931,Customer 02931,54,Female,Ahmedabad,Gujarat,Student,Mass Affluent,2023-12-10
C02932,Customer 02932,42,Female,Pune,Maharashtra,Student,Mass Affluent,2018-09-21
C02933,Customer 02933,55,Male,Coimbatore,Tamil Nadu,Self-Employed,Premium,2019-12-30
C02934,Customer 02934,68,Male,Jodhpur,Rajasthan,Self-Employed,Premium,2021-07-29
C02935,Customer 02935,52,Male,Jaipur,Rajasthan,Retired,Affluent,2019-03-13
C02936,Customer 02936,50,Male,Jodhpur,Rajasthan,Self-Employed,Mass,2020-05-18
C02937,Customer 02937,55,Male,Mysuru,Karnataka,Business,Affluent,2024-10-31
C02938,Customer 02938,61,Male,Jodhpur,Rajasthan,Salaried,Premium,2022-08-01
C02939,Customer 02939,53,Female,Hyderabad,Telangana,Student,Premium,2021-08-14
C02940,Customer 02940,31,Female,Surat,Gujarat,Salaried,Premium,2023-07-14
C02941,Customer 02941,36,Female,Chennai,Tamil Nadu,Salaried,Mass Affluent,2020-03-08
C02942,Customer 02942,45,Male,New Delhi,Delhi,Self-Employed,Mass,2022-01-17
C02943,Customer 02943,69,Male,Warangal,Telangana,Retired,Mass Affluent,2018-08-13
C02944,Customer 02944,27,Male,Noida,Uttar Pradesh,Business,Premium,2019-04-11
C02945,Customer 02945,57,Female,New Delhi,Delhi,Salaried,Affluent,2023-10-11
C02946,Customer 02946,50,Male,Mysuru,Karnataka,Salaried,Premium,2018-07-25
C02947,Customer 02947,25,Female,Hyderabad,Telangana,Student,Premium,2022-02-21
C02948,Customer 02948,58,Male,Coimbatore,Tamil Nadu,Self-Employed,Premium,2025-06-14
C02949,Customer 02949,24,Male,Hyderabad,Telangana,Student,Mass,2024-01-30
C02950,Customer 02950,42,Male,New Delhi,Delhi,Self-Employed,Mass Affluent,2019-04-19
C02951,Customer 02951,35,Male,Bengaluru,Karnataka,Self-Employed,Premium,2024-05-06
C02952,Customer 02952,54,Female,Pune,Maharashtra,Student,Premium,2022-10-03
C02953,Customer 02953,34,Male,Lucknow,Uttar Pradesh,Self-Employed,Mass,2020-04-11
C02954,Customer 02954,21,Male,Mumbai,Maharashtra,Business,Mass,2021-09-21
C02955,Customer 02955,25,Female,Vijayawada,Andhra Pradesh,Business,Mass Affluent,2019-02-19
C02956,Customer 02956,26,Male,Bengaluru,Karnataka,Retired,Premium,2018-11-23
C02957,Customer 02957,42,Female,Noida,Uttar Pradesh,Student,Premium,2018-04-29
C02958,Customer 02958,58,Female,Surat,Gujarat,Business,Premium,2023-04-22
C02959,Customer 02959,67,Male,Jodhpur,Rajasthan,Business,Mass Affluent,2018-04-09
C02960,Customer 02960,69,Male,Jaipur,Rajasthan,Business,Premium,2021-01-17
C02961,Customer 02961,42,Male,New Delhi,Delhi,Salaried,Mass,2024-09-10
C02962,Customer 02962,43,Male,Warangal,Telangana,Salaried,Affluent,2022-02-09
C02963,Customer 02963,41,Male,Visakhapatnam,Andhra Pradesh,Self-Employed,Premium,2019-04-28
C02964,Customer 02964,45,Female,Jaipur,Rajasthan,Retired,Mass,2019-05-28
C02965,Customer 02965,47,Male,Kolkata,West Bengal,Self-Employed,Mass,2022-11-29
C02966,Customer 02966,27,Female,Warangal,Telangana,Self-Employed,Mass,2023-05-18
C02967,Customer 02967,28,Female,Pune,Maharashtra,Self-Employed,Mass Affluent,2025-04-20
C02968,Customer 02968,43,Female,Jodhpur,Rajasthan,Retired,Mass,2021-06-05
C02969,Customer 02969,64,Female,New Delhi,Delhi,Student,Mass,2019-09-23
C02970,Customer 02970,70,Female,Noida,Uttar Pradesh,Retired,Mass,2023-10-22
C02971,Customer 02971,66,Male,Bengaluru,Karnataka,Student,Mass,2024-08-12
C02972,Customer 02972,46,Female,Kolkata,West Bengal,Retired,Mass Affluent,2023-06-14
C02973,Customer 02973,45,Male,Ahmedabad,Gujarat,Self-Employed,Mass,2021-12-18
C02974,Customer 02974,46,Female,Kolkata,West Bengal,Business,Premium,2024-03-31
C02975,Customer 02975,57,Female,New Delhi,Delhi,Salaried,Mass,2023-03-24
C02976,Customer 02976,60,Female,Kolkata,West Bengal,Retired,Mass Affluent,2025-07-15
C02977,Customer 02977,27,Male,Lucknow,Uttar Pradesh,Salaried,Mass,2023-05-10
C02978,Customer 02978,49,Female,Pune,Maharashtra,Student,Affluent,2023-08-20
C02979,Customer 02979,58,Female,Bengaluru,Karnataka,Salaried,Mass,2024-05-21
C02980,Customer 02980,43,Male,Vijayawada,Andhra Pradesh,Retired,Mass,2018-04-25
C02981,Customer 02981,34,Female,Jaipur,Rajasthan,Student,Mass Affluent,2019-09-03
C02982,Customer 02982,52,Male,Kolkata,West Bengal,Self-Employed,Premium,2019-04-20
C02983,Customer 02983,56,Male,Warangal,Telangana,Business,Mass,2024-09-10
C02984,Customer 02984,56,Female,Hyderabad,Telangana,Self-Employed,Mass,2023-10-05
C02985,Customer 02985,23,Male,Warangal,Telangana,Self-Employed,Mass,2020-08-10
C02986,Customer 02986,40,Female,New Delhi,Delhi,Salaried,Mass,2023-11-21
C02987,Customer 02987,43,Male,New Delhi,Delhi,Student,Affluent,2019-08-19
C02988,Customer 02988,68,Female,Mysuru,Karnataka,Salaried,Mass Affluent,2020-09-20
C02989,Customer 02989,25,Female,Mysuru,Karnataka,Self-Employed,Affluent,2024-07-22
C02990,Customer 02990,66,Female,Vijayawada,Andhra Pradesh,Retired,Affluent,2021-01-09
C02991,Customer 02991,36,Male,Chennai,Tamil Nadu,Retired,Mass,2021-12-21
C02992,Customer 02992,32,Female,Chennai,Tamil Nadu,Salaried,Mass,2018-11-19
C02993,Customer 02993,37,Male,Lucknow,Uttar Pradesh,Student,Mass Affluent,2018-02-14
C02994,Customer 02994,26,Female,Warangal,Telangana,Business,Mass,2018-10-23
C02995,Customer 02995,23,Male,Mumbai,Maharashtra,Salaried,Mass,2021-08-01
C02996,Customer 02996,69,Female,Jaipur,Rajasthan,Student,Mass,2023-05-20
C02997,Customer 02997,49,Male,Chennai,Tamil Nadu,Salaried,Affluent,2024-09-19
C02998,Customer 02998,50,Female,Lucknow,Uttar Pradesh,Business,Mass Affluent,2022-02-18
C02999,Customer 02999,47,Male,Coimbatore,Tamil Nadu,Salaried,Mass Affluent,2018-01-23
C03000,Customer 03000,45,Female,Visakhapatnam,Andhra Pradesh,Retired,Premium,2021-03-12
C03001,Customer 03001,26,Female,Kolkata,West Bengal,Salaried,Mass Affluent,2020-06-25
C03002,Customer 03002,36,Female,Chennai,Tamil Nadu,Self-Employed,Mass,2024-12-01
C03003,Customer 03003,49,Male,Jaipur,Rajasthan,Business,Mass,2021-09-30
C03004,Customer 03004,29,Female,Mysuru,Karnataka,Student,Mass,2019-02-27
C03005,Customer 03005,48,Male,Hyderabad,Telangana,Retired,Affluent,2020-06-01
C03006,Customer 03006,30,Female,Surat,Gujarat,Self-Employed,Mass,2020-02-29
C03007,Customer 03007,44,Female,Lucknow,Uttar Pradesh,Salaried,Mass,2021-02-20
C03008,Customer 03008,30,Male,Vijayawada,Andhra Pradesh,Student,Mass,2018-10-30
C03009,Customer 03009,56,Male,Pune,Maharashtra,Self-Employed,Mass,2019-04-15
C03010,Customer 03010,56,Male,New Delhi,Delhi,Self-Employed,Mass Affluent,2020-09-16
C03011,Customer 03011,63,Male,Bengaluru,Karnataka,Retired,Mass,2018-12-11
C03012,Customer 03012,42,Male,New Delhi,Delhi,Business,Affluent,2021-05-22
C03013,Customer 03013,45,Male,Lucknow,Uttar Pradesh,Self-Employed,Mass,2022-01-06
C03014,Customer 03014,46,Female,Warangal,Telangana,Business,Mass Affluent,2020-05-27
C03015,Customer 03015,46,Male,Warangal,Telangana,Business,Mass,2023-09-19
C03016,Customer 03016,28,Male,Noida,Uttar Pradesh,Retired,Mass,2023-05-15
C03017,Customer 03017,67,Male,New Delhi,Delhi,Retired,Mass,2022-10-02
C03018,Customer 03018,48,Female,Mysuru,Karnataka,Retired,Affluent,2020-06-26
C03019,Customer 03019,60,Male,Warangal,Telangana,Student,Mass Affluent,2019-05-16
C03020,Customer 03020,37,Male,Visakhapatnam,Andhra Pradesh,Business,Premium,2022-10-11
C03021,Customer 03021,24,Male,Mysuru,Karnataka,Salaried,Mass,2021-04-08
C03022,Customer 03022,31,Male,Mumbai,Maharashtra,Student,Premium,2018-04-05
C03023,Customer 03023,56,Male,New Delhi,Delhi,Salaried,Mass,2019-07-02
C03024,Customer 03024,58,Male,Noida,Uttar Pradesh,Retired,Premium,2019-05-23
C03025,Customer 03025,61,Male,Kolkata,West Bengal,Retired,Mass,2018-04-19
C03026,Customer 03026,50,Male,New Delhi,Delhi,Business,Premium,2019-12-12
C03027,Customer 03027,47,Female,Chennai,Tamil Nadu,Retired,Premium,2018-03-17
C03028,Customer 03028,54,Female,Noida,Uttar Pradesh,Salaried,Mass,2024-09-08
C03029,Customer 03029,49,Female,New Delhi,Delhi,Student,Mass,2022-10-23
C03030,Customer 03030,50,Female,Surat,Gujarat,Business,Affluent,2022-03-20
C03031,Customer 03031,26,Male,Jodhpur,Rajasthan,Student,Affluent,2019-01-16
C03032,Customer 03032,64,Female,Hyderabad,Telangana,Student,Mass Affluent,2020-08-02
C03033,Customer 03033,44,Female,Noida,Uttar Pradesh,Retired,Affluent,2022-10-15
C03034,Customer 03034,40,Male,Jaipur,Rajasthan,Salaried,Mass,2023-03-09
C03035,Customer 03035,62,Male,Kolkata,West Bengal,Business,Affluent,2025-06-04
C03036,Customer 03036,33,Female,Bengaluru,Karnataka,Self-Employed,Premium,2020-12-02
C03037,Customer 03037,58,Male,Chennai,Tamil Nadu,Retired,Mass Affluent,2023-10-12
C03038,Customer 03038,36,Female,Vijayawada,Andhra Pradesh,Business,Affluent,2022-09-09
C03039,Customer 03039,23,Male,New Delhi,Delhi,Student,Affluent,2019-11-12
C03040,Customer 03040,52,Male,Bengaluru,Karnataka,Business,Mass,2022-09-28
C03041,Customer 03041,61,Female,Mysuru,Karnataka,Salaried,Mass,2019-09-27
C03042,Customer 03042,57,Female,Mumbai,Maharashtra,Student,Affluent,2024-04-26
C03043,Customer 03043,49,Female,Mysuru,Karnataka,Student,Mass,2024-07-22
C03044,Customer 03044,45,Male,Kolkata,West Bengal,Retired,Mass,2025-04-11
C03045,Customer 03045,58,Female,Noida,Uttar Pradesh,Retired,Mass,2024-07-21
C03046,Customer 03046,39,Male,Pune,Maharashtra,Retired,Mass,2025-07-16
C03047,Customer 03047,51,Female,Pune,Maharashtra,Student,Mass,2018-04-12
C03048,Customer 03048,53,Male,Jodhpur,Rajasthan,Salaried,Mass,2019-01-27
C03049,Customer 03049,29,Male,Jodhpur,Rajasthan,Salaried,Affluent,2020-09-14
C03050,Customer 03050,50,Female,Jodhpur,Rajasthan,Self-Employed,Mass,2023-06-05
C03051,Customer 03051,62,Female,Visakhapatnam,Andhra Pradesh,Student,Affluent,2019-12-11
C03052,Customer 03052,38,Female,Vijayawada,Andhra Pradesh,Business,Mass Affluent,2022-04-19
C03053,Customer 03053,63,Male,Visakhapatnam,Andhra Pradesh,Salaried,Mass Affluent,2022-09-11
C03054,Customer 03054,64,Male,Kolkata,West Bengal,Retired,Mass,2020-12-26
C03055,Customer 03055,47,Female,Jaipur,Rajasthan,Self-Employed,Mass Affluent,2022-02-26
C03056,Customer 03056,28,Male,Hyderabad,Telangana,Retired,Premium,2024-07-25
C03057,Customer 03057,22,Male,Noida,Uttar Pradesh,Retired,Premium,2019-06-12
C03058,Customer 03058,49,Male,Vijayawada,Andhra Pradesh,Business,Mass Affluent,2025-02-05
C03059,Customer 03059,57,Female,Jaipur,Rajasthan,Salaried,Affluent,2020-09-21
C03060,Customer 03060,56,Male,Jaipur,Rajasthan,Business,Mass Affluent,2025-01-14
C03061,Customer 03061,38,Male,Vijayawada,Andhra Pradesh,Business,Mass Affluent,2024-11-02
C03062,Customer 03062,40,Male,Jaipur,Rajasthan,Retired,Mass,2018-05-04
C03063,Customer 03063,60,Female,New Delhi,Delhi,Business,Mass,2021-06-29
C03064,Customer 03064,56,Male,Chennai,Tamil Nadu,Retired,Mass,2024-02-13
C03065,Customer 03065,29,Female,Lucknow,Uttar Pradesh,Student,Affluent,2023-02-19
C03066,Customer 03066,66,Female,Hyderabad,Telangana,Self-Employed,Mass,2019-08-27
C03067,Customer 03067,59,Male,Coimbatore,Tamil Nadu,Student,Affluent,2024-01-20
C03068,Customer 03068,36,Male,Warangal,Telangana,Business,Premium,2020-07-09
C03069,Customer 03069,49,Male,Jodhpur,Rajasthan,Retired,Premium,2022-12-21
C03070,Customer 03070,47,Male,Chennai,Tamil Nadu,Self-Employed,Affluent,2022-06-24
C03071,Customer 03071,46,Female,Jaipur,Rajasthan,Salaried,Mass Affluent,2021-06-29
C03072,Customer 03072,44,Male,Pune,Maharashtra,Business,Affluent,2020-11-19
C03073,Customer 03073,35,Female,Kolkata,West Bengal,Retired,Mass,2022-11-17
C03074,Customer 03074,55,Male,Jodhpur,Rajasthan,Business,Premium,2018-03-13
C03075,Customer 03075,60,Female,Visakhapatnam,Andhra Pradesh,Self-Employed,Mass,2023-05-02
C03076,Customer 03076,39,Male,Lucknow,Uttar Pradesh,Business,Mass Affluent,2018-10-28
C03077,Customer 03077,65,Female,Mumbai,Maharashtra,Salaried,Premium,2025-07-14
C03078,Customer 03078,27,Female,Visakhapatnam,Andhra Pradesh,Salaried,Premium,2023-10-19
C03079,Customer 03079,70,Male,Lucknow,Uttar Pradesh,Self-Employed,Mass,2024-10-23
C03080,Customer 03080,31,Female,Vijayawada,Andhra Pradesh,Student,Mass,2023-04-17
C03081,Customer 03081,34,Male,Coimbatore,Tamil Nadu,Self-Employed,Mass Affluent,2018-07-09
C03082,Customer 03082,50,Female,Mumbai,Maharashtra,Student,Affluent,2025-01-11
C03083,Customer 03083,59,Male,Bengaluru,Karnataka,Business,Premium,2018-01-26
C03084,Customer 03084,32,Female,Kolkata,West Bengal,Retired,Affluent,2021-05-29
C03085,Customer 03085,49,Male,Ahmedabad,Gujarat,Salaried,Mass,2025-05-23
C03086,Customer 03086,52,Male,Kolkata,West Bengal,Self-Employed,Mass Affluent,2025-08-29
C03087,Customer 03087,49,Male,Kolkata,West Bengal,Business,Mass Affluent,2018-08-17
C03088,Customer 03088,31,Female,Jaipur,Rajasthan,Self-Employed,Mass,2025-02-24
C03089,Customer 03089,68,Male,Kolkata,West Bengal,Business,Affluent,2021-10-01
C03090,Customer 03090,47,Female,Surat,Gujarat,Business,Mass,2023-10-31
C03091,Customer 03091,61,Male,Noida,Uttar Pradesh,Retired,Premium,2023-05-27
C03092,Customer 03092,66,Female,Chennai,Tamil Nadu,Salaried,Mass,2022-05-12
C03093,Customer 03093,70,Male,Ahmedabad,Gujarat,Retired,Premium,2023-07-07
C03094,Customer 03094,37,Male,Jodhpur,Rajasthan,Business,Mass,2020-10-15
C03095,Customer 03095,28,Male,Hyderabad,Telangana,Student,Mass,2019-01-08
C03096,Customer 03096,44,Male,Kolkata,West Bengal,Self-Employed,Mass,2021-07-02
C03097,Customer 03097,47,Male,Lucknow,Uttar Pradesh,Business,Mass,2025-08-13
C03098,Customer 03098,40,Male,Mysuru,Karnataka,Business,Affluent,2018-05-16
C03099,Customer 03099,44,Female,New Delhi,Delhi,Retired,Mass Affluent,2021-11-04
C03100,Customer 03100,43,Female,New Delhi,Delhi,Salaried,Affluent,2022-03-24
C03101,Customer 03101,65,Female,Visakhapatnam,Andhra Pradesh,Student,Affluent,2020-01-03
C03102,Customer 03102,27,Female,Pune,Maharashtra,Student,Premium,2018-02-27
C03103,Customer 03103,47,Female,Jaipur,Rajasthan,Student,Mass Affluent,2023-10-18
C03104,Customer 03104,57,Female,Jodhpur,Rajasthan,Salaried,Mass,2024-10-02
C03105,Customer 03105,22,Female,Kolkata,West Bengal,Business,Mass,2024-05-11
C03106,Customer 03106,62,Female,Lucknow,Uttar Pradesh,Self-Employed,Mass,2019-10-03
C03107,Customer 03107,49,Male,Warangal,Telangana,Student,Affluent,2025-08-25
C03108,Customer 03108,65,Female,Warangal,Telangana,Retired,Affluent,2019-06-14
C03109,Customer 03109,31,Male,Mysuru,Karnataka,Student,Affluent,2023-05-22
C03110,Customer 03110,38,Female,Kolkata,West Bengal,Business,Premium,2018-07-08
C03111,Customer 03111,50,Male,Hyderabad,Telangana,Business,Mass Affluent,2023-03-14
C03112,Customer 03112,47,Female,Jaipur,Rajasthan,Business,Mass Affluent,2022-01-28
C03113,Customer 03113,48,Male,Coimbatore,Tamil Nadu,Student,Premium,2024-12-27
C03114,Customer 03114,33,Male,Kolkata,West Bengal,Retired,Premium,2025-04-07
C03115,Customer 03115,48,Female,Mumbai,Maharashtra,Self-Employed,Mass,2020-10-15
C03116,Customer 03116,42,Male,Kolkata,West Bengal,Business,Mass Affluent,2018-10-17
C03117,Customer 03117,52,Female,Jodhpur,Rajasthan,Retired,Mass,2025-05-03
C03118,Customer 03118,23,Male,Coimbatore,Tamil Nadu,Student,Premium,2023-06-12
C03119,Customer 03119,31,Male,Surat,Gujarat,Salaried,Mass,2018-06-26
C03120,Customer 03120,56,Male,Kolkata,West Bengal,Business,Mass,2018-05-06
C03121,Customer 03121,58,Female,Warangal,Telangana,Student,Premium,2025-06-15
C03122,Customer 03122,43,Female,Vijayawada,Andhra Pradesh,Salaried,Mass,2018-03-28
C03123,Customer 03123,25,Male,Noida,Uttar Pradesh,Business,Premium,2022-06-27
C03124,Customer 03124,21,Female,Pune,Maharashtra,Self-Employed,Mass Affluent,2024-08-15
C03125,Customer 03125,30,Male,Ahmedabad,Gujarat,Retired,Mass,2024-11-17
C03126,Customer 03126,64,Male,Coimbatore,Tamil Nadu,Self-Employed,Mass,2025-01-21
C03127,Customer 03127,28,Male,New Delhi,Delhi,Retired,Mass,2019-09-14
C03128,Customer 03128,33,Male,Kolkata,West Bengal,Business,Premium,2019-12-27
C03129,Customer 03129,54,Male,Pune,Maharashtra,Retired,Premium,2020-02-29
C03130,Customer 03130,59,Female,Hyderabad,Telangana,Salaried,Mass,2023-12-29
C03131,Customer 03131,65,Male,Mumbai,Maharashtra,Business,Premium,2022-12-19
C03132,Customer 03132,63,Female,Warangal,Telangana,Business,Premium,2019-02-01
C03133,Customer 03133,69,Female,Jodhpur,Rajasthan,Retired,Mass,2025-02-14
C03134,Customer 03134,57,Female,Chennai,Tamil Nadu,Student,Mass,2019-08-28
C03135,Customer 03135,39,Female,Warangal,Telangana,Business,Mass,2022-07-20
C03136,Customer 03136,31,Female,Surat,Gujarat,Business,Mass Affluent,2024-12-19
C03137,Customer 03137,22,Male,Jaipur,Rajasthan,Student,Premium,2023-12-03
C03138,Customer 03138,57,Male,Mumbai,Maharashtra,Business,Affluent,2023-12-25
C03139,Customer 03139,68,Female,Jodhpur,Rajasthan,Self-Employed,Affluent,2022-01-12
C03140,Customer 03140,23,Female,Mysuru,Karnataka,Student,Affluent,2023-01-14
C03141,Customer 03141,69,Male,Mysuru,Karnataka,Self-Employed,Premium,2023-08-03
C03142,Customer 03142,36,Male,Kolkata,West Bengal,Business,Mass,2021-02-02
C03143,Customer 03143,65,Male,Pune,Maharashtra,Retired,Affluent,2024-08-13
C03144,Customer 03144,61,Female,New Delhi,Delhi,Retired,Mass,2022-09-13
C03145,Customer 03145,68,Female,Bengaluru,Karnataka,Business,Mass,2020-02-14
C03146,Customer 03146,68,Female,Noida,Uttar Pradesh,Retired,Mass Affluent,2019-07-31
C03147,Customer 03147,52,Male,Visakhapatnam,Andhra Pradesh,Business,Affluent,2020-02-26
C03148,Customer 03148,65,Female,Mumbai,Maharashtra,Business,Mass,2019-01-27
C03149,Customer 03149,35,Male,Surat,Gujarat,Self-Employed,Mass,2019-04-08
C03150,Customer 03150,41,Male,Visakhapatnam,Andhra Pradesh,Student,Mass,2018-02-08
C03151,Customer 03151,47,Female,Chennai,Tamil Nadu,Self-Employed,Mass,2018-10-07
C03152,Customer 03152,26,Male,Vijayawada,Andhra Pradesh,Self-Employed,Mass,2023-09-23
C03153,Customer 03153,40,Male,Mumbai,Maharashtra,Self-Employed,Mass,2020-11-28
C03154,Customer 03154,44,Male,New Delhi,Delhi,Retired,Mass,2024-02-02
C03155,Customer 03155,59,Male,New Delhi,Delhi,Business,Mass,2025-06-19
C03156,Customer 03156,38,Female,New Delhi,Delhi,Salaried,Affluent,2020-04-01
C03157,Customer 03157,31,Female,Mysuru,Karnataka,Salaried,Affluent,2021-01-08
C03158,Customer 03158,60,Female,Vijayawada,Andhra Pradesh,Student,Affluent,2023-07-26
C03159,Customer 03159,45,Female,Jodhpur,Rajasthan,Self-Employed,Mass,2024-12-06
C03160,Customer 03160,21,Male,Kolkata,West Bengal,Self-Employed,Mass Affluent,2023-02-10
C03161,Customer 03161,49,Female,Surat,Gujarat,Self-Employed,Mass,2021-09-19
C03162,Customer 03162,32,Male,Ahmedabad,Gujarat,Student,Premium,2024-10-19
C03163,Customer 03163,36,Female,Kolkata,West Bengal,Student,Mass,2020-01-28
C03164,Customer 03164,48,Male,Lucknow,Uttar Pradesh,Business,Mass,2019-01-01
C03165,Customer 03165,37,Female,Coimbatore,Tamil Nadu,Self-Employed,Mass Affluent,2025-08-07
C03166,Customer 03166,47,Male,Noida,Uttar Pradesh,Business,Mass Affluent,2023-02-22
C03167,Customer 03167,38,Male,Ahmedabad,Gujarat,Self-Employed,Premium,2025-04-30
C03168,Customer 03168,40,Female,Vijayawada,Andhra Pradesh,Retired,Premium,2019-05-18
C03169,Customer 03169,29,Female,Chennai,Tamil Nadu,Business,Mass,2024-05-08
C03170,Customer 03170,34,Female,Hyderabad,Telangana,Self-Employed,Premium,2022-09-28
C03171,Customer 03171,47,Female,Surat,Gujarat,Student,Premium,2021-03-09
C03172,Customer 03172,24,Female,Warangal,Telangana,Salaried,Mass,2021-07-26
C03173,Customer 03173,65,Female,Ahmedabad,Gujarat,Salaried,Premium,2025-02-27
C03174,Customer 03174,68,Male,Chennai,Tamil Nadu,Business,Mass Affluent,2020-09-28
C03175,Customer 03175,50,Female,Coimbatore,Tamil Nadu,Salaried,Premium,2025-04-07
C03176,Customer 03176,39,Female,Kolkata,West Bengal,Student,Affluent,2018-07-29
C03177,Customer 03177,36,Female,Jodhpur,Rajasthan,Business,Mass,2018-07-24
C03178,Customer 03178,49,Female,Noida,Uttar Pradesh,Business,Mass Affluent,2019-02-27
C03179,Customer 03179,59,Female,Warangal,Telangana,Self-Employed,Mass Affluent,2019-10-01
C03180,Customer 03180,41,Female,Mysuru,Karnataka,Salaried,Premium,2021-12-06
C03181,Customer 03181,24,Male,Kolkata,West Bengal,Student,Mass,2022-02-17
C03182,Customer 03182,24,Female,Jodhpur,Rajasthan,Salaried,Premium,2022-08-16
C03183,Customer 03183,43,Male,New Delhi,Delhi,Student,Mass Affluent,2022-11-16
C03184,Customer 03184,23,Male,New Delhi,Delhi,Salaried,Mass,2023-06-21
C03185,Customer 03185,53,Male,Lucknow,Uttar Pradesh,Salaried,Mass,2019-05-16
C03186,Customer 03186,65,Male,Noida,Uttar Pradesh,Retired,Mass,2020-05-20
C03187,Customer 03187,55,Female,Noida,Uttar Pradesh,Student,Affluent,2019-09-09
C03188,Customer 03188,30,Male,New Delhi,Delhi,Student,Premium,2020-12-27
C03189,Customer 03189,50,Male,Kolkata,West Bengal,Retired,Mass,2024-01-13
C03190,Customer 03190,62,Female,Mysuru,Karnataka,Student,Premium,2019-10-01
C03191,Customer 03191,32,Male,Jodhpur,Rajasthan,Self-Employed,Mass Affluent,2022-05-05
C03192,Customer 03192,37,Male,New Delhi,Delhi,Business,Mass Affluent,2021-10-02
C03193,Customer 03193,42,Male,Kolkata,West Bengal,Salaried,Premium,2024-08-09
C03194,Customer 03194,26,Female,Kolkata,West Bengal,Business,Premium,2022-09-11
C03195,Customer 03195,22,Male,Lucknow,Uttar Pradesh,Self-Employed,Affluent,2023-03-05
C03196,Customer 03196,60,Male,New Delhi,Delhi,Self-Employed,Mass,2024-06-30
C03197,Customer 03197,46,Female,Mumbai,Maharashtra,Retired,Affluent,2022-12-31
C03198,Customer 03198,30,Male,Vijayawada,Andhra Pradesh,Student,Mass,2020-07-19
C03199,Customer 03199,67,Female,Jaipur,Rajasthan,Self-Employed,Mass Affluent,2020-06-24
C03200,Customer 03200,53,Female,Surat,Gujarat,Retired,Affluent,2021-02-17
C03201,Customer 03201,41,Female,Bengaluru,Karnataka,Business,Mass,2020-09-10
C03202,Customer 03202,59,Female,Visakhapatnam,Andhra Pradesh,Student,Affluent,2022-12-19
C03203,Customer 03203,52,Female,Visakhapatnam,Andhra Pradesh,Student,Mass Affluent,2021-01-06
C03204,Customer 03204,27,Male,Mumbai,Maharashtra,Self-Employed,Mass Affluent,2025-07-29
C03205,Customer 03205,33,Male,Lucknow,Uttar Pradesh,Retired,Affluent,2018-11-15
C03206,Customer 03206,36,Female,Warangal,Telangana,Business,Mass,2022-09-10
C03207,Customer 03207,47,Male,Chennai,Tamil Nadu,Self-Employed,Mass,2018-02-15
C03208,Customer 03208,58,Female,Ahmedabad,Gujarat,Salaried,Affluent,2018-09-28
C03209,Customer 03209,24,Male,Noida,Uttar Pradesh,Self-Employed,Mass,2025-02-19
C03210,Customer 03210,48,Male,Hyderabad,Telangana,Salaried,Mass,2022-04-24
C03211,Customer 03211,68,Male,Mysuru,Karnataka,Retired,Premium,2021-07-24
C03212,Customer 03212,69,Male,Kolkata,West Bengal,Self-Employed,Mass,2023-04-22
C03213,Customer 03213,22,Female,Ahmedabad,Gujarat,Salaried,Mass,2022-03-12
C03214,Customer 03214,64,Female,Visakhapatnam,Andhra Pradesh,Business,Premium,2020-12-03
C03215,Customer 03215,53,Female,Lucknow,Uttar Pradesh,Student,Mass,2018-04-16
C03216,Customer 03216,48,Male,Bengaluru,Karnataka,Student,Premium,2020-12-09
C03217,Customer 03217,32,Male,Hyderabad,Telangana,Self-Employed,Affluent,2021-01-01
C03218,Customer 03218,22,Female,Vijayawada,Andhra Pradesh,Business,Mass,2025-01-31
C03219,Customer 03219,44,Male,New Delhi,Delhi,Business,Affluent,2024-04-20
C03220,Customer 03220,45,Male,Kolkata,West Bengal,Student,Mass,2025-05-01
C03221,Customer 03221,67,Male,Mumbai,Maharashtra,Student,Mass,2019-09-02
C03222,Customer 03222,50,Male,New Delhi,Delhi,Business,Affluent,2020-05-21
C03223,Customer 03223,65,Male,Warangal,Telangana,Salaried,Mass Affluent,2021-02-26
C03224,Customer 03224,53,Male,Hyderabad,Telangana,Self-Employed,Affluent,2021-04-26
C03225,Customer 03225,49,Female,Chennai,Tamil Nadu,Retired,Mass,2023-03-20
C03226,Customer 03226,24,Male,Pune,Maharashtra,Self-Employed,Mass,2024-07-13
C03227,Customer 03227,54,Female,Kolkata,West Bengal,Business,Mass,2020-10-06
C03228,Customer 03228,40,Female,Coimbatore,Tamil Nadu,Retired,Mass,2023-12-05
C03229,Customer 03229,52,Female,Jaipur,Rajasthan,Business,Mass Affluent,2024-07-30
C03230,Customer 03230,56,Female,Hyderabad,Telangana,Business,Mass,2018-05-28
C03231,Customer 03231,21,Male,Vijayawada,Andhra Pradesh,Student,Premium,2020-01-17
C03232,Customer 03232,55,Male,New Delhi,Delhi,Salaried,Mass,2019-06-23
C03233,Customer 03233,51,Female,Surat,Gujarat,Salaried,Mass,2023-01-27
C03234,Customer 03234,32,Female,Mysuru,Karnataka,Retired,Mass,2024-01-30
C03235,Customer 03235,67,Male,New Delhi,Delhi,Self-Employed,Mass,2019-03-10
C03236,Customer 03236,28,Female,Jodhpur,Rajasthan,Salaried,Mass Affluent,2020-03-30
C03237,Customer 03237,63,Female,Jodhpur,Rajasthan,Student,Mass,2023-04-16
C03238,Customer 03238,28,Male,Warangal,Telangana,Student,Mass,2020-01-24
C03239,Customer 03239,30,Male,Vijayawada,Andhra Pradesh,Student,Affluent,2020-03-11
C03240,Customer 03240,54,Female,Hyderabad,Telangana,Salaried,Mass,2018-08-18
C03241,Customer 03241,49,Male,Mumbai,Maharashtra,Business,Mass,2020-03-15
C03242,Customer 03242,40,Male,Visakhapatnam,Andhra Pradesh,Student,Mass,2021-05-20
C03243,Customer 03243,29,Male,Kolkata,West Bengal,Business,Mass Affluent,2018-09-02
C03244,Customer 03244,29,Female,Mumbai,Maharashtra,Self-Employed,Affluent,2023-01-05
C03245,Customer 03245,51,Male,Jodhpur,Rajasthan,Retired,Mass Affluent,2023-10-16
C03246,Customer 03246,39,Male,Jaipur,Rajasthan,Business,Premium,2023-02-10
C03247,Customer 03247,62,Male,Mysuru,Karnataka,Salaried,Mass,2023-07-27
C03248,Customer 03248,36,Male,Jaipur,Rajasthan,Retired,Mass,2024-05-21
C03249,Customer 03249,36,Male,Coimbatore,Tamil Nadu,Business,Affluent,2019-04-22
C03250,Customer 03250,59,Female,Chennai,Tamil Nadu,Retired,Mass,2022-06-30
C03251,Customer 03251,47,Female,Surat,Gujarat,Student,Mass Affluent,2019-02-03
C03252,Customer 03252,70,Male,Ahmedabad,Gujarat,Business,Mass Affluent,2018-10-10
C03253,Customer 03253,47,Male,Kolkata,West Bengal,Self-Employed,Affluent,2018-07-04
C03254,Customer 03254,52,Male,Noida,Uttar Pradesh,Salaried,Mass,2019-08-01
C03255,Customer 03255,66,Male,Kolkata,West Bengal,Retired,Affluent,2021-08-26
C03256,Customer 03256,25,Male,New Delhi,Delhi,Self-Employed,Premium,2019-05-25
C03257,Customer 03257,30,Male,Kolkata,West Bengal,Business,Mass,2021-03-17
C03258,Customer 03258,35,Male,Chennai,Tamil Nadu,Retired,Mass Affluent,2025-08-01
C03259,Customer 03259,66,Male,Jaipur,Rajasthan,Student,Mass Affluent,2021-07-14
C03260,Customer 03260,47,Female,Vijayawada,Andhra Pradesh,Self-Employed,Mass,2023-04-23
C03261,Customer 03261,59,Male,Jodhpur,Rajasthan,Retired,Affluent,2019-03-19
C03262,Customer 03262,39,Female,Pune,Maharashtra,Retired,Mass Affluent,2025-03-17
C03263,Customer 03263,70,Male,Jodhpur,Rajasthan,Student,Mass,2018-09-30
C03264,Customer 03264,21,Female,Bengaluru,Karnataka,Business,Mass,2023-04-13
C03265,Customer 03265,52,Female,Visakhapatnam,Andhra Pradesh,Business,Mass,2024-02-24
C03266,Customer 03266,48,Female,Ahmedabad,Gujarat,Salaried,Affluent,2020-04-30
C03267,Customer 03267,30,Male,Jaipur,Rajasthan,Student,Affluent,2021-02-27
C03268,Customer 03268,42,Male,Surat,Gujarat,Salaried,Affluent,2023-07-06
C03269,Customer 03269,49,Female,New Delhi,Delhi,Retired,Mass Affluent,2022-08-28
C03270,Customer 03270,56,Male,Lucknow,Uttar Pradesh,Student,Affluent,2019-10-31
C03271,Customer 03271,52,Male,Jodhpur,Rajasthan,Business,Mass,2019-08-16
C03272,Customer 03272,62,Female,Vijayawada,Andhra Pradesh,Student,Mass Affluent,2018-04-25
C03273,Customer 03273,24,Male,Surat,Gujarat,Salaried,Affluent,2018-08-29
C03274,Customer 03274,55,Female,New Delhi,Delhi,Retired,Premium,2020-11-16
C03275,Customer 03275,66,Male,Mysuru,Karnataka,Self-Employed,Mass,2018-08-17
C03276,Customer 03276,44,Female,New Delhi,Delhi,Salaried,Mass,2022-05-19
C03277,Customer 03277,53,Female,Coimbatore,Tamil Nadu,Retired,Premium,2024-06-22
C03278,Customer 03278,43,Female,Mumbai,Maharashtra,Self-Employed,Affluent,2024-06-27
C03279,Customer 03279,65,Male,Warangal,Telangana,Business,Mass,2025-02-08
C03280,Customer 03280,50,Male,Jaipur,Rajasthan,Self-Employed,Mass,2019-02-26
C03281,Customer 03281,62,Female,Lucknow,Uttar Pradesh,Student,Affluent,2024-04-18
C03282,Customer 03282,64,Male,Hyderabad,Telangana,Student,Premium,2020-03-24
C03283,Customer 03283,44,Male,Jodhpur,Rajasthan,Retired,Premium,2021-11-17
C03284,Customer 03284,67,Male,Jodhpur,Rajasthan,Salaried,Mass,2022-12-02
C03285,Customer 03285,56,Female,Vijayawada,Andhra Pradesh,Salaried,Mass,2019-11-21
C03286,Customer 03286,44,Female,Mumbai,Maharashtra,Retired,Mass,2023-09-08
C03287,Customer 03287,52,Female,Warangal,Telangana,Retired,Mass,2019-09-13
C03288,Customer 03288,66,Female,Ahmedabad,Gujarat,Student,Mass Affluent,2018-05-24
C03289,Customer 03289,53,Female,Vijayawada,Andhra Pradesh,Salaried,Mass Affluent,2022-03-09
C03290,Customer 03290,39,Male,Lucknow,Uttar Pradesh,Student,Mass Affluent,2018-02-13
C03291,Customer 03291,42,Male,Kolkata,West Bengal,Salaried,Mass,2022-09-10
C03292,Customer 03292,53,Female,Jaipur,Rajasthan,Retired,Mass,2023-06-22
C03293,Customer 03293,54,Male,Mysuru,Karnataka,Business,Mass,2018-07-11
C03294,Customer 03294,32,Female,Jaipur,Rajasthan,Salaried,Mass,2024-12-22
C03295,Customer 03295,22,Male,Bengaluru,Karnataka,Business,Mass,2022-09-02
C03296,Customer 03296,38,Female,New Delhi,Delhi,Self-Employed,Premium,2018-02-27
C03297,Customer 03297,48,Female,Warangal,Telangana,Retired,Mass Affluent,2021-06-26
C03298,Customer 03298,51,Male,Bengaluru,Karnataka,Retired,Mass Affluent,2020-06-10
C03299,Customer 03299,31,Male,New Delhi,Delhi,Business,Mass Affluent,2020-11-06
C03300,Customer 03300,64,Male,Vijayawada,Andhra Pradesh,Business,Mass,2021-03-26
C03301,Customer 03301,24,Female,Jaipur,Rajasthan,Student,Premium,2019-08-28
C03302,Customer 03302,54,Female,New Delhi,Delhi,Salaried,Affluent,2021-04-16
C03303,Customer 03303,57,Male,Lucknow,Uttar Pradesh,Salaried,Premium,2020-01-28
C03304,Customer 03304,39,Male,Mumbai,Maharashtra,Salaried,Premium,2020-12-16
C03305,Customer 03305,26,Female,Kolkata,West Bengal,Student,Mass Affluent,2019-08-30
C03306,Customer 03306,66,Male,Bengaluru,Karnataka,Retired,Mass,2019-03-21
C03307,Customer 03307,68,Male,Mysuru,Karnataka,Self-Employed,Premium,2020-11-26
C03308,Customer 03308,67,Female,Jaipur,Rajasthan,Business,Affluent,2021-05-19
C03309,Customer 03309,56,Female,Coimbatore,Tamil Nadu,Business,Premium,2021-11-05
C03310,Customer 03310,36,Male,Jaipur,Rajasthan,Business,Premium,2025-03-02
C03311,Customer 03311,55,Female,Warangal,Telangana,Business,Affluent,2021-02-06
C03312,Customer 03312,49,Male,Mumbai,Maharashtra,Self-Employed,Mass Affluent,2022-10-14
C03313,Customer 03313,23,Female,New Delhi,Delhi,Self-Employed,Premium,2020-03-23
C03314,Customer 03314,27,Male,Mumbai,Maharashtra,Business,Premium,2022-11-20
C03315,Customer 03315,31,Male,New Delhi,Delhi,Retired,Mass,2018-08-18
C03316,Customer 03316,26,Male,Pune,Maharashtra,Retired,Mass Affluent,2024-10-04
C03317,Customer 03317,28,Male,Lucknow,Uttar Pradesh,Salaried,Mass Affluent,2023-12-23
C03318,Customer 03318,48,Male,New Delhi,Delhi,Business,Mass,2022-09-07
C03319,Customer 03319,33,Female,Ahmedabad,Gujarat,Self-Employed,Mass,2025-04-05
C03320,Customer 03320,37,Male,New Delhi,Delhi,Salaried,Mass,2024-07-04
C03321,Customer 03321,27,Male,Jaipur,Rajasthan,Retired,Premium,2023-07-18
C03322,Customer 03322,64,Female,Kolkata,West Bengal,Self-Employed,Mass,2023-09-17
C03323,Customer 03323,30,Female,Bengaluru,Karnataka,Retired,Affluent,2021-04-24
C03324,Customer 03324,23,Male,Ahmedabad,Gujarat,Business,Premium,2024-04-24
C03325,Customer 03325,57,Female,Visakhapatnam,Andhra Pradesh,Student,Premium,2020-01-02
C03326,Customer 03326,34,Female,Mumbai,Maharashtra,Self-Employed,Mass,2020-12-20
C03327,Customer 03327,39,Female,Kolkata,West Bengal,Salaried,Mass,2025-07-02
C03328,Customer 03328,56,Female,Jodhpur,Rajasthan,Business,Mass,2022-01-23
C03329,Customer 03329,43,Female,New Delhi,Delhi,Business,Premium,2020-10-01
C03330,Customer 03330,39,Male,Noida,Uttar Pradesh,Salaried,Affluent,2024-04-18
C03331,Customer 03331,32,Female,Chennai,Tamil Nadu,Business,Mass Affluent,2018-04-20
C03332,Customer 03332,39,Female,Kolkata,West Bengal,Retired,Mass Affluent,2022-05-28
C03333,Customer 03333,51,Male,Mumbai,Maharashtra,Self-Employed,Mass,2025-02-07
C03334,Customer 03334,59,Female,Jodhpur,Rajasthan,Business,Mass,2018-06-17
C03335,Customer 03335,50,Female,Ahmedabad,Gujarat,Self-Employed,Mass,2024-02-07
C03336,Customer 03336,32,Male,Surat,Gujarat,Business,Mass,2025-05-03
C03337,Customer 03337,30,Female,Mumbai,Maharashtra,Student,Mass,2018-10-17
C03338,Customer 03338,41,Female,New Delhi,Delhi,Self-Employed,Premium,2023-07-01
C03339,Customer 03339,29,Female,Jodhpur,Rajasthan,Salaried,Mass Affluent,2023-02-16
C03340,Customer 03340,57,Male,New Delhi,Delhi,Student,Affluent,2025-04-24
C03341,Customer 03341,25,Male,Mumbai,Maharashtra,Salaried,Affluent,2024-08-12
C03342,Customer 03342,40,Male,Noida,Uttar Pradesh,Self-Employed,Mass,2020-01-12
C03343,Customer 03343,63,Male,New Delhi,Delhi,Retired,Mass Affluent,2018-12-28
C03344,Customer 03344,50,Female,Hyderabad,Telangana,Retired,Affluent,2020-05-30
C03345,Customer 03345,56,Female,Surat,Gujarat,Self-Employed,Mass,2024-02-24
C03346,Customer 03346,49,Male,Chennai,Tamil Nadu,Business,Mass,2023-03-02
C03347,Customer 03347,21,Male,Noida,Uttar Pradesh,Student,Mass,2020-10-27
C03348,Customer 03348,63,Female,Pune,Maharashtra,Student,Mass Affluent,2018-10-27
C03349,Customer 03349,25,Male,Visakhapatnam,Andhra Pradesh,Salaried,Mass,2022-01-12
C03350,Customer 03350,24,Female,Coimbatore,Tamil Nadu,Retired,Mass,2023-05-07
C03351,Customer 03351,45,Female,Mysuru,Karnataka,Salaried,Premium,2020-09-13
C03352,Customer 03352,42,Female,Pune,Maharashtra,Salaried,Premium,2023-05-19
C03353,Customer 03353,53,Female,Lucknow,Uttar Pradesh,Business,Affluent,2023-05-06
C03354,Customer 03354,69,Male,Jodhpur,Rajasthan,Self-Employed,Mass Affluent,2018-08-14
C03355,Customer 03355,35,Male,Pune,Maharashtra,Retired,Mass Affluent,2022-10-28
C03356,Customer 03356,43,Male,Ahmedabad,Gujarat,Student,Affluent,2018-03-09
C03357,Customer 03357,66,Male,Kolkata,West Bengal,Retired,Mass Affluent,2018-06-11
C03358,Customer 03358,65,Female,New Delhi,Delhi,Salaried,Mass,2025-05-04
C03359,Customer 03359,43,Female,Noida,Uttar Pradesh,Business,Mass,2023-02-01
C03360,Customer 03360,45,Female,Hyderabad,Telangana,Self-Employed,Mass Affluent,2020-05-11
C03361,Customer 03361,45,Male,Kolkata,West Bengal,Business,Affluent,2024-05-24
C03362,Customer 03362,49,Male,New Delhi,Delhi,Retired,Premium,2023-09-19
C03363,Customer 03363,26,Male,New Delhi,Delhi,Student,Mass,2020-07-14
C03364,Customer 03364,67,Female,Chennai,Tamil Nadu,Business,Mass Affluent,2024-05-12
C03365,Customer 03365,70,Female,Bengaluru,Karnataka,Business,Mass Affluent,2023-10-13
C03366,Customer 03366,64,Female,Warangal,Telangana,Salaried,Premium,2025-08-04
C03367,Customer 03367,68,Male,Lucknow,Uttar Pradesh,Self-Employed,Mass,2018-10-22
C03368,Customer 03368,21,Male,New Delhi,Delhi,Student,Mass,2018-08-07
C03369,Customer 03369,22,Male,Noida,Uttar Pradesh,Retired,Mass,2019-10-18
C03370,Customer 03370,29,Female,Jaipur,Rajasthan,Salaried,Mass,2018-12-15
C03371,Customer 03371,22,Female,Hyderabad,Telangana,Business,Mass,2021-08-23
C03372,Customer 03372,49,Male,New Delhi,Delhi,Retired,Premium,2024-02-19
C03373,Customer 03373,24,Female,New Delhi,Delhi,Retired,Premium,2022-02-25
C03374,Customer 03374,50,Male,Jaipur,Rajasthan,Salaried,Affluent,2018-08-04
C03375,Customer 03375,41,Male,Ahmedabad,Gujarat,Business,Mass,2025-07-17
C03376,Customer 03376,24,Male,Coimbatore,Tamil Nadu,Salaried,Mass Affluent,2022-02-13
C03377,Customer 03377,28,Male,New Delhi,Delhi,Salaried,Mass,2022-08-28
C03378,Customer 03378,67,Male,New Delhi,Delhi,Business,Mass,2021-02-01
C03379,Customer 03379,25,Female,Visakhapatnam,Andhra Pradesh,Student,Affluent,2023-08-25
C03380,Customer 03380,28,Female,Chennai,Tamil Nadu,Student,Premium,2019-06-24
C03381,Customer 03381,49,Male,Ahmedabad,Gujarat,Self-Employed,Premium,2018-04-11
C03382,Customer 03382,62,Male,Visakhapatnam,Andhra Pradesh,Business,Premium,2021-06-04
C03383,Customer 03383,27,Male,Warangal,Telangana,Self-Employed,Mass,2023-04-14
C03384,Customer 03384,58,Male,Noida,Uttar Pradesh,Business,Mass Affluent,2020-05-11
C03385,Customer 03385,54,Female,Mysuru,Karnataka,Student,Affluent,2024-01-10
C03386,Customer 03386,50,Male,New Delhi,Delhi,Business,Mass Affluent,2018-04-15
C03387,Customer 03387,25,Male,Surat,Gujarat,Salaried,Premium,2019-08-07
C03388,Customer 03388,54,Female,Jaipur,Rajasthan,Student,Mass Affluent,2025-04-28
C03389,Customer 03389,69,Female,Pune,Maharashtra,Business,Mass,2023-04-19
C03390,Customer 03390,70,Male,Coimbatore,Tamil Nadu,Student,Premium,2020-12-27
C03391,Customer 03391,47,Female,Hyderabad,Telangana,Business,Premium,2023-03-29
C03392,Customer 03392,61,Female,Kolkata,West Bengal,Salaried,Mass,2024-03-09
C03393,Customer 03393,35,Female,Kolkata,West Bengal,Student,Mass Affluent,2020-01-17
C03394,Customer 03394,29,Male,Vijayawada,Andhra Pradesh,Salaried,Premium,2024-08-28
C03395,Customer 03395,60,Female,Mysuru,Karnataka,Retired,Mass,2024-09-14
C03396,Customer 03396,52,Male,Chennai,Tamil Nadu,Student,Mass,2019-02-19
C03397,Customer 03397,29,Female,Ahmedabad,Gujarat,Retired,Premium,2023-11-15
C03398,Customer 03398,59,Male,Jodhpur,Rajasthan,Business,Mass,2019-03-19
C03399,Customer 03399,62,Female,Kolkata,West Bengal,Student,Premium,2019-07-12
C03400,Customer 03400,53,Male,Kolkata,West Bengal,Salaried,Mass,2019-05-08
C03401,Customer 03401,47,Female,Jodhpur,Rajasthan,Student,Premium,2021-02-25
C03402,Customer 03402,53,Male,Kolkata,West Bengal,Student,Mass,2020-06-07
C03403,Customer 03403,62,Female,Pune,Maharashtra,Student,Mass,2023-08-13
C03404,Customer 03404,62,Male,Visakhapatnam,Andhra Pradesh,Salaried,Affluent,2025-07-10
C03405,Customer 03405,58,Male,Chennai,Tamil Nadu,Retired,Affluent,2025-03-16
C03406,Customer 03406,47,Female,Hyderabad,Telangana,Student,Mass,2025-05-16
C03407,Customer 03407,35,Male,Chennai,Tamil Nadu,Student,Mass Affluent,2018-06-05
C03408,Customer 03408,42,Male,Surat,Gujarat,Self-Employed,Mass,2022-07-30
C03409,Customer 03409,36,Female,Kolkata,West Bengal,Business,Premium,2022-06-05
C03410,Customer 03410,61,Female,New Delhi,Delhi,Self-Employed,Mass,2019-02-04
C03411,Customer 03411,37,Female,Mysuru,Karnataka,Self-Employed,Mass,2024-11-01
C03412,Customer 03412,45,Female,Mysuru,Karnataka,Self-Employed,Mass Affluent,2020-07-14
C03413,Customer 03413,42,Female,Coimbatore,Tamil Nadu,Student,Mass,2019-02-14
C03414,Customer 03414,46,Male,Surat,Gujarat,Retired,Affluent,2022-06-17
C03415,Customer 03415,66,Female,Kolkata,West Bengal,Student,Mass Affluent,2023-06-28
C03416,Customer 03416,70,Female,Pune,Maharashtra,Student,Premium,2024-09-09
C03417,Customer 03417,43,Female,Bengaluru,Karnataka,Business,Mass,2020-08-19
C03418,Customer 03418,35,Female,Bengaluru,Karnataka,Retired,Affluent,2022-09-03
C03419,Customer 03419,60,Male,New Delhi,Delhi,Self-Employed,Premium,2018-03-30
C03420,Customer 03420,46,Male,Coimbatore,Tamil Nadu,Student,Mass Affluent,2020-12-09
C03421,Customer 03421,53,Male,Mumbai,Maharashtra,Retired,Affluent,2019-03-25
C03422,Customer 03422,58,Female,Coimbatore,Tamil Nadu,Salaried,Mass,2024-11-07
C03423,Customer 03423,45,Male,Mumbai,Maharashtra,Self-Employed,Mass,2020-06-17
C03424,Customer 03424,41,Female,Jodhpur,Rajasthan,Self-Employed,Mass Affluent,2018-01-22
C03425,Customer 03425,21,Female,New Delhi,Delhi,Self-Employed,Mass Affluent,2024-09-26
C03426,Customer 03426,36,Male,Warangal,Telangana,Retired,Mass Affluent,2024-12-16
C03427,Customer 03427,22,Female,Kolkata,West Bengal,Self-Employed,Mass,2019-03-26
C03428,Customer 03428,34,Female,Visakhapatnam,Andhra Pradesh,Retired,Mass,2023-09-08
C03429,Customer 03429,46,Female,Vijayawada,Andhra Pradesh,Self-Employed,Mass,2020-06-03
C03430,Customer 03430,47,Male,Kolkata,West Bengal,Business,Mass,2023-09-06
C03431,Customer 03431,34,Female,Kolkata,West Bengal,Business,Mass Affluent,2025-04-18
C03432,Customer 03432,33,Male,Jaipur,Rajasthan,Self-Employed,Premium,2024-09-07
C03433,Customer 03433,30,Female,Vijayawada,Andhra Pradesh,Retired,Mass Affluent,2024-08-25
C03434,Customer 03434,65,Male,Surat,Gujarat,Business,Mass,2020-12-10
C03435,Customer 03435,42,Male,Surat,Gujarat,Business,Mass,2023-08-21
C03436,Customer 03436,46,Female,Jodhpur,Rajasthan,Salaried,Mass,2021-02-09
C03437,Customer 03437,33,Male,Pune,Maharashtra,Student,Mass Affluent,2018-03-08
C03438,Customer 03438,65,Male,Lucknow,Uttar Pradesh,Student,Mass,2018-09-01
C03439,Customer 03439,49,Female,Pune,Maharashtra,Retired,Affluent,2023-06-20
C03440,Customer 03440,51,Female,Jodhpur,Rajasthan,Salaried,Mass,2019-12-08
C03441,Customer 03441,56,Female,Mysuru,Karnataka,Student,Affluent,2022-10-20
C03442,Customer 03442,57,Female,Jaipur,Rajasthan,Business,Affluent,2022-03-20
C03443,Customer 03443,63,Male,Surat,Gujarat,Student,Mass Affluent,2024-05-30
C03444,Customer 03444,64,Female,Visakhapatnam,Andhra Pradesh,Student,Affluent,2022-10-14
C03445,Customer 03445,36,Female,Pune,Maharashtra,Business,Premium,2022-01-11
C03446,Customer 03446,44,Female,Warangal,Telangana,Business,Premium,2022-10-26
C03447,Customer 03447,46,Female,Warangal,Telangana,Business,Premium,2023-07-26
C03448,Customer 03448,34,Female,Warangal,Telangana,Student,Mass,2025-06-16
C03449,Customer 03449,69,Male,Mysuru,Karnataka,Salaried,Mass Affluent,2023-12-31
C03450,Customer 03450,37,Male,Surat,Gujarat,Business,Premium,2020-02-22
C03451,Customer 03451,33,Female,Coimbatore,Tamil Nadu,Student,Mass,2021-06-05
C03452,Customer 03452,66,Female,Chennai,Tamil Nadu,Self-Employed,Premium,2024-06-30
C03453,Customer 03453,68,Male,Surat,Gujarat,Salaried,Mass,2024-11-26
C03454,Customer 03454,24,Male,Pune,Maharashtra,Retired,Affluent,2023-01-13
C03455,Customer 03455,58,Male,Noida,Uttar Pradesh,Student,Mass,2022-11-24
C03456,Customer 03456,42,Female,Ahmedabad,Gujarat,Business,Mass,2018-08-09
C03457,Customer 03457,54,Female,Coimbatore,Tamil Nadu,Student,Mass,2021-04-15
C03458,Customer 03458,47,Male,Hyderabad,Telangana,Retired,Affluent,2020-10-14
C03459,Customer 03459,40,Male,Kolkata,West Bengal,Student,Mass,2024-07-12
C03460,Customer 03460,33,Male,Mysuru,Karnataka,Self-Employed,Mass,2022-06-25
C03461,Customer 03461,43,Female,Coimbatore,Tamil Nadu,Student,Affluent,2020-11-07
C03462,Customer 03462,30,Female,Mumbai,Maharashtra,Retired,Affluent,2018-04-03
C03463,Customer 03463,21,Male,Chennai,Tamil Nadu,Salaried,Mass,2021-03-31
C03464,Customer 03464,26,Male,Mumbai,Maharashtra,Business,Mass Affluent,2020-06-03
C03465,Customer 03465,61,Female,Jaipur,Rajasthan,Business,Affluent,2018-06-08
C03466,Customer 03466,42,Female,Vijayawada,Andhra Pradesh,Self-Employed,Mass,2020-01-31
C03467,Customer 03467,44,Female,Kolkata,West Bengal,Salaried,Affluent,2019-06-08
C03468,Customer 03468,34,Male,Coimbatore,Tamil Nadu,Business,Mass,2020-03-20
C03469,Customer 03469,49,Female,Coimbatore,Tamil Nadu,Student,Premium,2019-04-19
C03470,Customer 03470,30,Female,Noida,Uttar Pradesh,Student,Mass Affluent,2024-05-01
C03471,Customer 03471,38,Female,Lucknow,Uttar Pradesh,Business,Affluent,2018-09-02
C03472,Customer 03472,66,Female,Noida,Uttar Pradesh,Student,Affluent,2018-01-27
C03473,Customer 03473,54,Female,Bengaluru,Karnataka,Business,Mass,2023-04-02
C03474,Customer 03474,70,Male,Lucknow,Uttar Pradesh,Salaried,Affluent,2019-12-02
C03475,Customer 03475,33,Male,Pune,Maharashtra,Self-Employed,Affluent,2025-08-29
C03476,Customer 03476,22,Male,Coimbatore,Tamil Nadu,Retired,Mass Affluent,2022-11-30
C03477,Customer 03477,64,Female,New Delhi,Delhi,Self-Employed,Affluent,2019-09-12
C03478,Customer 03478,68,Female,New Delhi,Delhi,Salaried,Mass,2024-09-18
C03479,Customer 03479,49,Female,Visakhapatnam,Andhra Pradesh,Business,Affluent,2024-02-02
C03480,Customer 03480,26,Male,Visakhapatnam,Andhra Pradesh,Self-Employed,Mass,2021-01-15
C03481,Customer 03481,66,Female,New Delhi,Delhi,Student,Mass,2022-05-11
C03482,Customer 03482,58,Female,Mysuru,Karnataka,Self-Employed,Mass Affluent,2021-10-11
C03483,Customer 03483,64,Female,Jodhpur,Rajasthan,Salaried,Mass,2025-07-11
C03484,Customer 03484,24,Female,Jodhpur,Rajasthan,Student,Affluent,2021-10-07
C03485,Customer 03485,24,Male,Noida,Uttar Pradesh,Salaried,Mass Affluent,2021-02-11
C03486,Customer 03486,67,Male,Coimbatore,Tamil Nadu,Business,Mass,2019-11-06
C03487,Customer 03487,54,Male,Kolkata,West Bengal,Retired,Mass,2018-05-19
C03488,Customer 03488,29,Male,New Delhi,Delhi,Student,Premium,2019-10-12
C03489,Customer 03489,26,Male,Pune,Maharashtra,Salaried,Premium,2022-03-07
C03490,Customer 03490,62,Male,Bengaluru,Karnataka,Business,Affluent,2023-04-05
C03491,Customer 03491,24,Female,Pune,Maharashtra,Retired,Affluent,2023-08-27
C03492,Customer 03492,45,Female,New Delhi,Delhi,Self-Employed,Mass,2023-01-30
C03493,Customer 03493,26,Male,Mysuru,Karnataka,Self-Employed,Premium,2022-04-09
C03494,Customer 03494,31,Male,Coimbatore,Tamil Nadu,Retired,Mass,2020-07-29
C03495,Customer 03495,52,Female,Kolkata,West Bengal,Business,Mass Affluent,2023-05-24
C03496,Customer 03496,68,Female,Kolkata,West Bengal,Salaried,Mass,2021-05-27
C03497,Customer 03497,32,Female,Jodhpur,Rajasthan,Self-Employed,Mass,2025-03-09
C03498,Customer 03498,59,Female,Hyderabad,Telangana,Self-Employed,Affluent,2022-02-06
C03499,Customer 03499,28,Female,Warangal,Telangana,Business,Mass Affluent,2024-04-23
C03500,Customer 03500,25,Female,Hyderabad,Telangana,Self-Employed,Affluent,2024-01-11
C03501,Customer 03501,28,Male,New Delhi,Delhi,Business,Premium,2020-03-18
C03502,Customer 03502,63,Male,Visakhapatnam,Andhra Pradesh,Self-Employed,Mass,2022-11-05
C03503,Customer 03503,51,Male,Coimbatore,Tamil Nadu,Retired,Mass,2018-03-10
C03504,Customer 03504,70,Female,Chennai,Tamil Nadu,Business,Premium,2025-05-21
C03505,Customer 03505,53,Female,New Delhi,Delhi,Business,Mass Affluent,2023-10-29
C03506,Customer 03506,21,Male,Lucknow,Uttar Pradesh,Business,Premium,2018-04-21
C03507,Customer 03507,46,Female,Warangal,Telangana,Retired,Premium,2019-02-27
C03508,Customer 03508,64,Male,New Delhi,Delhi,Student,Affluent,2024-04-07
C03509,Customer 03509,69,Male,Pune,Maharashtra,Retired,Affluent,2023-11-23
C03510,Customer 03510,63,Female,Lucknow,Uttar Pradesh,Business,Premium,2024-04-19
C03511,Customer 03511,64,Male,Bengaluru,Karnataka,Self-Employed,Mass,2019-01-03
C03512,Customer 03512,21,Male,Mysuru,Karnataka,Student,Mass,2024-01-11
C03513,Customer 03513,53,Female,Bengaluru,Karnataka,Student,Premium,2024-07-20
C03514,Customer 03514,28,Female,Kolkata,West Bengal,Retired,Premium,2025-08-28
C03515,Customer 03515,52,Male,New Delhi,Delhi,Business,Affluent,2023-03-19
C03516,Customer 03516,61,Female,Mumbai,Maharashtra,Business,Mass,2024-07-26
C03517,Customer 03517,41,Male,Visakhapatnam,Andhra Pradesh,Self-Employed,Mass,2023-02-20
C03518,Customer 03518,35,Female,Mysuru,Karnataka,Self-Employed,Premium,2018-03-01
C03519,Customer 03519,25,Female,Ahmedabad,Gujarat,Retired,Mass Affluent,2020-10-19
C03520,Customer 03520,68,Male,Bengaluru,Karnataka,Salaried,Premium,2025-04-23
C03521,Customer 03521,55,Female,Mumbai,Maharashtra,Business,Affluent,2022-03-02
C03522,Customer 03522,23,Male,Chennai,Tamil Nadu,Retired,Premium,2020-12-13
C03523,Customer 03523,54,Female,Lucknow,Uttar Pradesh,Salaried,Affluent,2024-01-03
C03524,Customer 03524,46,Female,Mysuru,Karnataka,Retired,Mass Affluent,2024-12-18
C03525,Customer 03525,26,Male,Mysuru,Karnataka,Student,Premium,2019-10-06
C03526,Customer 03526,57,Male,Warangal,Telangana,Business,Premium,2020-08-03
C03527,Customer 03527,51,Male,Jaipur,Rajasthan,Business,Mass,2022-02-13
C03528,Customer 03528,36,Male,Chennai,Tamil Nadu,Student,Affluent,2024-10-26
C03529,Customer 03529,35,Male,Chennai,Tamil Nadu,Salaried,Mass,2020-02-01
C03530,Customer 03530,21,Male,Mumbai,Maharashtra,Salaried,Mass Affluent,2020-01-12
C03531,Customer 03531,21,Female,Jaipur,Rajasthan,Retired,Premium,2022-12-04
C03532,Customer 03532,58,Female,Noida,Uttar Pradesh,Retired,Affluent,2020-08-29
C03533,Customer 03533,41,Female,Hyderabad,Telangana,Student,Mass Affluent,2025-07-26
C03534,Customer 03534,23,Female,Jaipur,Rajasthan,Salaried,Mass,2020-09-25
C03535,Customer 03535,65,Female,New Delhi,Delhi,Retired,Mass,2024-10-23
C03536,Customer 03536,66,Female,Ahmedabad,Gujarat,Retired,Premium,2023-04-26
C03537,Customer 03537,33,Female,Hyderabad,Telangana,Self-Employed,Mass,2019-03-28
C03538,Customer 03538,66,Female,Bengaluru,Karnataka,Business,Mass,2023-04-09
C03539,Customer 03539,54,Female,New Delhi,Delhi,Business,Mass Affluent,2023-01-29
C03540,Customer 03540,22,Male,Jaipur,Rajasthan,Business,Mass,2018-08-15
C03541,Customer 03541,60,Male,New Delhi,Delhi,Self-Employed,Affluent,2018-01-31
C03542,Customer 03542,57,Male,Hyderabad,Telangana,Self-Employed,Mass,2024-01-13
C03543,Customer 03543,31,Female,Bengaluru,Karnataka,Salaried,Mass Affluent,2019-03-25
C03544,Customer 03544,31,Female,Surat,Gujarat,Business,Affluent,2021-02-26
C03545,Customer 03545,22,Male,Kolkata,West Bengal,Retired,Mass,2019-08-27
C03546,Customer 03546,40,Female,Jodhpur,Rajasthan,Business,Mass Affluent,2025-07-27
C03547,Customer 03547,55,Female,New Delhi,Delhi,Self-Employed,Mass Affluent,2018-08-24
C03548,Customer 03548,21,Female,Hyderabad,Telangana,Self-Employed,Mass,2022-06-29
C03549,Customer 03549,29,Female,Mysuru,Karnataka,Self-Employed,Mass,2019-10-29
C03550,Customer 03550,46,Female,Jaipur,Rajasthan,Salaried,Mass,2020-09-11
C03551,Customer 03551,43,Male,New Delhi,Delhi,Business,Affluent,2024-12-31
C03552,Customer 03552,57,Female,Kolkata,West Bengal,Self-Employed,Premium,2025-01-02
C03553,Customer 03553,22,Male,Mysuru,Karnataka,Student,Mass Affluent,2019-09-28
C03554,Customer 03554,54,Female,Mumbai,Maharashtra,Business,Affluent,2021-07-11
C03555,Customer 03555,42,Female,Visakhapatnam,Andhra Pradesh,Student,Mass,2020-08-30
C03556,Customer 03556,23,Female,Lucknow,Uttar Pradesh,Student,Affluent,2018-12-17
C03557,Customer 03557,35,Female,Lucknow,Uttar Pradesh,Self-Employed,Mass,2025-05-03
C03558,Customer 03558,68,Female,Pune,Maharashtra,Self-Employed,Mass,2018-05-12
C03559,Customer 03559,70,Female,Vijayawada,Andhra Pradesh,Self-Employed,Mass,2021-05-31
C03560,Customer 03560,36,Male,Ahmedabad,Gujarat,Retired,Mass Affluent,2024-01-02
C03561,Customer 03561,56,Male,Surat,Gujarat,Self-Employed,Mass,2021-08-31
C03562,Customer 03562,70,Male,Bengaluru,Karnataka,Business,Premium,2018-01-19
C03563,Customer 03563,58,Female,Lucknow,Uttar Pradesh,Student,Affluent,2018-01-08
C03564,Customer 03564,46,Male,Coimbatore,Tamil Nadu,Salaried,Mass Affluent,2022-11-14
C03565,Customer 03565,36,Male,Visakhapatnam,Andhra Pradesh,Business,Mass,2018-08-10
C03566,Customer 03566,54,Male,Visakhapatnam,Andhra Pradesh,Retired,Affluent,2021-05-11
C03567,Customer 03567,29,Male,Jaipur,Rajasthan,Retired,Premium,2021-02-24
C03568,Customer 03568,50,Male,Jodhpur,Rajasthan,Retired,Premium,2022-02-22
C03569,Customer 03569,41,Male,Pune,Maharashtra,Self-Employed,Mass,2020-09-24
C03570,Customer 03570,35,Female,New Delhi,Delhi,Student,Affluent,2020-08-20
C03571,Customer 03571,70,Male,Warangal,Telangana,Salaried,Mass,2024-11-15
C03572,Customer 03572,65,Female,Warangal,Telangana,Student,Mass,2025-08-30
C03573,Customer 03573,29,Female,Kolkata,West Bengal,Retired,Mass Affluent,2022-03-04
C03574,Customer 03574,32,Female,Jodhpur,Rajasthan,Student,Mass,2020-10-04
C03575,Customer 03575,41,Female,Chennai,Tamil Nadu,Self-Employed,Mass,2019-11-05
C03576,Customer 03576,62,Female,Visakhapatnam,Andhra Pradesh,Self-Employed,Mass Affluent,2019-08-31
C03577,Customer 03577,64,Male,Mumbai,Maharashtra,Business,Mass,2024-03-22
C03578,Customer 03578,39,Female,Warangal,Telangana,Self-Employed,Mass,2018-04-14
C03579,Customer 03579,53,Female,Vijayawada,Andhra Pradesh,Student,Mass,2019-04-10
C03580,Customer 03580,54,Female,Ahmedabad,Gujarat,Salaried,Mass Affluent,2025-08-30
C03581,Customer 03581,40,Male,Pune,Maharashtra,Student,Premium,2019-05-18
C03582,Customer 03582,42,Male,Warangal,Telangana,Salaried,Affluent,2018-11-12
C03583,Customer 03583,24,Female,Jaipur,Rajasthan,Salaried,Mass Affluent,2020-09-13
C03584,Customer 03584,69,Male,Jodhpur,Rajasthan,Business,Mass Affluent,2021-07-02
C03585,Customer 03585,47,Female,Lucknow,Uttar Pradesh,Business,Mass,2018-04-05
C03586,Customer 03586,58,Male,Mumbai,Maharashtra,Salaried,Affluent,2023-12-08
C03587,Customer 03587,53,Female,Kolkata,West Bengal,Salaried,Mass Affluent,2021-08-17
C03588,Customer 03588,70,Female,Chennai,Tamil Nadu,Self-Employed,Mass,2019-06-04
C03589,Customer 03589,49,Male,Jodhpur,Rajasthan,Retired,Mass,2021-08-28
C03590,Customer 03590,44,Female,Mumbai,Maharashtra,Salaried,Mass,2021-01-11
C03591,Customer 03591,61,Female,Warangal,Telangana,Student,Mass Affluent,2019-08-24
C03592,Customer 03592,69,Female,Warangal,Telangana,Self-Employed,Affluent,2025-07-03
C03593,Customer 03593,54,Female,Kolkata,West Bengal,Self-Employed,Affluent,2023-05-24
C03594,Customer 03594,48,Female,Mysuru,Karnataka,Salaried,Mass,2023-04-19
C03595,Customer 03595,58,Male,Jodhpur,Rajasthan,Student,Mass,2021-04-26
C03596,Customer 03596,42,Male,Warangal,Telangana,Business,Mass,2020-10-21
C03597,Customer 03597,66,Male,New Delhi,Delhi,Salaried,Mass,2020-11-30
C03598,Customer 03598,39,Female,Lucknow,Uttar Pradesh,Self-Employed,Affluent,2019-11-06
C03599,Customer 03599,55,Male,Noida,Uttar Pradesh,Student,Mass,2024-05-21
C03600,Customer 03600,26,Male,Kolkata,West Bengal,Student,Affluent,2022-11-16
C03601,Customer 03601,25,Male,Jaipur,Rajasthan,Retired,Mass,2025-07-15
C03602,Customer 03602,22,Male,Ahmedabad,Gujarat,Business,Mass,2022-03-28
C03603,Customer 03603,44,Male,Chennai,Tamil Nadu,Retired,Mass Affluent,2022-08-20
C03604,Customer 03604,59,Female,Surat,Gujarat,Retired,Mass,2023-09-17
C03605,Customer 03605,53,Male,Bengaluru,Karnataka,Salaried,Mass Affluent,2020-07-24
C03606,Customer 03606,21,Male,Visakhapatnam,Andhra Pradesh,Self-Employed,Affluent,2018-03-26
C03607,Customer 03607,61,Male,Pune,Maharashtra,Student,Premium,2023-02-18
C03608,Customer 03608,56,Male,Warangal,Telangana,Salaried,Mass,2021-09-23
C03609,Customer 03609,64,Male,Jaipur,Rajasthan,Retired,Premium,2018-03-03
C03610,Customer 03610,38,Male,Vijayawada,Andhra Pradesh,Student,Affluent,2023-02-26
C03611,Customer 03611,43,Male,Vijayawada,Andhra Pradesh,Student,Premium,2019-07-30
C03612,Customer 03612,35,Female,Coimbatore,Tamil Nadu,Salaried,Affluent,2018-05-11
C03613,Customer 03613,22,Female,Surat,Gujarat,Self-Employed,Affluent,2024-07-28
C03614,Customer 03614,62,Female,Bengaluru,Karnataka,Self-Employed,Mass,2025-02-20
C03615,Customer 03615,68,Female,New Delhi,Delhi,Business,Premium,2021-08-29
C03616,Customer 03616,36,Male,Jaipur,Rajasthan,Retired,Premium,2021-11-22
C03617,Customer 03617,43,Female,Hyderabad,Telangana,Self-Employed,Affluent,2024-02-18
C03618,Customer 03618,67,Male,Pune,Maharashtra,Retired,Mass Affluent,2025-04-06
C03619,Customer 03619,34,Male,Jodhpur,Rajasthan,Salaried,Mass,2025-01-19
C03620,Customer 03620,49,Male,Vijayawada,Andhra Pradesh,Salaried,Mass Affluent,2024-03-20
C03621,Customer 03621,32,Male,Vijayawada,Andhra Pradesh,Self-Employed,Mass,2022-10-29
C03622,Customer 03622,67,Male,Lucknow,Uttar Pradesh,Retired,Premium,2024-08-27
C03623,Customer 03623,33,Male,Noida,Uttar Pradesh,Business,Mass Affluent,2022-01-31
C03624,Customer 03624,30,Male,Jodhpur,Rajasthan,Retired,Mass Affluent,2025-04-22
C03625,Customer 03625,52,Female,Surat,Gujarat,Self-Employed,Mass,2020-08-15
C03626,Customer 03626,54,Male,Chennai,Tamil Nadu,Retired,Mass Affluent,2019-11-28
C03627,Customer 03627,24,Male,Lucknow,Uttar Pradesh,Self-Employed,Mass,2021-08-26
C03628,Customer 03628,46,Female,Visakhapatnam,Andhra Pradesh,Self-Employed,Mass,2018-01-19
C03629,Customer 03629,49,Female,Ahmedabad,Gujarat,Self-Employed,Mass Affluent,2020-05-02
C03630,Customer 03630,70,Male,Kolkata,West Bengal,Self-Employed,Mass,2025-01-30
C03631,Customer 03631,67,Male,Pune,Maharashtra,Student,Mass,2020-07-24
C03632,Customer 03632,59,Female,Bengaluru,Karnataka,Retired,Mass Affluent,2025-07-22
C03633,Customer 03633,53,Female,Pune,Maharashtra,Salaried,Premium,2025-08-22
C03634,Customer 03634,32,Female,New Delhi,Delhi,Salaried,Premium,2025-07-07
C03635,Customer 03635,35,Male,Bengaluru,Karnataka,Student,Premium,2018-09-14
C03636,Customer 03636,29,Female,Jaipur,Rajasthan,Student,Mass,2022-07-11
C03637,Customer 03637,38,Female,Bengaluru,Karnataka,Business,Premium,2025-03-11
C03638,Customer 03638,44,Female,Kolkata,West Bengal,Business,Mass,2023-04-22
C03639,Customer 03639,59,Male,Lucknow,Uttar Pradesh,Business,Affluent,2023-10-12
C03640,Customer 03640,42,Female,Pune,Maharashtra,Retired,Mass,2024-02-21
C03641,Customer 03641,61,Female,Jaipur,Rajasthan,Salaried,Mass Affluent,2020-10-18
C03642,Customer 03642,46,Female,New Delhi,Delhi,Business,Mass,2025-07-22
C03643,Customer 03643,28,Female,Hyderabad,Telangana,Self-Employed,Mass Affluent,2019-03-31
C03644,Customer 03644,59,Male,Pune,Maharashtra,Student,Mass,2023-12-29
C03645,Customer 03645,40,Male,Kolkata,West Bengal,Salaried,Mass Affluent,2019-12-30
C03646,Customer 03646,31,Male,Kolkata,West Bengal,Student,Mass,2021-12-10
C03647,Customer 03647,69,Female,Coimbatore,Tamil Nadu,Salaried,Affluent,2023-05-07
C03648,Customer 03648,21,Male,Mysuru,Karnataka,Self-Employed,Premium,2024-02-08
C03649,Customer 03649,51,Female,Vijayawada,Andhra Pradesh,Self-Employed,Mass Affluent,2023-02-13
C03650,Customer 03650,62,Male,Bengaluru,Karnataka,Salaried,Mass Affluent,2024-03-26
C03651,Customer 03651,22,Male,Vijayawada,Andhra Pradesh,Business,Affluent,2022-10-03
C03652,Customer 03652,67,Male,New Delhi,Delhi,Salaried,Mass,2022-09-29
C03653,Customer 03653,31,Female,Ahmedabad,Gujarat,Retired,Mass,2020-11-06
C03654,Customer 03654,31,Male,Ahmedabad,Gujarat,Salaried,Affluent,2021-08-12
C03655,Customer 03655,52,Male,New Delhi,Delhi,Business,Mass,2020-01-22
C03656,Customer 03656,21,Male,Pune,Maharashtra,Salaried,Mass Affluent,2021-03-19
C03657,Customer 03657,22,Female,New Delhi,Delhi,Retired,Mass Affluent,2020-09-18
C03658,Customer 03658,37,Female,Warangal,Telangana,Self-Employed,Mass Affluent,2023-09-23
C03659,Customer 03659,27,Male,Hyderabad,Telangana,Salaried,Mass,2022-05-29
C03660,Customer 03660,68,Female,Pune,Maharashtra,Salaried,Mass,2021-03-12
C03661,Customer 03661,50,Male,Lucknow,Uttar Pradesh,Retired,Affluent,2021-12-31
C03662,Customer 03662,63,Male,Lucknow,Uttar Pradesh,Business,Affluent,2021-05-26
C03663,Customer 03663,46,Male,Kolkata,West Bengal,Retired,Mass,2021-05-18
C03664,Customer 03664,34,Female,Ahmedabad,Gujarat,Retired,Affluent,2022-09-03
C03665,Customer 03665,46,Male,Mumbai,Maharashtra,Student,Mass Affluent,2019-08-14
C03666,Customer 03666,47,Male,New Delhi,Delhi,Business,Premium,2022-09-16
C03667,Customer 03667,55,Female,Jaipur,Rajasthan,Business,Mass,2021-09-02
C03668,Customer 03668,35,Female,Mumbai,Maharashtra,Self-Employed,Mass Affluent,2019-10-24
C03669,Customer 03669,25,Female,Bengaluru,Karnataka,Business,Mass,2020-01-24
C03670,Customer 03670,37,Male,Chennai,Tamil Nadu,Retired,Mass,2019-06-30
C03671,Customer 03671,32,Male,Lucknow,Uttar Pradesh,Retired,Premium,2020-10-24
C03672,Customer 03672,68,Male,New Delhi,Delhi,Student,Premium,2020-10-02
C03673,Customer 03673,29,Male,Warangal,Telangana,Business,Mass,2023-12-29
C03674,Customer 03674,65,Male,Surat,Gujarat,Self-Employed,Mass,2018-08-01
C03675,Customer 03675,42,Male,Mumbai,Maharashtra,Salaried,Premium,2023-02-01
C03676,Customer 03676,45,Male,Chennai,Tamil Nadu,Salaried,Mass Affluent,2023-07-11
C03677,Customer 03677,28,Female,Kolkata,West Bengal,Student,Mass,2019-12-02
C03678,Customer 03678,23,Female,Surat,Gujarat,Retired,Mass,2019-10-26
C03679,Customer 03679,63,Female,Noida,Uttar Pradesh,Business,Mass Affluent,2020-10-02
C03680,Customer 03680,52,Female,Kolkata,West Bengal,Self-Employed,Premium,2018-07-19
C03681,Customer 03681,38,Female,Ahmedabad,Gujarat,Self-Employed,Mass Affluent,2022-01-27
C03682,Customer 03682,55,Male,Jaipur,Rajasthan,Self-Employed,Premium,2023-04-29
C03683,Customer 03683,36,Female,Kolkata,West Bengal,Business,Mass,2022-12-04
C03684,Customer 03684,54,Male,Vijayawada,Andhra Pradesh,Student,Mass,2020-06-27
C03685,Customer 03685,25,Female,Lucknow,Uttar Pradesh,Student,Affluent,2020-04-21
C03686,Customer 03686,61,Female,Vijayawada,Andhra Pradesh,Business,Mass Affluent,2022-08-02
C03687,Customer 03687,32,Female,Jaipur,Rajasthan,Salaried,Premium,2019-11-27
C03688,Customer 03688,55,Male,Mumbai,Maharashtra,Student,Mass,2024-07-25
C03689,Customer 03689,61,Male,Ahmedabad,Gujarat,Self-Employed,Mass Affluent,2019-02-03
C03690,Customer 03690,59,Female,Coimbatore,Tamil Nadu,Business,Mass,2024-05-14
C03691,Customer 03691,44,Female,Hyderabad,Telangana,Salaried,Affluent,2019-08-30
C03692,Customer 03692,56,Female,Jaipur,Rajasthan,Self-Employed,Mass,2020-03-04
C03693,Customer 03693,36,Male,Mumbai,Maharashtra,Salaried,Affluent,2024-10-16
C03694,Customer 03694,27,Male,Coimbatore,Tamil Nadu,Salaried,Mass,2022-11-14
C03695,Customer 03695,54,Male,Jaipur,Rajasthan,Self-Employed,Affluent,2022-06-20
C03696,Customer 03696,35,Female,Mumbai,Maharashtra,Retired,Affluent,2023-02-22
C03697,Customer 03697,30,Male,Jodhpur,Rajasthan,Salaried,Mass,2022-01-12
C03698,Customer 03698,46,Female,Ahmedabad,Gujarat,Student,Mass Affluent,2022-05-03
C03699,Customer 03699,67,Male,Coimbatore,Tamil Nadu,Retired,Mass,2024-12-30
C03700,Customer 03700,44,Female,Hyderabad,Telangana,Student,Mass,2020-10-05
C03701,Customer 03701,67,Male,Chennai,Tamil Nadu,Self-Employed,Mass Affluent,2019-08-29
C03702,Customer 03702,55,Male,New Delhi,Delhi,Student,Mass,2021-05-06
C03703,Customer 03703,67,Male,Jodhpur,Rajasthan,Business,Mass Affluent,2024-04-30
C03704,Customer 03704,53,Female,Jodhpur,Rajasthan,Business,Premium,2023-11-18
C03705,Customer 03705,36,Male,New Delhi,Delhi,Self-Employed,Mass Affluent,2024-08-28
C03706,Customer 03706,34,Female,Hyderabad,Telangana,Business,Affluent,2020-10-10
C03707,Customer 03707,67,Female,Vijayawada,Andhra Pradesh,Retired,Premium,2023-08-14
C03708,Customer 03708,52,Male,Warangal,Telangana,Business,Mass,2025-08-06
C03709,Customer 03709,28,Female,Ahmedabad,Gujarat,Self-Employed,Mass Affluent,2024-07-13
C03710,Customer 03710,69,Male,Noida,Uttar Pradesh,Salaried,Mass,2021-10-25
C03711,Customer 03711,65,Female,Mumbai,Maharashtra,Student,Mass,2024-07-25
C03712,Customer 03712,35,Female,Mumbai,Maharashtra,Student,Premium,2025-04-27
C03713,Customer 03713,36,Female,Vijayawada,Andhra Pradesh,Salaried,Mass,2022-08-16
C03714,Customer 03714,50,Male,Vijayawada,Andhra Pradesh,Business,Mass,2020-09-04
C03715,Customer 03715,47,Female,Lucknow,Uttar Pradesh,Self-Employed,Mass,2022-07-14
C03716,Customer 03716,41,Male,Chennai,Tamil Nadu,Retired,Mass,2021-04-15
C03717,Customer 03717,60,Female,Bengaluru,Karnataka,Business,Mass,2019-12-11
C03718,Customer 03718,52,Male,Noida,Uttar Pradesh,Self-Employed,Mass,2023-08-31
C03719,Customer 03719,34,Male,Coimbatore,Tamil Nadu,Retired,Premium,2024-04-16
C03720,Customer 03720,22,Male,Coimbatore,Tamil Nadu,Salaried,Premium,2022-01-24
C03721,Customer 03721,39,Female,Pune,Maharashtra,Salaried,Mass,2021-02-22
C03722,Customer 03722,55,Male,Jodhpur,Rajasthan,Self-Employed,Mass Affluent,2023-03-18
C03723,Customer 03723,50,Female,Kolkata,West Bengal,Business,Mass,2020-10-02
C03724,Customer 03724,49,Female,Lucknow,Uttar Pradesh,Self-Employed,Affluent,2025-01-23
C03725,Customer 03725,28,Female,Mumbai,Maharashtra,Business,Mass,2025-06-17
C03726,Customer 03726,58,Male,Bengaluru,Karnataka,Student,Premium,2024-08-22
C03727,Customer 03727,55,Male,Surat,Gujarat,Retired,Affluent,2023-03-22
C03728,Customer 03728,45,Male,Visakhapatnam,Andhra Pradesh,Salaried,Affluent,2022-09-16
C03729,Customer 03729,25,Male,Pune,Maharashtra,Business,Affluent,2024-04-09
C03730,Customer 03730,22,Male,New Delhi,Delhi,Salaried,Mass,2025-04-11
C03731,Customer 03731,46,Female,Ahmedabad,Gujarat,Self-Employed,Premium,2021-03-03
C03732,Customer 03732,22,Female,Visakhapatnam,Andhra Pradesh,Student,Affluent,2020-07-20
C03733,Customer 03733,58,Female,Kolkata,West Bengal,Student,Mass,2024-01-02
C03734,Customer 03734,56,Female,Bengaluru,Karnataka,Business,Mass,2019-06-08
C03735,Customer 03735,30,Female,Ahmedabad,Gujarat,Retired,Mass Affluent,2018-06-11
C03736,Customer 03736,53,Male,Warangal,Telangana,Salaried,Mass Affluent,2018-07-13
C03737,Customer 03737,41,Female,Hyderabad,Telangana,Salaried,Affluent,2020-06-12
C03738,Customer 03738,65,Female,Chennai,Tamil Nadu,Retired,Mass,2019-07-05
C03739,Customer 03739,28,Male,Chennai,Tamil Nadu,Student,Mass Affluent,2019-06-26
C03740,Customer 03740,54,Female,New Delhi,Delhi,Salaried,Premium,2018-01-11
C03741,Customer 03741,57,Male,Mumbai,Maharashtra,Student,Affluent,2019-09-01
C03742,Customer 03742,69,Female,Kolkata,West Bengal,Self-Employed,Mass,2018-02-15
C03743,Customer 03743,46,Male,Surat,Gujarat,Retired,Mass Affluent,2021-01-11
C03744,Customer 03744,34,Female,Warangal,Telangana,Self-Employed,Mass,2020-01-16
C03745,Customer 03745,51,Female,Lucknow,Uttar Pradesh,Self-Employed,Affluent,2024-12-06
C03746,Customer 03746,27,Female,Kolkata,West Bengal,Self-Employed,Mass,2024-07-10
C03747,Customer 03747,37,Male,Mysuru,Karnataka,Salaried,Affluent,2025-05-17
C03748,Customer 03748,34,Male,Kolkata,West Bengal,Self-Employed,Mass,2024-10-05
C03749,Customer 03749,32,Male,Hyderabad,Telangana,Student,Premium,2024-08-11
C03750,Customer 03750,35,Male,Chennai,Tamil Nadu,Salaried,Mass,2022-02-28
C03751,Customer 03751,47,Male,Jodhpur,Rajasthan,Salaried,Affluent,2018-12-15
C03752,Customer 03752,50,Female,Hyderabad,Telangana,Student,Mass Affluent,2021-10-30
C03753,Customer 03753,28,Female,Chennai,Tamil Nadu,Self-Employed,Premium,2019-05-20
C03754,Customer 03754,65,Female,Jaipur,Rajasthan,Salaried,Mass,2018-07-26
C03755,Customer 03755,69,Male,Kolkata,West Bengal,Self-Employed,Premium,2022-06-15
C03756,Customer 03756,45,Female,Pune,Maharashtra,Salaried,Mass,2020-11-25
C03757,Customer 03757,62,Female,Kolkata,West Bengal,Self-Employed,Affluent,2025-08-06
C03758,Customer 03758,42,Male,Bengaluru,Karnataka,Retired,Mass,2020-06-13
C03759,Customer 03759,61,Male,Mumbai,Maharashtra,Salaried,Mass,2021-10-05
C03760,Customer 03760,21,Female,Surat,Gujarat,Business,Premium,2020-06-02
C03761,Customer 03761,50,Male,Visakhapatnam,Andhra Pradesh,Retired,Mass,2020-12-24
C03762,Customer 03762,50,Male,Visakhapatnam,Andhra Pradesh,Business,Mass Affluent,2024-05-07
C03763,Customer 03763,23,Female,Jodhpur,Rajasthan,Student,Premium,2022-05-14
C03764,Customer 03764,33,Male,Jodhpur,Rajasthan,Salaried,Affluent,2021-05-26
C03765,Customer 03765,47,Male,Ahmedabad,Gujarat,Business,Mass,2019-03-01
C03766,Customer 03766,29,Female,Kolkata,West Bengal,Retired,Mass Affluent,2025-08-02
C03767,Customer 03767,43,Female,Kolkata,West Bengal,Business,Mass,2022-07-19
C03768,Customer 03768,70,Male,Warangal,Telangana,Business,Mass,2018-07-20
C03769,Customer 03769,56,Male,Mumbai,Maharashtra,Salaried,Affluent,2020-06-16
C03770,Customer 03770,31,Female,Ahmedabad,Gujarat,Business,Mass,2022-03-17
C03771,Customer 03771,39,Male,Vijayawada,Andhra Pradesh,Student,Premium,2018-11-13
C03772,Customer 03772,31,Male,Lucknow,Uttar Pradesh,Student,Mass Affluent,2023-08-16
C03773,Customer 03773,34,Male,Jodhpur,Rajasthan,Retired,Premium,2021-08-27
C03774,Customer 03774,64,Male,Lucknow,Uttar Pradesh,Student,Mass,2024-03-03
C03775,Customer 03775,36,Male,Vijayawada,Andhra Pradesh,Student,Affluent,2022-09-08
C03776,Customer 03776,36,Male,Ahmedabad,Gujarat,Self-Employed,Mass Affluent,2021-10-12
C03777,Customer 03777,48,Female,Hyderabad,Telangana,Salaried,Mass Affluent,2021-07-01
C03778,Customer 03778,50,Female,Kolkata,West Bengal,Retired,Mass,2024-12-17
C03779,Customer 03779,52,Female,Surat,Gujarat,Retired,Mass Affluent,2020-04-26
C03780,Customer 03780,67,Male,Hyderabad,Telangana,Self-Employed,Premium,2018-08-15
C03781,Customer 03781,58,Female,Mumbai,Maharashtra,Business,Mass Affluent,2023-08-15
C03782,Customer 03782,32,Male,Jaipur,Rajasthan,Self-Employed,Mass,2022-03-11
C03783,Customer 03783,67,Male,Kolkata,West Bengal,Self-Employed,Mass,2021-05-19
C03784,Customer 03784,60,Female,Kolkata,West Bengal,Business,Mass Affluent,2020-11-26
C03785,Customer 03785,23,Male,New Delhi,Delhi,Student,Premium,2022-08-31
C03786,Customer 03786,34,Female,Mumbai,Maharashtra,Self-Employed,Affluent,2022-03-07
C03787,Customer 03787,29,Male,Surat,Gujarat,Self-Employed,Mass,2018-12-17
C03788,Customer 03788,35,Female,Vijayawada,Andhra Pradesh,Business,Affluent,2024-11-10
C03789,Customer 03789,67,Male,Hyderabad,Telangana,Student,Mass,2018-05-29
C03790,Customer 03790,35,Male,Chennai,Tamil Nadu,Self-Employed,Mass Affluent,2018-04-21
C03791,Customer 03791,50,Male,Jaipur,Rajasthan,Retired,Mass,2020-02-20
C03792,Customer 03792,52,Male,Kolkata,West Bengal,Student,Premium,2024-09-19
C03793,Customer 03793,50,Female,Hyderabad,Telangana,Business,Premium,2021-02-14
C03794,Customer 03794,24,Female,Surat,Gujarat,Student,Premium,2022-08-15
C03795,Customer 03795,24,Female,Lucknow,Uttar Pradesh,Salaried,Mass,2020-11-23
C03796,Customer 03796,25,Female,Ahmedabad,Gujarat,Self-Employed,Mass,2018-01-05
C03797,Customer 03797,62,Female,Kolkata,West Bengal,Business,Mass,2020-05-28
C03798,Customer 03798,55,Female,Chennai,Tamil Nadu,Retired,Mass Affluent,2018-04-06
C03799,Customer 03799,64,Female,Bengaluru,Karnataka,Student,Mass,2018-01-23
C03800,Customer 03800,59,Female,Surat,Gujarat,Self-Employed,Premium,2025-05-07
C03801,Customer 03801,40,Male,Pune,Maharashtra,Self-Employed,Mass,2021-10-13
C03802,Customer 03802,34,Male,Visakhapatnam,Andhra Pradesh,Retired,Affluent,2024-11-28
C03803,Customer 03803,32,Male,Ahmedabad,Gujarat,Student,Affluent,2019-10-24
C03804,Customer 03804,57,Male,New Delhi,Delhi,Self-Employed,Affluent,2025-03-29
C03805,Customer 03805,30,Female,Hyderabad,Telangana,Salaried,Mass,2018-05-14
C03806,Customer 03806,46,Male,Noida,Uttar Pradesh,Salaried,Mass,2023-08-02
C03807,Customer 03807,39,Female,Vijayawada,Andhra Pradesh,Salaried,Mass Affluent,2022-12-20
C03808,Customer 03808,51,Female,Warangal,Telangana,Retired,Mass,2020-08-28
C03809,Customer 03809,50,Male,Visakhapatnam,Andhra Pradesh,Self-Employed,Mass,2025-07-03
C03810,Customer 03810,56,Female,Hyderabad,Telangana,Self-Employed,Premium,2021-01-30
C03811,Customer 03811,59,Female,Jaipur,Rajasthan,Business,Affluent,2018-10-07
C03812,Customer 03812,34,Female,Noida,Uttar Pradesh,Student,Mass,2020-05-08
C03813,Customer 03813,28,Male,Mysuru,Karnataka,Student,Mass Affluent,2019-10-14
C03814,Customer 03814,22,Male,Lucknow,Uttar Pradesh,Student,Mass,2020-05-20
C03815,Customer 03815,31,Male,New Delhi,Delhi,Salaried,Mass Affluent,2024-03-28
C03816,Customer 03816,38,Female,Jaipur,Rajasthan,Retired,Mass Affluent,2024-04-23
C03817,Customer 03817,26,Male,Bengaluru,Karnataka,Retired,Mass,2024-07-28
C03818,Customer 03818,28,Male,Mysuru,Karnataka,Self-Employed,Affluent,2019-04-15
C03819,Customer 03819,48,Female,Hyderabad,Telangana,Business,Premium,2018-04-13
C03820,Customer 03820,62,Male,Surat,Gujarat,Salaried,Premium,2020-04-01
C03821,Customer 03821,68,Female,Chennai,Tamil Nadu,Business,Mass Affluent,2019-11-23
C03822,Customer 03822,31,Male,Lucknow,Uttar Pradesh,Salaried,Mass Affluent,2024-08-12
C03823,Customer 03823,42,Female,Vijayawada,Andhra Pradesh,Student,Premium,2023-03-08
C03824,Customer 03824,23,Male,Jodhpur,Rajasthan,Salaried,Mass,2023-01-21
C03825,Customer 03825,27,Female,Bengaluru,Karnataka,Salaried,Mass,2022-06-21
C03826,Customer 03826,49,Female,Mumbai,Maharashtra,Business,Mass,2021-05-18
C03827,Customer 03827,52,Female,Lucknow,Uttar Pradesh,Self-Employed,Affluent,2018-06-18
C03828,Customer 03828,25,Female,Lucknow,Uttar Pradesh,Business,Premium,2021-07-17
C03829,Customer 03829,38,Male,Noida,Uttar Pradesh,Salaried,Mass,2021-11-26
C03830,Customer 03830,23,Female,Surat,Gujarat,Salaried,Affluent,2020-10-27
C03831,Customer 03831,31,Female,Noida,Uttar Pradesh,Retired,Mass,2025-07-04
C03832,Customer 03832,23,Male,Kolkata,West Bengal,Self-Employed,Affluent,2018-07-31
C03833,Customer 03833,44,Male,Bengaluru,Karnataka,Business,Mass Affluent,2023-06-23
C03834,Customer 03834,32,Female,Warangal,Telangana,Salaried,Mass,2019-11-07
C03835,Customer 03835,42,Female,Hyderabad,Telangana,Salaried,Mass Affluent,2023-12-22
C03836,Customer 03836,54,Male,Jaipur,Rajasthan,Student,Mass Affluent,2019-05-10
C03837,Customer 03837,67,Female,Lucknow,Uttar Pradesh,Business,Mass Affluent,2020-02-04
C03838,Customer 03838,68,Female,Mumbai,Maharashtra,Self-Employed,Premium,2024-01-21
C03839,Customer 03839,30,Female,Warangal,Telangana,Salaried,Mass,2022-08-14
C03840,Customer 03840,29,Female,Bengaluru,Karnataka,Retired,Affluent,2021-03-05
C03841,Customer 03841,66,Male,Surat,Gujarat,Self-Employed,Affluent,2021-05-25
C03842,Customer 03842,53,Female,Bengaluru,Karnataka,Business,Mass Affluent,2018-12-22
C03843,Customer 03843,66,Male,Surat,Gujarat,Retired,Premium,2024-08-16
C03844,Customer 03844,33,Male,Vijayawada,Andhra Pradesh,Retired,Mass,2021-03-05
C03845,Customer 03845,66,Female,Kolkata,West Bengal,Salaried,Premium,2025-03-10
C03846,Customer 03846,65,Male,Chennai,Tamil Nadu,Salaried,Affluent,2024-05-02
C03847,Customer 03847,22,Female,Noida,Uttar Pradesh,Self-Employed,Affluent,2024-09-20
C03848,Customer 03848,31,Male,Lucknow,Uttar Pradesh,Business,Mass Affluent,2024-02-24
C03849,Customer 03849,41,Male,Hyderabad,Telangana,Student,Mass,2018-05-17
C03850,Customer 03850,51,Male,Chennai,Tamil Nadu,Business,Mass,2024-11-04
C03851,Customer 03851,26,Female,Chennai,Tamil Nadu,Self-Employed,Mass Affluent,2023-07-22
C03852,Customer 03852,25,Male,Bengaluru,Karnataka,Business,Mass,2022-12-25
C03853,Customer 03853,52,Male,New Delhi,Delhi,Student,Premium,2020-08-25
C03854,Customer 03854,24,Female,Kolkata,West Bengal,Self-Employed,Affluent,2020-12-02
C03855,Customer 03855,59,Female,Jodhpur,Rajasthan,Retired,Mass,2020-11-29
C03856,Customer 03856,50,Male,Noida,Uttar Pradesh,Student,Premium,2022-08-24
C03857,Customer 03857,36,Male,Coimbatore,Tamil Nadu,Retired,Affluent,2018-06-27
C03858,Customer 03858,64,Female,Mysuru,Karnataka,Business,Mass,2023-10-13
C03859,Customer 03859,27,Female,Jaipur,Rajasthan,Self-Employed,Mass,2020-04-16
C03860,Customer 03860,49,Male,Jodhpur,Rajasthan,Business,Affluent,2021-10-01
C03861,Customer 03861,70,Female,Warangal,Telangana,Business,Mass,2022-04-02
C03862,Customer 03862,65,Male,Warangal,Telangana,Self-Employed,Mass,2020-05-29
C03863,Customer 03863,55,Female,New Delhi,Delhi,Self-Employed,Mass,2019-11-27
C03864,Customer 03864,37,Male,Kolkata,West Bengal,Student,Premium,2025-05-15
C03865,Customer 03865,47,Male,Mumbai,Maharashtra,Self-Employed,Premium,2022-11-04
C03866,Customer 03866,21,Female,Jaipur,Rajasthan,Self-Employed,Affluent,2022-11-10
C03867,Customer 03867,36,Male,Ahmedabad,Gujarat,Student,Mass,2019-11-17
C03868,Customer 03868,65,Female,Mysuru,Karnataka,Self-Employed,Mass,2024-10-02
C03869,Customer 03869,64,Male,Ahmedabad,Gujarat,Student,Mass,2020-10-02
C03870,Customer 03870,63,Male,New Delhi,Delhi,Salaried,Mass Affluent,2019-05-02
C03871,Customer 03871,64,Female,New Delhi,Delhi,Retired,Affluent,2021-10-08
C03872,Customer 03872,34,Male,Chennai,Tamil Nadu,Self-Employed,Mass Affluent,2019-06-15
C03873,Customer 03873,70,Female,Kolkata,West Bengal,Retired,Mass,2019-08-24
C03874,Customer 03874,55,Male,Chennai,Tamil Nadu,Retired,Mass Affluent,2020-02-05
C03875,Customer 03875,67,Female,Mysuru,Karnataka,Self-Employed,Mass Affluent,2020-09-06
C03876,Customer 03876,61,Female,Jodhpur,Rajasthan,Business,Premium,2018-10-30
C03877,Customer 03877,41,Female,Kolkata,West Bengal,Business,Mass Affluent,2020-10-12
C03878,Customer 03878,31,Male,Mysuru,Karnataka,Self-Employed,Affluent,2025-04-12
C03879,Customer 03879,44,Female,Vijayawada,Andhra Pradesh,Business,Premium,2019-11-08
C03880,Customer 03880,34,Male,Bengaluru,Karnataka,Business,Mass Affluent,2021-03-09
C03881,Customer 03881,59,Female,Pune,Maharashtra,Business,Mass Affluent,2021-12-18
C03882,Customer 03882,40,Female,Jodhpur,Rajasthan,Student,Premium,2021-02-01
C03883,Customer 03883,44,Female,Noida,Uttar Pradesh,Student,Mass,2019-01-15
C03884,Customer 03884,46,Male,Hyderabad,Telangana,Salaried,Affluent,2021-06-21
C03885,Customer 03885,46,Female,Vijayawada,Andhra Pradesh,Student,Mass,2019-03-25
C03886,Customer 03886,48,Male,Mumbai,Maharashtra,Salaried,Mass Affluent,2023-08-27
C03887,Customer 03887,68,Female,Warangal,Telangana,Student,Affluent,2020-04-06
C03888,Customer 03888,58,Male,Noida,Uttar Pradesh,Business,Mass,2025-02-09
C03889,Customer 03889,68,Male,Mysuru,Karnataka,Salaried,Mass Affluent,2018-08-10
C03890,Customer 03890,25,Male,Mysuru,Karnataka,Student,Premium,2023-06-11
C03891,Customer 03891,70,Male,Vijayawada,Andhra Pradesh,Business,Premium,2024-04-29
C03892,Customer 03892,54,Female,Mysuru,Karnataka,Salaried,Premium,2021-04-01
C03893,Customer 03893,38,Male,Pune,Maharashtra,Business,Affluent,2018-07-27
C03894,Customer 03894,65,Male,Noida,Uttar Pradesh,Self-Employed,Affluent,2021-07-19
C03895,Customer 03895,31,Male,Bengaluru,Karnataka,Salaried,Mass,2022-09-21
C03896,Customer 03896,33,Female,Chennai,Tamil Nadu,Self-Employed,Mass Affluent,2018-09-23
C03897,Customer 03897,41,Male,Warangal,Telangana,Retired,Mass,2023-07-27
C03898,Customer 03898,57,Male,Kolkata,West Bengal,Salaried,Mass Affluent,2022-06-13
C03899,Customer 03899,24,Female,Noida,Uttar Pradesh,Business,Premium,2018-08-06
C03900,Customer 03900,22,Female,New Delhi,Delhi,Self-Employed,Affluent,2023-01-17
C03901,Customer 03901,42,Male,Coimbatore,Tamil Nadu,Business,Mass,2024-02-25
C03902,Customer 03902,38,Male,Visakhapatnam,Andhra Pradesh,Student,Mass Affluent,2019-11-05
C03903,Customer 03903,54,Female,Hyderabad,Telangana,Business,Mass,2020-11-23
C03904,Customer 03904,48,Male,Visakhapatnam,Andhra Pradesh,Self-Employed,Premium,2024-10-06
C03905,Customer 03905,34,Female,Chennai,Tamil Nadu,Salaried,Mass Affluent,2018-10-08
C03906,Customer 03906,48,Male,Noida,Uttar Pradesh,Self-Employed,Mass Affluent,2024-08-14
C03907,Customer 03907,25,Male,Lucknow,Uttar Pradesh,Self-Employed,Mass Affluent,2018-04-03
C03908,Customer 03908,57,Female,Noida,Uttar Pradesh,Self-Employed,Affluent,2022-11-15
C03909,Customer 03909,32,Male,Coimbatore,Tamil Nadu,Salaried,Affluent,2021-05-25
C03910,Customer 03910,28,Female,Jaipur,Rajasthan,Business,Mass Affluent,2018-12-12
C03911,Customer 03911,32,Male,Jaipur,Rajasthan,Salaried,Affluent,2018-05-17
C03912,Customer 03912,56,Female,Vijayawada,Andhra Pradesh,Retired,Mass Affluent,2022-03-18
C03913,Customer 03913,36,Male,Visakhapatnam,Andhra Pradesh,Business,Mass,2023-12-24
C03914,Customer 03914,67,Male,Visakhapatnam,Andhra Pradesh,Salaried,Mass,2020-08-06
C03915,Customer 03915,69,Male,Chennai,Tamil Nadu,Salaried,Mass Affluent,2022-01-27
C03916,Customer 03916,63,Male,Visakhapatnam,Andhra Pradesh,Student,Mass,2020-06-23
C03917,Customer 03917,45,Male,Jodhpur,Rajasthan,Self-Employed,Affluent,2024-12-17
C03918,Customer 03918,60,Female,Vijayawada,Andhra Pradesh,Business,Mass,2022-02-25
C03919,Customer 03919,55,Female,Coimbatore,Tamil Nadu,Salaried,Premium,2023-06-23
C03920,Customer 03920,41,Female,Pune,Maharashtra,Salaried,Mass,2018-10-15
C03921,Customer 03921,38,Male,Lucknow,Uttar Pradesh,Student,Mass,2022-01-24
C03922,Customer 03922,64,Female,Chennai,Tamil Nadu,Retired,Premium,2019-03-09
C03923,Customer 03923,28,Male,Jaipur,Rajasthan,Retired,Premium,2020-06-15
C03924,Customer 03924,67,Male,Visakhapatnam,Andhra Pradesh,Self-Employed,Mass Affluent,2018-05-01
C03925,Customer 03925,41,Female,Vijayawada,Andhra Pradesh,Self-Employed,Mass,2024-07-10
C03926,Customer 03926,54,Male,Pune,Maharashtra,Salaried,Mass,2020-12-10
C03927,Customer 03927,27,Male,Jaipur,Rajasthan,Business,Mass,2022-01-22
C03928,Customer 03928,32,Female,Kolkata,West Bengal,Business,Mass,2023-12-05
C03929,Customer 03929,67,Male,Mysuru,Karnataka,Business,Mass,2022-09-23
C03930,Customer 03930,26,Male,Kolkata,West Bengal,Student,Affluent,2024-04-05
C03931,Customer 03931,26,Female,Kolkata,West Bengal,Salaried,Mass,2018-08-24
C03932,Customer 03932,30,Male,Surat,Gujarat,Student,Mass,2019-12-16
C03933,Customer 03933,48,Female,Mumbai,Maharashtra,Business,Mass,2022-03-24
C03934,Customer 03934,58,Male,Kolkata,West Bengal,Student,Mass Affluent,2023-07-08
C03935,Customer 03935,68,Female,Visakhapatnam,Andhra Pradesh,Student,Premium,2023-04-29
C03936,Customer 03936,55,Female,Lucknow,Uttar Pradesh,Business,Mass Affluent,2019-01-03
C03937,Customer 03937,25,Male,Hyderabad,Telangana,Retired,Mass,2019-12-01
C03938,Customer 03938,57,Male,Ahmedabad,Gujarat,Business,Mass,2020-04-05
C03939,Customer 03939,67,Male,Warangal,Telangana,Salaried,Premium,2018-04-24
C03940,Customer 03940,25,Male,Pune,Maharashtra,Retired,Mass,2025-08-27
C03941,Customer 03941,56,Female,Kolkata,West Bengal,Retired,Premium,2023-04-28
C03942,Customer 03942,52,Male,Surat,Gujarat,Student,Premium,2021-03-24
C03943,Customer 03943,22,Female,Visakhapatnam,Andhra Pradesh,Student,Mass Affluent,2021-06-25
C03944,Customer 03944,61,Male,Noida,Uttar Pradesh,Retired,Mass,2022-06-17
C03945,Customer 03945,66,Female,Kolkata,West Bengal,Business,Mass,2020-05-25
C03946,Customer 03946,63,Male,Bengaluru,Karnataka,Salaried,Mass,2021-01-28
C03947,Customer 03947,47,Female,Surat,Gujarat,Retired,Affluent,2019-08-14
C03948,Customer 03948,36,Male,New Delhi,Delhi,Self-Employed,Affluent,2020-09-24
C03949,Customer 03949,44,Female,New Delhi,Delhi,Student,Mass,2021-05-25
C03950,Customer 03950,61,Female,Ahmedabad,Gujarat,Retired,Mass,2020-11-26
C03951,Customer 03951,44,Male,Warangal,Telangana,Student,Mass,2024-04-30
C03952,Customer 03952,40,Male,Mumbai,Maharashtra,Retired,Affluent,2018-04-05
C03953,Customer 03953,70,Male,Kolkata,West Bengal,Salaried,Affluent,2021-05-01
C03954,Customer 03954,42,Male,New Delhi,Delhi,Self-Employed,Mass,2020-02-25
C03955,Customer 03955,64,Male,Jodhpur,Rajasthan,Self-Employed,Mass,2018-01-22
C03956,Customer 03956,63,Male,Noida,Uttar Pradesh,Student,Mass Affluent,2019-02-10
C03957,Customer 03957,31,Female,Chennai,Tamil Nadu,Salaried,Mass,2021-10-27
C03958,Customer 03958,21,Male,New Delhi,Delhi,Retired,Premium,2023-03-02
C03959,Customer 03959,36,Male,Ahmedabad,Gujarat,Business,Affluent,2019-07-22
C03960,Customer 03960,26,Female,Warangal,Telangana,Business,Mass Affluent,2024-05-09
C03961,Customer 03961,22,Male,New Delhi,Delhi,Student,Mass,2020-09-04
C03962,Customer 03962,38,Male,Coimbatore,Tamil Nadu,Retired,Affluent,2022-03-04
C03963,Customer 03963,24,Male,New Delhi,Delhi,Self-Employed,Affluent,2024-01-17
C03964,Customer 03964,37,Female,Ahmedabad,Gujarat,Self-Employed,Premium,2021-09-12
C03965,Customer 03965,51,Female,New Delhi,Delhi,Salaried,Mass,2024-06-26
C03966,Customer 03966,58,Male,Surat,Gujarat,Self-Employed,Premium,2023-12-20
C03967,Customer 03967,25,Male,Noida,Uttar Pradesh,Retired,Premium,2018-12-26
C03968,Customer 03968,61,Male,Chennai,Tamil Nadu,Salaried,Affluent,2018-03-25
C03969,Customer 03969,52,Female,Jodhpur,Rajasthan,Student,Affluent,2018-07-14
C03970,Customer 03970,66,Female,Vijayawada,Andhra Pradesh,Salaried,Affluent,2025-01-07
C03971,Customer 03971,37,Male,Noida,Uttar Pradesh,Self-Employed,Mass Affluent,2022-06-05
C03972,Customer 03972,62,Female,Warangal,Telangana,Business,Mass Affluent,2018-03-09
C03973,Customer 03973,32,Female,Kolkata,West Bengal,Student,Mass Affluent,2020-11-28
C03974,Customer 03974,47,Male,New Delhi,Delhi,Student,Affluent,2018-02-13
C03975,Customer 03975,61,Female,Kolkata,West Bengal,Business,Mass,2025-04-23
C03976,Customer 03976,69,Female,Mumbai,Maharashtra,Self-Employed,Premium,2021-04-09
C03977,Customer 03977,56,Male,Visakhapatnam,Andhra Pradesh,Retired,Mass Affluent,2021-02-07
C03978,Customer 03978,44,Male,Noida,Uttar Pradesh,Retired,Mass,2020-01-07
C03979,Customer 03979,57,Female,Kolkata,West Bengal,Student,Premium,2025-06-05
C03980,Customer 03980,38,Male,Warangal,Telangana,Retired,Mass,2020-11-05
C03981,Customer 03981,59,Male,Hyderabad,Telangana,Retired,Mass,2023-07-26
C03982,Customer 03982,53,Male,Mumbai,Maharashtra,Student,Mass,2019-09-29
C03983,Customer 03983,65,Female,Surat,Gujarat,Salaried,Premium,2021-05-12
C03984,Customer 03984,50,Male,Lucknow,Uttar Pradesh,Student,Mass Affluent,2024-08-04
C03985,Customer 03985,46,Male,Coimbatore,Tamil Nadu,Retired,Mass,2019-12-29
C03986,Customer 03986,61,Female,Mumbai,Maharashtra,Salaried,Premium,2020-05-31
C03987,Customer 03987,62,Male,Bengaluru,Karnataka,Salaried,Affluent,2022-07-15
C03988,Customer 03988,53,Female,Jodhpur,Rajasthan,Student,Mass,2018-06-19
C03989,Customer 03989,30,Female,New Delhi,Delhi,Student,Mass,2025-01-15
C03990,Customer 03990,25,Female,Kolkata,West Bengal,Student,Mass,2025-04-13
C03991,Customer 03991,38,Male,Ahmedabad,Gujarat,Student,Mass Affluent,2021-03-06
C03992,Customer 03992,35,Female,Ahmedabad,Gujarat,Retired,Affluent,2019-07-09
C03993,Customer 03993,47,Male,Pune,Maharashtra,Salaried,Mass,2018-07-15
C03994,Customer 03994,65,Female,New Delhi,Delhi,Business,Mass Affluent,2022-11-26
C03995,Customer 03995,51,Female,Jaipur,Rajasthan,Student,Mass,2021-03-26
C03996,Customer 03996,26,Male,Vijayawada,Andhra Pradesh,Business,Mass,2023-01-30
C03997,Customer 03997,26,Female,Lucknow,Uttar Pradesh,Salaried,Mass,2025-08-03
C03998,Customer 03998,42,Female,Lucknow,Uttar Pradesh,Salaried,Mass,2018-12-12
C03999,Customer 03999,55,Female,Mysuru,Karnataka,Self-Employed,Mass,2020-03-06
C04000,Customer 04000,30,Male,Surat,Gujarat,Salaried,Mass,2024-10-25
C04001,Customer 04001,57,Female,New Delhi,Delhi,Business,Premium,2019-01-03
C04002,Customer 04002,45,Male,Mysuru,Karnataka,Retired,Mass Affluent,2023-01-08
C04003,Customer 04003,33,Male,Kolkata,West Bengal,Business,Affluent,2023-10-28
C04004,Customer 04004,32,Male,Vijayawada,Andhra Pradesh,Self-Employed,Premium,2021-12-23
C04005,Customer 04005,57,Female,New Delhi,Delhi,Self-Employed,Mass,2025-03-18
C04006,Customer 04006,53,Female,Visakhapatnam,Andhra Pradesh,Retired,Mass Affluent,2024-11-24
C04007,Customer 04007,60,Female,Warangal,Telangana,Student,Affluent,2023-05-13
C04008,Customer 04008,48,Female,Kolkata,West Bengal,Student,Mass,2018-01-15
C04009,Customer 04009,26,Male,Vijayawada,Andhra Pradesh,Student,Mass,2021-04-23
C04010,Customer 04010,57,Male,Vijayawada,Andhra Pradesh,Self-Employed,Mass,2018-08-23
C04011,Customer 04011,46,Female,Pune,Maharashtra,Self-Employed,Mass,2023-04-11
C04012,Customer 04012,39,Male,Noida,Uttar Pradesh,Business,Affluent,2019-09-25
C04013,Customer 04013,57,Female,Jodhpur,Rajasthan,Business,Affluent,2023-04-13
C04014,Customer 04014,51,Female,Coimbatore,Tamil Nadu,Business,Mass Affluent,2022-12-19
C04015,Customer 04015,24,Female,Noida,Uttar Pradesh,Salaried,Mass Affluent,2024-04-19
C04016,Customer 04016,40,Male,Lucknow,Uttar Pradesh,Salaried,Affluent,2023-05-31
C04017,Customer 04017,31,Male,Ahmedabad,Gujarat,Student,Affluent,2022-10-09
C04018,Customer 04018,39,Male,Visakhapatnam,Andhra Pradesh,Salaried,Mass Affluent,2024-11-12
C04019,Customer 04019,34,Male,Warangal,Telangana,Self-Employed,Premium,2021-12-02
C04020,Customer 04020,39,Male,Mumbai,Maharashtra,Student,Premium,2025-01-20
C04021,Customer 04021,63,Female,Chennai,Tamil Nadu,Student,Affluent,2020-04-03
C04022,Customer 04022,48,Male,Mysuru,Karnataka,Salaried,Mass Affluent,2023-06-19
C04023,Customer 04023,43,Male,Lucknow,Uttar Pradesh,Retired,Premium,2018-03-28
C04024,Customer 04024,43,Female,Vijayawada,Andhra Pradesh,Salaried,Affluent,2019-07-02
C04025,Customer 04025,35,Female,Jodhpur,Rajasthan,Business,Mass,2019-11-16
C04026,Customer 04026,35,Female,New Delhi,Delhi,Salaried,Premium,2021-06-08
C04027,Customer 04027,65,Female,Warangal,Telangana,Student,Mass Affluent,2018-04-09
C04028,Customer 04028,40,Male,Chennai,Tamil Nadu,Retired,Affluent,2023-09-04
C04029,Customer 04029,25,Female,Vijayawada,Andhra Pradesh,Salaried,Mass,2022-08-20
C04030,Customer 04030,41,Male,Vijayawada,Andhra Pradesh,Self-Employed,Mass,2024-01-04
C04031,Customer 04031,46,Female,Coimbatore,Tamil Nadu,Salaried,Mass,2024-12-21
C04032,Customer 04032,68,Female,Vijayawada,Andhra Pradesh,Salaried,Mass,2019-01-09
C04033,Customer 04033,46,Female,Vijayawada,Andhra Pradesh,Student,Mass,2019-09-08
C04034,Customer 04034,58,Female,New Delhi,Delhi,Business,Mass Affluent,2019-10-15
C04035,Customer 04035,57,Male,Coimbatore,Tamil Nadu,Business,Mass Affluent,2025-08-15
C04036,Customer 04036,67,Female,New Delhi,Delhi,Retired,Mass,2020-07-01
C04037,Customer 04037,40,Female,Hyderabad,Telangana,Retired,Mass,2020-04-07
C04038,Customer 04038,48,Male,Jaipur,Rajasthan,Business,Mass,2019-07-17
C04039,Customer 04039,67,Female,Kolkata,West Bengal,Business,Affluent,2019-03-03
C04040,Customer 04040,21,Male,Surat,Gujarat,Salaried,Mass,2018-08-16
C04041,Customer 04041,24,Male,Coimbatore,Tamil Nadu,Salaried,Mass,2025-06-19
C04042,Customer 04042,21,Female,Surat,Gujarat,Self-Employed,Affluent,2020-12-30
C04043,Customer 04043,23,Female,Jaipur,Rajasthan,Self-Employed,Premium,2024-10-12
C04044,Customer 04044,26,Male,Visakhapatnam,Andhra Pradesh,Student,Mass,2020-10-25
C04045,Customer 04045,43,Male,Chennai,Tamil Nadu,Business,Mass Affluent,2023-10-24
C04046,Customer 04046,68,Male,Mumbai,Maharashtra,Retired,Mass,2021-05-31
C04047,Customer 04047,30,Male,New Delhi,Delhi,Retired,Mass Affluent,2019-07-20
C04048,Customer 04048,67,Female,Surat,Gujarat,Self-Employed,Mass Affluent,2025-07-09
C04049,Customer 04049,36,Male,Hyderabad,Telangana,Business,Mass,2021-01-17
C04050,Customer 04050,55,Male,Warangal,Telangana,Business,Mass,2021-04-09
C04051,Customer 04051,52,Female,Mysuru,Karnataka,Retired,Affluent,2021-06-11
C04052,Customer 04052,66,Female,Ahmedabad,Gujarat,Student,Premium,2023-08-02
C04053,Customer 04053,55,Female,Noida,Uttar Pradesh,Salaried,Mass,2024-12-04
C04054,Customer 04054,48,Male,Pune,Maharashtra,Student,Mass Affluent,2023-09-04
C04055,Customer 04055,24,Female,Chennai,Tamil Nadu,Business,Mass,2024-10-01
C04056,Customer 04056,42,Female,Surat,Gujarat,Business,Mass,2019-05-14
C04057,Customer 04057,22,Male,Kolkata,West Bengal,Self-Employed,Mass Affluent,2025-06-05
C04058,Customer 04058,52,Female,Pune,Maharashtra,Business,Premium,2019-05-22
C04059,Customer 04059,42,Female,New Delhi,Delhi,Salaried,Mass,2021-09-26
C04060,Customer 04060,49,Male,Jodhpur,Rajasthan,Salaried,Affluent,2021-11-24
C04061,Customer 04061,51,Female,Jodhpur,Rajasthan,Student,Premium,2022-06-12
C04062,Customer 04062,39,Female,Mysuru,Karnataka,Business,Affluent,2019-09-17
C04063,Customer 04063,58,Male,Mysuru,Karnataka,Self-Employed,Affluent,2018-06-19
C04064,Customer 04064,69,Female,Warangal,Telangana,Student,Mass Affluent,2022-03-13
C04065,Customer 04065,27,Female,Bengaluru,Karnataka,Self-Employed,Premium,2024-11-19
C04066,Customer 04066,50,Female,Noida,Uttar Pradesh,Business,Mass Affluent,2022-11-18
C04067,Customer 04067,63,Female,Pune,Maharashtra,Retired,Mass,2025-01-01
C04068,Customer 04068,69,Male,New Delhi,Delhi,Salaried,Affluent,2024-06-14
C04069,Customer 04069,53,Female,Visakhapatnam,Andhra Pradesh,Salaried,Mass,2019-10-05
C04070,Customer 04070,44,Male,Kolkata,West Bengal,Business,Mass,2025-05-05
C04071,Customer 04071,26,Male,Kolkata,West Bengal,Business,Premium,2019-03-13
C04072,Customer 04072,52,Female,Hyderabad,Telangana,Business,Premium,2021-01-27
C04073,Customer 04073,61,Female,Visakhapatnam,Andhra Pradesh,Self-Employed,Mass,2020-04-20
C04074,Customer 04074,29,Male,Surat,Gujarat,Retired,Mass,2018-02-01
C04075,Customer 04075,60,Male,Mumbai,Maharashtra,Business,Affluent,2018-09-17
C04076,Customer 04076,55,Male,Surat,Gujarat,Self-Employed,Mass,2023-02-27
C04077,Customer 04077,66,Male,Kolkata,West Bengal,Business,Premium,2021-02-03
C04078,Customer 04078,36,Male,Noida,Uttar Pradesh,Business,Affluent,2022-05-23
C04079,Customer 04079,51,Male,Chennai,Tamil Nadu,Student,Mass Affluent,2022-11-10
C04080,Customer 04080,53,Male,New Delhi,Delhi,Self-Employed,Mass,2021-01-03
C04081,Customer 04081,54,Male,Warangal,Telangana,Business,Mass,2022-02-10
C04082,Customer 04082,26,Female,Visakhapatnam,Andhra Pradesh,Self-Employed,Mass Affluent,2020-07-26
C04083,Customer 04083,44,Male,New Delhi,Delhi,Self-Employed,Premium,2024-04-18
C04084,Customer 04084,56,Male,Chennai,Tamil Nadu,Student,Mass Affluent,2018-11-02
C04085,Customer 04085,28,Female,Mumbai,Maharashtra,Self-Employed,Mass Affluent,2022-11-22
C04086,Customer 04086,64,Male,Jaipur,Rajasthan,Salaried,Mass Affluent,2023-11-15
C04087,Customer 04087,52,Male,Visakhapatnam,Andhra Pradesh,Retired,Affluent,2023-12-15
C04088,Customer 04088,28,Female,Noida,Uttar Pradesh,Retired,Mass,2022-05-30
C04089,Customer 04089,38,Female,Coimbatore,Tamil Nadu,Student,Mass,2024-03-04
C04090,Customer 04090,57,Male,Mysuru,Karnataka,Business,Mass,2023-08-30
C04091,Customer 04091,58,Male,Mumbai,Maharashtra,Retired,Premium,2023-09-09
C04092,Customer 04092,57,Male,Jodhpur,Rajasthan,Retired,Mass,2018-03-13
C04093,Customer 04093,31,Male,New Delhi,Delhi,Salaried,Mass,2023-05-17
C04094,Customer 04094,34,Male,Vijayawada,Andhra Pradesh,Self-Employed,Mass Affluent,2021-07-19
C04095,Customer 04095,52,Female,Chennai,Tamil Nadu,Retired,Mass Affluent,2024-07-11
C04096,Customer 04096,29,Female,New Delhi,Delhi,Business,Mass Affluent,2024-10-08
C04097,Customer 04097,62,Female,Noida,Uttar Pradesh,Student,Mass,2020-05-31
C04098,Customer 04098,29,Female,Noida,Uttar Pradesh,Business,Mass Affluent,2020-02-25
C04099,Customer 04099,67,Female,Vijayawada,Andhra Pradesh,Student,Mass Affluent,2018-01-26
C04100,Customer 04100,22,Female,New Delhi,Delhi,Retired,Mass,2023-01-01
C04101,Customer 04101,57,Female,Lucknow,Uttar Pradesh,Retired,Mass,2025-01-21
C04102,Customer 04102,64,Male,Surat,Gujarat,Self-Employed,Premium,2019-06-19
C04103,Customer 04103,64,Female,Warangal,Telangana,Retired,Mass Affluent,2021-09-26
C04104,Customer 04104,31,Female,Coimbatore,Tamil Nadu,Business,Premium,2025-01-28
C04105,Customer 04105,69,Male,Chennai,Tamil Nadu,Retired,Mass,2023-02-10
C04106,Customer 04106,21,Male,Surat,Gujarat,Student,Mass Affluent,2019-03-17
C04107,Customer 04107,25,Female,Ahmedabad,Gujarat,Salaried,Affluent,2022-03-28
C04108,Customer 04108,66,Female,Pune,Maharashtra,Self-Employed,Premium,2018-07-27
C04109,Customer 04109,28,Female,Mysuru,Karnataka,Salaried,Mass,2023-12-08
C04110,Customer 04110,36,Female,Noida,Uttar Pradesh,Student,Mass,2025-05-05
C04111,Customer 04111,28,Female,Jaipur,Rajasthan,Retired,Mass,2022-09-30
C04112,Customer 04112,36,Male,Bengaluru,Karnataka,Self-Employed,Mass,2019-05-26
C04113,Customer 04113,30,Female,New Delhi,Delhi,Student,Mass,2024-04-13
C04114,Customer 04114,55,Female,Mumbai,Maharashtra,Student,Mass Affluent,2019-08-18
C04115,Customer 04115,29,Female,New Delhi,Delhi,Retired,Mass Affluent,2021-01-18
C04116,Customer 04116,23,Male,Kolkata,West Bengal,Business,Affluent,2019-06-25
C04117,Customer 04117,28,Female,Bengaluru,Karnataka,Retired,Mass,2019-03-21
C04118,Customer 04118,65,Female,Warangal,Telangana,Salaried,Mass,2019-09-02
C04119,Customer 04119,22,Female,New Delhi,Delhi,Salaried,Mass Affluent,2023-09-28
C04120,Customer 04120,64,Male,Visakhapatnam,Andhra Pradesh,Self-Employed,Mass Affluent,2024-09-26
C04121,Customer 04121,26,Male,Jaipur,Rajasthan,Retired,Mass Affluent,2020-03-17
C04122,Customer 04122,38,Female,Vijayawada,Andhra Pradesh,Student,Premium,2019-06-08
C04123,Customer 04123,61,Female,Kolkata,West Bengal,Student,Mass,2018-09-13
C04124,Customer 04124,62,Male,Jodhpur,Rajasthan,Self-Employed,Mass Affluent,2022-11-25
C04125,Customer 04125,33,Female,New Delhi,Delhi,Student,Mass Affluent,2018-09-09
C04126,Customer 04126,37,Female,Mysuru,Karnataka,Retired,Premium,2021-12-29
C04127,Customer 04127,27,Male,Chennai,Tamil Nadu,Retired,Mass,2019-09-01
C04128,Customer 04128,25,Male,Mumbai,Maharashtra,Retired,Affluent,2019-11-01
C04129,Customer 04129,35,Male,Jodhpur,Rajasthan,Student,Mass Affluent,2022-07-24
C04130,Customer 04130,28,Male,Hyderabad,Telangana,Business,Mass,2021-05-19
C04131,Customer 04131,52,Female,Jaipur,Rajasthan,Student,Affluent,2020-03-30
C04132,Customer 04132,37,Female,Lucknow,Uttar Pradesh,Business,Premium,2025-04-09
C04133,Customer 04133,25,Female,Jodhpur,Rajasthan,Salaried,Mass,2019-12-29
C04134,Customer 04134,26,Female,Mumbai,Maharashtra,Salaried,Mass,2024-01-05
C04135,Customer 04135,68,Male,Mumbai,Maharashtra,Salaried,Mass,2023-08-16
C04136,Customer 04136,64,Male,Mysuru,Karnataka,Self-Employed,Mass Affluent,2023-02-09
C04137,Customer 04137,63,Female,Kolkata,West Bengal,Business,Mass,2023-10-01
C04138,Customer 04138,51,Male,Pune,Maharashtra,Salaried,Mass Affluent,2023-08-21
C04139,Customer 04139,40,Male,Pune,Maharashtra,Salaried,Mass Affluent,2024-08-06
C04140,Customer 04140,51,Male,Visakhapatnam,Andhra Pradesh,Business,Mass Affluent,2021-08-07
C04141,Customer 04141,64,Female,Noida,Uttar Pradesh,Business,Affluent,2024-10-12
C04142,Customer 04142,49,Male,Jaipur,Rajasthan,Student,Mass,2019-04-08
C04143,Customer 04143,34,Female,Jodhpur,Rajasthan,Business,Mass,2024-01-08
C04144,Customer 04144,65,Male,Jodhpur,Rajasthan,Business,Mass Affluent,2018-06-16
C04145,Customer 04145,36,Male,Vijayawada,Andhra Pradesh,Retired,Affluent,2020-11-06
C04146,Customer 04146,38,Female,Mumbai,Maharashtra,Salaried,Mass,2025-04-12
C04147,Customer 04147,22,Female,Noida,Uttar Pradesh,Retired,Mass,2021-08-23
C04148,Customer 04148,60,Female,Noida,Uttar Pradesh,Self-Employed,Mass,2022-09-14
C04149,Customer 04149,42,Male,Visakhapatnam,Andhra Pradesh,Salaried,Mass,2018-03-27
C04150,Customer 04150,34,Female,Hyderabad,Telangana,Business,Mass,2023-04-09
C04151,Customer 04151,48,Male,Noida,Uttar Pradesh,Salaried,Affluent,2020-03-30
C04152,Customer 04152,46,Female,Coimbatore,Tamil Nadu,Salaried,Mass Affluent,2020-10-05
C04153,Customer 04153,38,Female,Surat,Gujarat,Business,Mass Affluent,2024-03-09
C04154,Customer 04154,58,Male,Warangal,Telangana,Student,Premium,2020-12-09
C04155,Customer 04155,30,Male,Kolkata,West Bengal,Salaried,Mass Affluent,2019-06-04
C04156,Customer 04156,49,Male,Warangal,Telangana,Salaried,Premium,2024-01-30
C04157,Customer 04157,61,Female,Visakhapatnam,Andhra Pradesh,Salaried,Mass Affluent,2022-09-27
C04158,Customer 04158,22,Female,Pune,Maharashtra,Self-Employed,Premium,2023-06-10
C04159,Customer 04159,48,Female,Noida,Uttar Pradesh,Salaried,Mass Affluent,2023-08-23
C04160,Customer 04160,42,Male,Hyderabad,Telangana,Salaried,Premium,2023-03-23
C04161,Customer 04161,22,Male,Lucknow,Uttar Pradesh,Salaried,Mass Affluent,2018-03-27
C04162,Customer 04162,40,Female,Surat,Gujarat,Retired,Mass Affluent,2020-12-06
C04163,Customer 04163,36,Male,Chennai,Tamil Nadu,Retired,Affluent,2025-07-01
C04164,Customer 04164,38,Male,Bengaluru,Karnataka,Self-Employed,Mass,2023-11-19
C04165,Customer 04165,62,Female,Mumbai,Maharashtra,Business,Mass,2018-09-30
C04166,Customer 04166,27,Male,Surat,Gujarat,Business,Mass,2022-05-20
C04167,Customer 04167,42,Female,Mysuru,Karnataka,Student,Mass,2018-05-16
C04168,Customer 04168,59,Male,Mysuru,Karnataka,Student,Mass Affluent,2019-09-28
C04169,Customer 04169,30,Male,Coimbatore,Tamil Nadu,Salaried,Premium,2020-11-23
C04170,Customer 04170,42,Female,Bengaluru,Karnataka,Student,Mass,2023-08-30
C04171,Customer 04171,52,Male,Visakhapatnam,Andhra Pradesh,Self-Employed,Mass Affluent,2021-01-03
C04172,Customer 04172,28,Female,Bengaluru,Karnataka,Student,Affluent,2022-09-21
C04173,Customer 04173,60,Female,Mumbai,Maharashtra,Self-Employed,Premium,2020-05-05
C04174,Customer 04174,42,Female,Kolkata,West Bengal,Self-Employed,Mass Affluent,2019-09-16
C04175,Customer 04175,22,Male,Vijayawada,Andhra Pradesh,Business,Mass,2021-01-03
C04176,Customer 04176,41,Female,Warangal,Telangana,Student,Mass,2018-02-13
C04177,Customer 04177,46,Female,Noida,Uttar Pradesh,Salaried,Affluent,2022-08-16
C04178,Customer 04178,46,Female,Visakhapatnam,Andhra Pradesh,Salaried,Affluent,2024-07-11
C04179,Customer 04179,28,Female,New Delhi,Delhi,Self-Employed,Mass,2024-04-20
C04180,Customer 04180,50,Female,Kolkata,West Bengal,Business,Mass,2021-06-17
C04181,Customer 04181,25,Male,Noida,Uttar Pradesh,Business,Mass,2022-11-04
C04182,Customer 04182,57,Female,Kolkata,West Bengal,Salaried,Affluent,2023-03-10
C04183,Customer 04183,35,Male,Pune,Maharashtra,Salaried,Affluent,2022-07-10
C04184,Customer 04184,44,Male,Kolkata,West Bengal,Business,Mass Affluent,2018-07-03
C04185,Customer 04185,27,Female,Jaipur,Rajasthan,Salaried,Mass Affluent,2019-12-07
C04186,Customer 04186,65,Female,Mysuru,Karnataka,Student,Mass Affluent,2018-07-27
C04187,Customer 04187,49,Male,Jaipur,Rajasthan,Business,Mass,2023-02-19
C04188,Customer 04188,57,Male,Vijayawada,Andhra Pradesh,Salaried,Mass,2023-03-13
C04189,Customer 04189,63,Male,Mysuru,Karnataka,Salaried,Affluent,2020-10-20
C04190,Customer 04190,33,Male,Hyderabad,Telangana,Self-Employed,Mass,2024-08-13
C04191,Customer 04191,70,Female,Pune,Maharashtra,Self-Employed,Premium,2024-09-28
C04192,Customer 04192,65,Male,Jodhpur,Rajasthan,Salaried,Affluent,2023-06-01
C04193,Customer 04193,61,Female,Bengaluru,Karnataka,Student,Mass,2018-09-07
C04194,Customer 04194,50,Female,Pune,Maharashtra,Business,Mass,2021-05-30
C04195,Customer 04195,24,Female,Mumbai,Maharashtra,Self-Employed,Mass Affluent,2024-08-22
C04196,Customer 04196,61,Female,Vijayawada,Andhra Pradesh,Salaried,Mass,2023-08-16
C04197,Customer 04197,29,Female,Mumbai,Maharashtra,Self-Employed,Affluent,2019-11-10
C04198,Customer 04198,35,Male,New Delhi,Delhi,Retired,Mass,2020-11-07
C04199,Customer 04199,46,Female,Vijayawada,Andhra Pradesh,Self-Employed,Mass,2021-03-11
C04200,Customer 04200,41,Male,Lucknow,Uttar Pradesh,Salaried,Affluent,2020-12-20
C04201,Customer 04201,56,Female,Jaipur,Rajasthan,Retired,Affluent,2023-05-05
C04202,Customer 04202,33,Female,Ahmedabad,Gujarat,Self-Employed,Mass Affluent,2023-05-25
C04203,Customer 04203,21,Female,Mumbai,Maharashtra,Salaried,Mass,2022-12-12
C04204,Customer 04204,33,Female,Pune,Maharashtra,Business,Mass,2019-08-24
C04205,Customer 04205,27,Male,Pune,Maharashtra,Retired,Mass,2020-07-01
C04206,Customer 04206,57,Male,Kolkata,West Bengal,Retired,Mass,2018-08-30
C04207,Customer 04207,37,Male,Chennai,Tamil Nadu,Self-Employed,Mass,2020-11-17
C04208,Customer 04208,33,Female,Pune,Maharashtra,Business,Mass Affluent,2018-04-02
C04209,Customer 04209,61,Male,Jodhpur,Rajasthan,Salaried,Affluent,2020-09-23
C04210,Customer 04210,69,Male,Kolkata,West Bengal,Retired,Mass Affluent,2018-09-24
C04211,Customer 04211,38,Female,Vijayawada,Andhra Pradesh,Student,Mass,2021-05-28
C04212,Customer 04212,64,Male,Noida,Uttar Pradesh,Salaried,Mass Affluent,2025-05-31
C04213,Customer 04213,39,Male,Coimbatore,Tamil Nadu,Retired,Mass,2020-12-14
C04214,Customer 04214,40,Female,Ahmedabad,Gujarat,Student,Mass,2018-08-15
C04215,Customer 04215,65,Male,Warangal,Telangana,Retired,Mass Affluent,2022-02-27
C04216,Customer 04216,31,Male,Coimbatore,Tamil Nadu,Self-Employed,Mass,2022-07-24
C04217,Customer 04217,70,Female,Jaipur,Rajasthan,Retired,Affluent,2022-07-07
C04218,Customer 04218,53,Male,Bengaluru,Karnataka,Salaried,Mass Affluent,2019-02-08
C04219,Customer 04219,51,Female,New Delhi,Delhi,Retired,Mass Affluent,2023-12-20
C04220,Customer 04220,55,Male,Coimbatore,Tamil Nadu,Business,Mass,2024-04-15
C04221,Customer 04221,69,Female,New Delhi,Delhi,Business,Affluent,2023-07-18
C04222,Customer 04222,45,Male,Warangal,Telangana,Student,Mass Affluent,2020-09-04
C04223,Customer 04223,66,Female,Surat,Gujarat,Student,Affluent,2018-11-09
C04224,Customer 04224,26,Female,New Delhi,Delhi,Student,Mass,2020-03-31
C04225,Customer 04225,59,Female,New Delhi,Delhi,Salaried,Mass Affluent,2018-05-19
C04226,Customer 04226,62,Female,Kolkata,West Bengal,Business,Affluent,2024-11-06
C04227,Customer 04227,60,Female,Pune,Maharashtra,Student,Mass,2019-11-24
C04228,Customer 04228,35,Female,Mumbai,Maharashtra,Student,Premium,2023-10-15
C04229,Customer 04229,66,Female,Ahmedabad,Gujarat,Student,Mass,2020-08-11
C04230,Customer 04230,56,Male,Coimbatore,Tamil Nadu,Salaried,Mass,2022-10-16
C04231,Customer 04231,43,Female,Jaipur,Rajasthan,Self-Employed,Mass,2018-07-13
C04232,Customer 04232,36,Female,Mumbai,Maharashtra,Salaried,Premium,2024-05-08
C04233,Customer 04233,69,Female,Warangal,Telangana,Salaried,Mass,2021-01-26
C04234,Customer 04234,56,Male,Kolkata,West Bengal,Salaried,Affluent,2020-02-14
C04235,Customer 04235,61,Male,Chennai,Tamil Nadu,Salaried,Mass,2023-10-31
C04236,Customer 04236,43,Female,Vijayawada,Andhra Pradesh,Student,Premium,2025-05-30
C04237,Customer 04237,50,Female,Jaipur,Rajasthan,Business,Affluent,2022-01-31
C04238,Customer 04238,39,Female,New Delhi,Delhi,Self-Employed,Mass,2022-04-25
C04239,Customer 04239,61,Male,Mumbai,Maharashtra,Salaried,Mass,2019-04-04
C04240,Customer 04240,57,Female,Mysuru,Karnataka,Self-Employed,Mass,2025-06-28
C04241,Customer 04241,66,Female,Noida,Uttar Pradesh,Salaried,Affluent,2018-02-07
C04242,Customer 04242,28,Female,Ahmedabad,Gujarat,Retired,Mass Affluent,2018-04-18
C04243,Customer 04243,37,Female,Jodhpur,Rajasthan,Retired,Affluent,2023-05-26
C04244,Customer 04244,27,Male,Mysuru,Karnataka,Salaried,Premium,2024-10-28
C04245,Customer 04245,33,Male,Jodhpur,Rajasthan,Business,Mass,2018-12-26
C04246,Customer 04246,67,Female,Lucknow,Uttar Pradesh,Retired,Premium,2020-02-24
C04247,Customer 04247,47,Female,Visakhapatnam,Andhra Pradesh,Business,Mass,2024-03-17
C04248,Customer 04248,31,Female,Vijayawada,Andhra Pradesh,Retired,Affluent,2024-08-18
C04249,Customer 04249,59,Male,Lucknow,Uttar Pradesh,Salaried,Premium,2025-03-17
C04250,Customer 04250,56,Female,Vijayawada,Andhra Pradesh,Salaried,Mass Affluent,2022-06-07
C04251,Customer 04251,25,Female,Hyderabad,Telangana,Salaried,Mass,2018-09-07
C04252,Customer 04252,57,Male,Hyderabad,Telangana,Student,Mass,2024-02-29
C04253,Customer 04253,64,Male,Hyderabad,Telangana,Retired,Premium,2018-06-21
C04254,Customer 04254,66,Male,Noida,Uttar Pradesh,Business,Affluent,2019-08-07
C04255,Customer 04255,50,Male,Jodhpur,Rajasthan,Student,Affluent,2018-11-23
C04256,Customer 04256,32,Female,Jodhpur,Rajasthan,Retired,Premium,2018-01-18
C04257,Customer 04257,46,Male,Hyderabad,Telangana,Retired,Mass,2022-03-31
C04258,Customer 04258,54,Female,New Delhi,Delhi,Retired,Mass,2023-11-24
C04259,Customer 04259,48,Female,Vijayawada,Andhra Pradesh,Retired,Mass,2018-05-26
C04260,Customer 04260,65,Male,Warangal,Telangana,Salaried,Premium,2021-12-04
C04261,Customer 04261,64,Female,Kolkata,West Bengal,Retired,Premium,2023-01-24
C04262,Customer 04262,41,Female,Coimbatore,Tamil Nadu,Self-Employed,Premium,2018-12-14
C04263,Customer 04263,63,Male,Bengaluru,Karnataka,Retired,Mass,2018-12-08
C04264,Customer 04264,29,Female,New Delhi,Delhi,Business,Mass Affluent,2024-10-09
C04265,Customer 04265,63,Female,Bengaluru,Karnataka,Self-Employed,Affluent,2022-02-06
C04266,Customer 04266,39,Female,Visakhapatnam,Andhra Pradesh,Self-Employed,Mass,2019-11-26
C04267,Customer 04267,36,Male,Lucknow,Uttar Pradesh,Retired,Mass Affluent,2024-08-12
C04268,Customer 04268,55,Male,Surat,Gujarat,Student,Mass,2020-02-13
C04269,Customer 04269,39,Male,Hyderabad,Telangana,Salaried,Mass,2023-09-19
C04270,Customer 04270,39,Male,Chennai,Tamil Nadu,Retired,Premium,2021-11-23
C04271,Customer 04271,53,Female,Visakhapatnam,Andhra Pradesh,Business,Premium,2020-02-24
C04272,Customer 04272,25,Female,Noida,Uttar Pradesh,Student,Mass Affluent,2024-11-30
C04273,Customer 04273,61,Female,Kolkata,West Bengal,Student,Mass,2024-11-29
C04274,Customer 04274,56,Male,Vijayawada,Andhra Pradesh,Salaried,Mass Affluent,2022-08-05
C04275,Customer 04275,61,Female,Kolkata,West Bengal,Retired,Mass Affluent,2020-09-01
C04276,Customer 04276,54,Male,Jodhpur,Rajasthan,Salaried,Mass Affluent,2020-02-02
C04277,Customer 04277,55,Female,New Delhi,Delhi,Self-Employed,Affluent,2018-04-05
C04278,Customer 04278,53,Male,Pune,Maharashtra,Retired,Mass Affluent,2025-01-05
C04279,Customer 04279,30,Male,Mysuru,Karnataka,Retired,Mass Affluent,2021-03-12
C04280,Customer 04280,43,Male,Hyderabad,Telangana,Business,Mass,2022-02-09
C04281,Customer 04281,64,Female,New Delhi,Delhi,Business,Mass,2022-02-13
C04282,Customer 04282,60,Male,New Delhi,Delhi,Student,Premium,2018-11-12
C04283,Customer 04283,44,Female,Pune,Maharashtra,Business,Mass,2019-03-14
C04284,Customer 04284,51,Male,New Delhi,Delhi,Business,Mass Affluent,2023-02-13
C04285,Customer 04285,54,Male,Mumbai,Maharashtra,Business,Mass,2021-09-22
C04286,Customer 04286,44,Female,Kolkata,West Bengal,Student,Mass Affluent,2023-04-20
C04287,Customer 04287,40,Male,Visakhapatnam,Andhra Pradesh,Retired,Premium,2021-08-02
C04288,Customer 04288,34,Male,Lucknow,Uttar Pradesh,Student,Premium,2020-06-15
C04289,Customer 04289,58,Female,Visakhapatnam,Andhra Pradesh,Salaried,Mass Affluent,2024-03-10
C04290,Customer 04290,66,Male,Visakhapatnam,Andhra Pradesh,Self-Employed,Mass,2019-06-04
C04291,Customer 04291,46,Male,Vijayawada,Andhra Pradesh,Student,Mass,2022-06-22
C04292,Customer 04292,29,Male,Mumbai,Maharashtra,Salaried,Mass,2018-05-12
C04293,Customer 04293,57,Male,Chennai,Tamil Nadu,Retired,Mass Affluent,2024-02-17
C04294,Customer 04294,21,Female,Surat,Gujarat,Business,Mass,2024-12-18
C04295,Customer 04295,50,Male,Lucknow,Uttar Pradesh,Retired,Mass,2024-09-29
C04296,Customer 04296,47,Female,Jaipur,Rajasthan,Salaried,Mass Affluent,2019-03-09
C04297,Customer 04297,68,Male,Noida,Uttar Pradesh,Salaried,Mass Affluent,2021-11-29
C04298,Customer 04298,46,Male,Jaipur,Rajasthan,Retired,Mass,2022-07-01
C04299,Customer 04299,34,Female,Visakhapatnam,Andhra Pradesh,Business,Premium,2024-01-05
C04300,Customer 04300,42,Male,Mysuru,Karnataka,Self-Employed,Affluent,2019-10-07
C04301,Customer 04301,23,Female,Mysuru,Karnataka,Business,Affluent,2022-10-13
C04302,Customer 04302,33,Female,Kolkata,West Bengal,Student,Affluent,2024-03-12
C04303,Customer 04303,63,Female,Chennai,Tamil Nadu,Student,Premium,2018-08-28
C04304,Customer 04304,24,Male,Bengaluru,Karnataka,Business,Affluent,2019-04-17
C04305,Customer 04305,63,Female,Chennai,Tamil Nadu,Self-Employed,Mass,2025-07-13
C04306,Customer 04306,48,Female,Chennai,Tamil Nadu,Business,Affluent,2022-09-10
C04307,Customer 04307,65,Male,Visakhapatnam,Andhra Pradesh,Student,Mass Affluent,2019-11-05
C04308,Customer 04308,57,Male,Visakhapatnam,Andhra Pradesh,Self-Employed,Affluent,2022-01-25
C04309,Customer 04309,46,Female,Visakhapatnam,Andhra Pradesh,Retired,Mass,2023-10-31
C04310,Customer 04310,48,Male,Jodhpur,Rajasthan,Self-Employed,Mass,2018-04-26
C04311,Customer 04311,23,Male,Kolkata,West Bengal,Self-Employed,Mass,2019-04-27
C04312,Customer 04312,67,Male,Coimbatore,Tamil Nadu,Student,Affluent,2021-09-12
C04313,Customer 04313,70,Female,Visakhapatnam,Andhra Pradesh,Business,Mass Affluent,2019-07-04
C04314,Customer 04314,32,Male,Coimbatore,Tamil Nadu,Salaried,Mass,2023-02-24
C04315,Customer 04315,55,Female,Hyderabad,Telangana,Retired,Premium,2022-03-09
C04316,Customer 04316,27,Male,New Delhi,Delhi,Retired,Mass,2023-08-24
C04317,Customer 04317,70,Female,Jodhpur,Rajasthan,Salaried,Mass,2022-09-25
C04318,Customer 04318,49,Male,New Delhi,Delhi,Self-Employed,Mass Affluent,2019-02-21
C04319,Customer 04319,42,Male,Bengaluru,Karnataka,Self-Employed,Affluent,2018-09-10
C04320,Customer 04320,61,Male,Coimbatore,Tamil Nadu,Salaried,Mass,2018-12-27
C04321,Customer 04321,30,Male,New Delhi,Delhi,Business,Affluent,2019-02-19
C04322,Customer 04322,44,Female,Coimbatore,Tamil Nadu,Retired,Premium,2023-06-29
C04323,Customer 04323,65,Female,Coimbatore,Tamil Nadu,Retired,Mass,2020-02-21
C04324,Customer 04324,45,Female,Vijayawada,Andhra Pradesh,Retired,Mass Affluent,2018-09-25
C04325,Customer 04325,24,Female,Kolkata,West Bengal,Business,Premium,2025-04-06
C04326,Customer 04326,42,Female,Hyderabad,Telangana,Business,Mass,2019-08-12
C04327,Customer 04327,66,Female,Noida,Uttar Pradesh,Salaried,Mass,2024-11-04
C04328,Customer 04328,38,Female,Noida,Uttar Pradesh,Self-Employed,Affluent,2019-09-11
C04329,Customer 04329,46,Male,Coimbatore,Tamil Nadu,Student,Premium,2022-04-01
C04330,Customer 04330,44,Female,Pune,Maharashtra,Salaried,Mass,2021-09-03
C04331,Customer 04331,34,Male,Noida,Uttar Pradesh,Student,Affluent,2024-03-10
C04332,Customer 04332,63,Male,Bengaluru,Karnataka,Business,Affluent,2018-06-20
C04333,Customer 04333,67,Male,Kolkata,West Bengal,Retired,Premium,2018-01-02
C04334,Customer 04334,28,Female,Kolkata,West Bengal,Retired,Mass Affluent,2018-03-28
C04335,Customer 04335,50,Female,New Delhi,Delhi,Self-Employed,Mass Affluent,2019-06-07
C04336,Customer 04336,65,Female,Jodhpur,Rajasthan,Student,Mass Affluent,2022-01-10
C04337,Customer 04337,49,Male,Kolkata,West Bengal,Self-Employed,Mass,2023-10-15
C04338,Customer 04338,69,Female,Vijayawada,Andhra Pradesh,Self-Employed,Premium,2020-07-06
C04339,Customer 04339,36,Female,Lucknow,Uttar Pradesh,Retired,Mass Affluent,2019-06-16
C04340,Customer 04340,27,Male,Hyderabad,Telangana,Student,Premium,2018-03-28
C04341,Customer 04341,29,Female,Coimbatore,Tamil Nadu,Student,Mass Affluent,2020-02-06
C04342,Customer 04342,41,Male,Chennai,Tamil Nadu,Self-Employed,Mass Affluent,2018-11-28
C04343,Customer 04343,33,Female,Hyderabad,Telangana,Self-Employed,Affluent,2018-07-30
C04344,Customer 04344,44,Female,Coimbatore,Tamil Nadu,Salaried,Mass,2021-01-23
C04345,Customer 04345,45,Male,Mumbai,Maharashtra,Business,Mass Affluent,2019-08-25
C04346,Customer 04346,63,Female,Noida,Uttar Pradesh,Business,Mass,2021-09-02
C04347,Customer 04347,31,Male,Kolkata,West Bengal,Salaried,Mass,2018-01-29
C04348,Customer 04348,37,Female,Coimbatore,Tamil Nadu,Retired,Mass,2025-03-08
C04349,Customer 04349,26,Female,Pune,Maharashtra,Business,Premium,2023-10-13
C04350,Customer 04350,35,Female,Visakhapatnam,Andhra Pradesh,Student,Mass,2023-02-10
C04351,Customer 04351,70,Female,Kolkata,West Bengal,Salaried,Mass,2022-02-16
C04352,Customer 04352,41,Male,Ahmedabad,Gujarat,Salaried,Mass,2019-10-16
C04353,Customer 04353,57,Female,Surat,Gujarat,Student,Premium,2022-01-31
C04354,Customer 04354,49,Male,Chennai,Tamil Nadu,Self-Employed,Mass,2021-02-16
C04355,Customer 04355,46,Male,Mumbai,Maharashtra,Salaried,Mass,2020-10-09
C04356,Customer 04356,31,Male,Noida,Uttar Pradesh,Student,Mass Affluent,2018-05-21
C04357,Customer 04357,37,Female,Mumbai,Maharashtra,Business,Mass Affluent,2019-10-04
C04358,Customer 04358,64,Male,Coimbatore,Tamil Nadu,Retired,Mass,2019-07-13
C04359,Customer 04359,22,Female,Pune,Maharashtra,Student,Affluent,2018-11-08
C04360,Customer 04360,28,Male,Kolkata,West Bengal,Business,Mass,2018-04-06
C04361,Customer 04361,61,Male,New Delhi,Delhi,Retired,Affluent,2025-02-26
C04362,Customer 04362,69,Male,Surat,Gujarat,Salaried,Mass Affluent,2022-06-03
C04363,Customer 04363,22,Female,New Delhi,Delhi,Student,Affluent,2018-07-12
C04364,Customer 04364,33,Female,New Delhi,Delhi,Salaried,Premium,2020-06-24
C04365,Customer 04365,59,Male,Mumbai,Maharashtra,Business,Premium,2023-08-14
C04366,Customer 04366,57,Female,Bengaluru,Karnataka,Retired,Mass Affluent,2021-09-11
C04367,Customer 04367,48,Male,Ahmedabad,Gujarat,Business,Premium,2019-11-27
C04368,Customer 04368,38,Female,Coimbatore,Tamil Nadu,Salaried,Premium,2025-01-28
C04369,Customer 04369,46,Female,Surat,Gujarat,Salaried,Affluent,2021-06-21
C04370,Customer 04370,64,Female,Jodhpur,Rajasthan,Student,Mass,2021-10-04
C04371,Customer 04371,22,Male,Hyderabad,Telangana,Student,Premium,2022-12-09
C04372,Customer 04372,57,Male,Jodhpur,Rajasthan,Student,Mass,2022-11-20
C04373,Customer 04373,63,Female,Warangal,Telangana,Student,Mass,2018-06-02
C04374,Customer 04374,44,Male,Kolkata,West Bengal,Retired,Affluent,2021-01-03
C04375,Customer 04375,30,Female,Mysuru,Karnataka,Business,Mass,2019-12-19
C04376,Customer 04376,22,Male,Visakhapatnam,Andhra Pradesh,Salaried,Mass,2020-08-06
C04377,Customer 04377,26,Male,Warangal,Telangana,Retired,Premium,2022-03-09
C04378,Customer 04378,66,Female,Hyderabad,Telangana,Business,Mass Affluent,2024-06-03
C04379,Customer 04379,48,Male,Warangal,Telangana,Self-Employed,Mass,2022-09-01
C04380,Customer 04380,69,Female,Lucknow,Uttar Pradesh,Salaried,Affluent,2025-08-12
C04381,Customer 04381,24,Female,Vijayawada,Andhra Pradesh,Student,Premium,2023-03-17
C04382,Customer 04382,34,Female,Jodhpur,Rajasthan,Retired,Mass,2021-10-01
C04383,Customer 04383,48,Female,Jaipur,Rajasthan,Self-Employed,Affluent,2024-12-26
C04384,Customer 04384,37,Female,Hyderabad,Telangana,Student,Mass,2021-09-16
C04385,Customer 04385,36,Male,Noida,Uttar Pradesh,Retired,Affluent,2018-09-19
C04386,Customer 04386,25,Female,Coimbatore,Tamil Nadu,Self-Employed,Premium,2022-07-09
C04387,Customer 04387,56,Female,New Delhi,Delhi,Student,Affluent,2020-09-09
C04388,Customer 04388,65,Male,Mysuru,Karnataka,Retired,Mass,2024-10-14
C04389,Customer 04389,43,Male,Lucknow,Uttar Pradesh,Student,Affluent,2018-03-30
C04390,Customer 04390,25,Male,Lucknow,Uttar Pradesh,Business,Premium,2022-08-09
C04391,Customer 04391,57,Male,Chennai,Tamil Nadu,Business,Mass Affluent,2021-02-01
C04392,Customer 04392,22,Male,Vijayawada,Andhra Pradesh,Retired,Mass,2023-01-02
C04393,Customer 04393,32,Female,Kolkata,West Bengal,Retired,Mass Affluent,2022-06-17
C04394,Customer 04394,27,Male,Ahmedabad,Gujarat,Business,Mass,2022-03-19
C04395,Customer 04395,64,Female,Jodhpur,Rajasthan,Salaried,Mass,2019-12-26
C04396,Customer 04396,65,Female,Warangal,Telangana,Salaried,Affluent,2021-06-11
C04397,Customer 04397,59,Female,Noida,Uttar Pradesh,Student,Premium,2024-03-25
C04398,Customer 04398,62,Female,Coimbatore,Tamil Nadu,Self-Employed,Affluent,2024-11-17
C04399,Customer 04399,48,Male,Mysuru,Karnataka,Student,Mass,2023-07-10
C04400,Customer 04400,23,Male,Chennai,Tamil Nadu,Business,Mass Affluent,2023-07-30
C04401,Customer 04401,46,Female,Lucknow,Uttar Pradesh,Student,Mass,2020-09-04
C04402,Customer 04402,70,Male,Mumbai,Maharashtra,Salaried,Mass,2020-06-04
C04403,Customer 04403,26,Male,Kolkata,West Bengal,Business,Mass,2021-02-01
C04404,Customer 04404,39,Female,Jaipur,Rajasthan,Student,Mass,2022-03-17
C04405,Customer 04405,49,Female,Kolkata,West Bengal,Salaried,Mass,2018-03-15
C04406,Customer 04406,27,Female,Lucknow,Uttar Pradesh,Student,Mass,2021-01-08
C04407,Customer 04407,59,Female,Mysuru,Karnataka,Salaried,Premium,2021-10-23
C04408,Customer 04408,29,Female,Vijayawada,Andhra Pradesh,Self-Employed,Affluent,2024-03-22
C04409,Customer 04409,61,Female,Kolkata,West Bengal,Retired,Mass Affluent,2025-01-18
C04410,Customer 04410,58,Male,Visakhapatnam,Andhra Pradesh,Retired,Mass,2018-11-13
C04411,Customer 04411,30,Male,Kolkata,West Bengal,Business,Mass,2023-04-03
C04412,Customer 04412,32,Male,New Delhi,Delhi,Business,Mass Affluent,2019-01-05
C04413,Customer 04413,27,Male,Ahmedabad,Gujarat,Retired,Mass,2023-09-04
C04414,Customer 04414,26,Male,Jaipur,Rajasthan,Salaried,Premium,2021-04-09
C04415,Customer 04415,27,Male,New Delhi,Delhi,Student,Mass Affluent,2023-09-08
C04416,Customer 04416,28,Male,Chennai,Tamil Nadu,Self-Employed,Mass,2025-04-24
C04417,Customer 04417,38,Female,Pune,Maharashtra,Salaried,Mass,2018-05-21
C04418,Customer 04418,54,Female,Visakhapatnam,Andhra Pradesh,Salaried,Mass,2021-03-02
C04419,Customer 04419,50,Male,New Delhi,Delhi,Salaried,Premium,2019-11-12
C04420,Customer 04420,32,Male,Lucknow,Uttar Pradesh,Salaried,Mass,2023-10-19
C04421,Customer 04421,69,Male,Jaipur,Rajasthan,Retired,Mass,2019-05-29
C04422,Customer 04422,58,Male,Visakhapatnam,Andhra Pradesh,Business,Premium,2021-06-28
C04423,Customer 04423,54,Male,Vijayawada,Andhra Pradesh,Salaried,Mass,2018-08-14
C04424,Customer 04424,68,Female,New Delhi,Delhi,Self-Employed,Mass,2025-08-22
C04425,Customer 04425,37,Male,Chennai,Tamil Nadu,Salaried,Premium,2019-05-29
C04426,Customer 04426,63,Female,Chennai,Tamil Nadu,Business,Mass Affluent,2024-02-01
C04427,Customer 04427,28,Male,Mumbai,Maharashtra,Self-Employed,Mass,2020-02-07
C04428,Customer 04428,32,Male,Hyderabad,Telangana,Business,Mass,2021-03-23
C04429,Customer 04429,70,Male,Coimbatore,Tamil Nadu,Student,Premium,2018-06-26
C04430,Customer 04430,64,Male,Hyderabad,Telangana,Salaried,Mass Affluent,2023-02-13
C04431,Customer 04431,29,Male,New Delhi,Delhi,Student,Mass,2022-10-24
C04432,Customer 04432,64,Female,Warangal,Telangana,Salaried,Mass Affluent,2020-06-29
C04433,Customer 04433,30,Female,Surat,Gujarat,Retired,Mass,2020-04-06
C04434,Customer 04434,48,Male,Kolkata,West Bengal,Salaried,Affluent,2021-02-19
C04435,Customer 04435,53,Male,Noida,Uttar Pradesh,Student,Mass,2018-07-14
C04436,Customer 04436,49,Male,Bengaluru,Karnataka,Self-Employed,Mass,2022-12-15
C04437,Customer 04437,35,Female,Lucknow,Uttar Pradesh,Salaried,Affluent,2022-06-08
C04438,Customer 04438,53,Male,Mysuru,Karnataka,Business,Premium,2025-04-08
C04439,Customer 04439,31,Male,Coimbatore,Tamil Nadu,Business,Affluent,2021-01-06
C04440,Customer 04440,52,Male,Chennai,Tamil Nadu,Student,Premium,2019-09-01
C04441,Customer 04441,67,Male,Pune,Maharashtra,Salaried,Mass,2022-05-22
C04442,Customer 04442,32,Male,New Delhi,Delhi,Self-Employed,Mass Affluent,2023-07-14
C04443,Customer 04443,33,Male,Chennai,Tamil Nadu,Self-Employed,Affluent,2024-06-30
C04444,Customer 04444,28,Male,New Delhi,Delhi,Business,Premium,2018-04-25
C04445,Customer 04445,54,Male,Visakhapatnam,Andhra Pradesh,Salaried,Premium,2018-12-27
C04446,Customer 04446,62,Female,Ahmedabad,Gujarat,Retired,Mass Affluent,2019-09-21
C04447,Customer 04447,44,Female,Visakhapatnam,Andhra Pradesh,Business,Mass,2020-09-14
C04448,Customer 04448,55,Male,Jaipur,Rajasthan,Business,Mass Affluent,2023-05-03
C04449,Customer 04449,21,Male,New Delhi,Delhi,Retired,Mass,2025-02-02
C04450,Customer 04450,48,Male,Warangal,Telangana,Self-Employed,Mass,2020-03-30
C04451,Customer 04451,38,Female,Jaipur,Rajasthan,Business,Premium,2023-07-24
C04452,Customer 04452,65,Female,Vijayawada,Andhra Pradesh,Self-Employed,Mass,2024-09-15
C04453,Customer 04453,47,Female,Mumbai,Maharashtra,Business,Premium,2020-09-11
C04454,Customer 04454,50,Male,Jodhpur,Rajasthan,Business,Mass Affluent,2023-10-31
C04455,Customer 04455,37,Male,Bengaluru,Karnataka,Retired,Premium,2019-12-23
C04456,Customer 04456,48,Female,New Delhi,Delhi,Retired,Premium,2020-04-29
C04457,Customer 04457,40,Male,Ahmedabad,Gujarat,Student,Affluent,2019-02-19
C04458,Customer 04458,25,Female,Kolkata,West Bengal,Retired,Mass,2018-02-24
C04459,Customer 04459,28,Female,Surat,Gujarat,Retired,Premium,2024-06-14
C04460,Customer 04460,41,Female,Surat,Gujarat,Retired,Mass,2022-08-30
C04461,Customer 04461,70,Female,Coimbatore,Tamil Nadu,Business,Mass,2024-04-15
C04462,Customer 04462,40,Male,Mumbai,Maharashtra,Salaried,Mass Affluent,2024-12-25
C04463,Customer 04463,26,Female,Chennai,Tamil Nadu,Retired,Mass Affluent,2025-08-20
C04464,Customer 04464,39,Female,Mumbai,Maharashtra,Self-Employed,Mass,2023-06-17
C04465,Customer 04465,48,Female,Kolkata,West Bengal,Business,Mass Affluent,2018-07-14
C04466,Customer 04466,61,Male,Kolkata,West Bengal,Student,Mass,2024-05-22
C04467,Customer 04467,59,Female,Surat,Gujarat,Student,Mass,2018-11-24
C04468,Customer 04468,58,Female,New Delhi,Delhi,Business,Mass Affluent,2018-04-11
C04469,Customer 04469,43,Male,Hyderabad,Telangana,Retired,Affluent,2018-06-14
C04470,Customer 04470,25,Female,Kolkata,West Bengal,Self-Employed,Premium,2021-09-24
C04471,Customer 04471,41,Male,Bengaluru,Karnataka,Salaried,Mass,2019-01-23
C04472,Customer 04472,56,Female,Bengaluru,Karnataka,Salaried,Mass Affluent,2025-03-12
C04473,Customer 04473,42,Female,Hyderabad,Telangana,Self-Employed,Mass,2018-03-04
C04474,Customer 04474,45,Male,New Delhi,Delhi,Student,Affluent,2020-09-24
C04475,Customer 04475,56,Male,Hyderabad,Telangana,Student,Mass Affluent,2024-09-05
C04476,Customer 04476,64,Female,Noida,Uttar Pradesh,Business,Mass Affluent,2024-10-09
C04477,Customer 04477,29,Male,Mumbai,Maharashtra,Salaried,Mass Affluent,2025-01-02
C04478,Customer 04478,22,Male,Jodhpur,Rajasthan,Retired,Affluent,2025-03-14
C04479,Customer 04479,38,Female,Jodhpur,Rajasthan,Business,Mass,2023-03-16
C04480,Customer 04480,46,Female,Pune,Maharashtra,Retired,Affluent,2023-03-10
C04481,Customer 04481,69,Male,Surat,Gujarat,Salaried,Mass,2024-02-02
C04482,Customer 04482,58,Male,Noida,Uttar Pradesh,Self-Employed,Mass,2025-04-11
C04483,Customer 04483,37,Female,Jodhpur,Rajasthan,Salaried,Mass,2021-08-06
C04484,Customer 04484,50,Female,Kolkata,West Bengal,Student,Affluent,2024-06-08
C04485,Customer 04485,54,Male,Coimbatore,Tamil Nadu,Salaried,Mass,2018-11-02
C04486,Customer 04486,36,Male,Bengaluru,Karnataka,Business,Mass,2020-09-05
C04487,Customer 04487,21,Female,New Delhi,Delhi,Retired,Affluent,2022-11-27
C04488,Customer 04488,28,Male,Hyderabad,Telangana,Retired,Mass,2022-04-20
C04489,Customer 04489,47,Male,Warangal,Telangana,Self-Employed,Mass Affluent,2019-11-18
C04490,Customer 04490,51,Male,Warangal,Telangana,Self-Employed,Premium,2022-01-14
C04491,Customer 04491,41,Female,Mumbai,Maharashtra,Salaried,Mass Affluent,2022-10-11
C04492,Customer 04492,56,Female,Visakhapatnam,Andhra Pradesh,Student,Mass Affluent,2019-08-17
C04493,Customer 04493,21,Male,Lucknow,Uttar Pradesh,Salaried,Mass Affluent,2018-02-11
C04494,Customer 04494,63,Female,Bengaluru,Karnataka,Business,Premium,2025-02-18
C04495,Customer 04495,46,Male,Mysuru,Karnataka,Retired,Mass Affluent,2025-01-22
C04496,Customer 04496,55,Male,Jaipur,Rajasthan,Self-Employed,Affluent,2020-06-12
C04497,Customer 04497,68,Female,Warangal,Telangana,Business,Mass,2020-10-05
C04498,Customer 04498,63,Female,New Delhi,Delhi,Retired,Mass Affluent,2024-12-25
C04499,Customer 04499,53,Male,Mumbai,Maharashtra,Business,Mass,2018-11-10
C04500,Customer 04500,31,Male,Vijayawada,Andhra Pradesh,Retired,Mass,2020-06-05
C04501,Customer 04501,40,Male,Jaipur,Rajasthan,Student,Mass Affluent,2020-01-24
C04502,Customer 04502,45,Female,New Delhi,Delhi,Self-Employed,Mass,2019-05-26
C04503,Customer 04503,51,Male,Surat,Gujarat,Retired,Affluent,2021-01-12
C04504,Customer 04504,45,Male,Coimbatore,Tamil Nadu,Retired,Affluent,2019-12-26
C04505,Customer 04505,43,Male,Jodhpur,Rajasthan,Self-Employed,Mass,2024-10-18
C04506,Customer 04506,63,Female,Noida,Uttar Pradesh,Salaried,Mass,2025-03-13
C04507,Customer 04507,68,Female,Mysuru,Karnataka,Retired,Premium,2023-11-25
C04508,Customer 04508,22,Female,Kolkata,West Bengal,Salaried,Mass,2024-05-01
C04509,Customer 04509,41,Female,New Delhi,Delhi,Self-Employed,Mass,2020-11-13
C04510,Customer 04510,33,Female,Jodhpur,Rajasthan,Business,Premium,2025-05-05
C04511,Customer 04511,61,Male,Coimbatore,Tamil Nadu,Student,Mass Affluent,2020-10-22
C04512,Customer 04512,65,Male,Kolkata,West Bengal,Student,Mass,2022-05-04
C04513,Customer 04513,32,Female,Kolkata,West Bengal,Retired,Mass Affluent,2023-08-17
C04514,Customer 04514,64,Male,Bengaluru,Karnataka,Student,Mass,2019-07-18
C04515,Customer 04515,34,Female,Bengaluru,Karnataka,Self-Employed,Affluent,2024-03-02
C04516,Customer 04516,23,Female,Coimbatore,Tamil Nadu,Retired,Mass,2018-04-27
C04517,Customer 04517,35,Female,Chennai,Tamil Nadu,Self-Employed,Affluent,2025-08-16
C04518,Customer 04518,49,Female,Mumbai,Maharashtra,Business,Premium,2024-11-03
C04519,Customer 04519,70,Female,Jaipur,Rajasthan,Salaried,Affluent,2019-09-19
C04520,Customer 04520,23,Male,Mysuru,Karnataka,Business,Mass Affluent,2025-02-17
C04521,Customer 04521,30,Female,Jaipur,Rajasthan,Retired,Mass Affluent,2020-05-30
C04522,Customer 04522,26,Male,Pune,Maharashtra,Student,Affluent,2021-10-05
C04523,Customer 04523,60,Male,Bengaluru,Karnataka,Salaried,Mass,2020-10-23
C04524,Customer 04524,54,Female,Mysuru,Karnataka,Self-Employed,Mass Affluent,2022-02-10
C04525,Customer 04525,25,Female,Kolkata,West Bengal,Salaried,Mass Affluent,2025-05-12
C04526,Customer 04526,45,Female,Surat,Gujarat,Retired,Affluent,2018-02-14
C04527,Customer 04527,61,Female,Warangal,Telangana,Student,Mass Affluent,2023-07-01
C04528,Customer 04528,43,Female,Mysuru,Karnataka,Student,Mass,2024-04-30
C04529,Customer 04529,51,Female,Vijayawada,Andhra Pradesh,Student,Affluent,2019-08-10
C04530,Customer 04530,32,Male,Hyderabad,Telangana,Salaried,Mass,2024-11-15
C04531,Customer 04531,31,Female,Mumbai,Maharashtra,Business,Affluent,2022-06-03
C04532,Customer 04532,23,Male,Noida,Uttar Pradesh,Self-Employed,Affluent,2022-04-19
C04533,Customer 04533,28,Female,Mysuru,Karnataka,Self-Employed,Premium,2018-10-25
C04534,Customer 04534,33,Male,Jodhpur,Rajasthan,Business,Mass,2018-12-13
C04535,Customer 04535,21,Female,Visakhapatnam,Andhra Pradesh,Business,Mass,2023-02-01
C04536,Customer 04536,35,Male,Pune,Maharashtra,Business,Premium,2022-07-22
C04537,Customer 04537,38,Female,New Delhi,Delhi,Business,Premium,2022-02-23
C04538,Customer 04538,24,Female,Vijayawada,Andhra Pradesh,Student,Mass,2024-02-21
C04539,Customer 04539,53,Male,Ahmedabad,Gujarat,Business,Mass,2020-12-29
C04540,Customer 04540,48,Male,Hyderabad,Telangana,Salaried,Mass Affluent,2020-04-26
C04541,Customer 04541,70,Male,Vijayawada,Andhra Pradesh,Student,Mass,2022-10-11
C04542,Customer 04542,62,Male,Bengaluru,Karnataka,Self-Employed,Mass Affluent,2023-02-16
C04543,Customer 04543,24,Female,Lucknow,Uttar Pradesh,Student,Affluent,2021-10-02
C04544,Customer 04544,48,Male,Vijayawada,Andhra Pradesh,Retired,Mass,2020-07-02
C04545,Customer 04545,40,Male,Pune,Maharashtra,Retired,Mass Affluent,2018-12-22
C04546,Customer 04546,27,Male,Mumbai,Maharashtra,Student,Mass,2022-04-01
C04547,Customer 04547,30,Female,Noida,Uttar Pradesh,Salaried,Premium,2021-05-31
C04548,Customer 04548,44,Male,Kolkata,West Bengal,Retired,Affluent,2018-02-09
C04549,Customer 04549,34,Male,Bengaluru,Karnataka,Salaried,Mass,2025-03-20
C04550,Customer 04550,30,Female,New Delhi,Delhi,Business,Mass Affluent,2023-10-16
C04551,Customer 04551,22,Female,Kolkata,West Bengal,Business,Affluent,2022-05-11
C04552,Customer 04552,26,Female,Surat,Gujarat,Business,Mass Affluent,2023-09-12
C04553,Customer 04553,69,Male,New Delhi,Delhi,Business,Premium,2019-05-01
C04554,Customer 04554,47,Male,Pune,Maharashtra,Self-Employed,Mass,2024-03-04
C04555,Customer 04555,27,Female,Kolkata,West Bengal,Salaried,Mass Affluent,2019-06-02
C04556,Customer 04556,41,Female,Kolkata,West Bengal,Retired,Mass,2018-04-01
C04557,Customer 04557,54,Female,Mumbai,Maharashtra,Self-Employed,Affluent,2019-10-12
C04558,Customer 04558,46,Male,Noida,Uttar Pradesh,Business,Affluent,2021-02-16
C04559,Customer 04559,64,Male,New Delhi,Delhi,Self-Employed,Mass Affluent,2021-02-27
C04560,Customer 04560,46,Female,New Delhi,Delhi,Salaried,Mass,2024-10-10
C04561,Customer 04561,34,Female,Pune,Maharashtra,Self-Employed,Premium,2020-05-14
C04562,Customer 04562,64,Male,Kolkata,West Bengal,Self-Employed,Premium,2019-01-12
C04563,Customer 04563,69,Female,Visakhapatnam,Andhra Pradesh,Student,Mass,2023-01-16
C04564,Customer 04564,33,Female,Kolkata,West Bengal,Student,Premium,2020-06-09
C04565,Customer 04565,33,Female,Hyderabad,Telangana,Retired,Mass Affluent,2023-04-18
C04566,Customer 04566,62,Male,Pune,Maharashtra,Student,Premium,2020-01-29
C04567,Customer 04567,23,Male,Pune,Maharashtra,Retired,Affluent,2020-10-30
C04568,Customer 04568,30,Male,Coimbatore,Tamil Nadu,Self-Employed,Premium,2023-11-10
C04569,Customer 04569,63,Male,Visakhapatnam,Andhra Pradesh,Business,Mass,2020-04-13
C04570,Customer 04570,46,Female,Visakhapatnam,Andhra Pradesh,Business,Mass Affluent,2020-10-14
C04571,Customer 04571,54,Male,Hyderabad,Telangana,Retired,Premium,2021-01-08
C04572,Customer 04572,55,Male,Jaipur,Rajasthan,Salaried,Mass Affluent,2020-08-30
C04573,Customer 04573,43,Male,New Delhi,Delhi,Retired,Mass Affluent,2021-01-20
C04574,Customer 04574,30,Female,Mumbai,Maharashtra,Retired,Mass,2020-08-02
C04575,Customer 04575,41,Female,New Delhi,Delhi,Salaried,Mass,2020-02-12
C04576,Customer 04576,67,Female,Mysuru,Karnataka,Self-Employed,Mass,2024-09-17
C04577,Customer 04577,50,Male,Surat,Gujarat,Student,Mass,2025-02-13
C04578,Customer 04578,42,Male,Kolkata,West Bengal,Salaried,Mass Affluent,2019-11-12
C04579,Customer 04579,51,Female,Bengaluru,Karnataka,Retired,Mass,2022-08-22
C04580,Customer 04580,42,Male,Surat,Gujarat,Student,Mass,2019-04-16
C04581,Customer 04581,63,Female,Kolkata,West Bengal,Business,Mass,2018-05-28
C04582,Customer 04582,25,Male,Jodhpur,Rajasthan,Retired,Premium,2018-07-17
C04583,Customer 04583,64,Female,Hyderabad,Telangana,Student,Premium,2022-10-26
C04584,Customer 04584,21,Female,New Delhi,Delhi,Self-Employed,Mass,2021-03-17
C04585,Customer 04585,64,Male,Surat,Gujarat,Salaried,Mass,2022-11-27
C04586,Customer 04586,68,Male,Visakhapatnam,Andhra Pradesh,Business,Premium,2025-01-25
C04587,Customer 04587,67,Male,Jaipur,Rajasthan,Retired,Mass,2020-10-21
C04588,Customer 04588,52,Female,Mysuru,Karnataka,Retired,Affluent,2018-08-26
C04589,Customer 04589,54,Male,Pune,Maharashtra,Retired,Affluent,2018-08-02
C04590,Customer 04590,66,Male,Lucknow,Uttar Pradesh,Retired,Mass,2018-10-14
C04591,Customer 04591,38,Female,Kolkata,West Bengal,Self-Employed,Mass Affluent,2021-12-07
C04592,Customer 04592,69,Female,Kolkata,West Bengal,Student,Mass Affluent,2025-04-18
C04593,Customer 04593,63,Male,Kolkata,West Bengal,Salaried,Mass,2020-08-10
C04594,Customer 04594,48,Female,New Delhi,Delhi,Retired,Affluent,2019-10-17
C04595,Customer 04595,70,Male,New Delhi,Delhi,Student,Mass,2020-05-27
C04596,Customer 04596,52,Male,Pune,Maharashtra,Retired,Mass,2020-07-22
C04597,Customer 04597,30,Male,Jaipur,Rajasthan,Student,Premium,2025-01-28
C04598,Customer 04598,52,Female,Kolkata,West Bengal,Self-Employed,Premium,2020-06-26
C04599,Customer 04599,57,Male,Warangal,Telangana,Salaried,Mass,2024-06-29
C04600,Customer 04600,23,Male,Jaipur,Rajasthan,Retired,Mass,2021-05-21
C04601,Customer 04601,46,Male,New Delhi,Delhi,Business,Premium,2025-07-02
C04602,Customer 04602,60,Male,Kolkata,West Bengal,Student,Mass,2020-04-21
C04603,Customer 04603,44,Female,Visakhapatnam,Andhra Pradesh,Business,Premium,2019-03-16
C04604,Customer 04604,52,Male,Chennai,Tamil Nadu,Self-Employed,Premium,2019-10-29
C04605,Customer 04605,24,Male,Jodhpur,Rajasthan,Retired,Premium,2025-05-29
C04606,Customer 04606,46,Female,Chennai,Tamil Nadu,Salaried,Premium,2020-12-12
C04607,Customer 04607,30,Male,Visakhapatnam,Andhra Pradesh,Salaried,Mass,2018-03-01
C04608,Customer 04608,44,Male,Warangal,Telangana,Self-Employed,Affluent,2020-06-03
C04609,Customer 04609,69,Male,Ahmedabad,Gujarat,Business,Affluent,2021-11-26
C04610,Customer 04610,27,Male,Ahmedabad,Gujarat,Self-Employed,Mass Affluent,2022-05-16
C04611,Customer 04611,35,Female,Mumbai,Maharashtra,Self-Employed,Affluent,2018-03-29
C04612,Customer 04612,42,Female,Kolkata,West Bengal,Retired,Premium,2019-03-11
C04613,Customer 04613,53,Male,Lucknow,Uttar Pradesh,Retired,Affluent,2023-03-23
C04614,Customer 04614,64,Male,Pune,Maharashtra,Salaried,Premium,2018-08-24
C04615,Customer 04615,32,Male,Vijayawada,Andhra Pradesh,Retired,Mass,2024-09-25
C04616,Customer 04616,61,Female,Chennai,Tamil Nadu,Salaried,Mass Affluent,2021-11-28
C04617,Customer 04617,31,Male,Coimbatore,Tamil Nadu,Salaried,Affluent,2020-12-11
C04618,Customer 04618,26,Female,Mysuru,Karnataka,Business,Mass Affluent,2021-09-26
C04619,Customer 04619,35,Female,Warangal,Telangana,Salaried,Premium,2020-01-31
C04620,Customer 04620,36,Female,Surat,Gujarat,Retired,Affluent,2021-06-06
C04621,Customer 04621,40,Male,Surat,Gujarat,Salaried,Affluent,2023-03-09
C04622,Customer 04622,63,Female,Jodhpur,Rajasthan,Retired,Mass,2018-09-20
C04623,Customer 04623,36,Female,Bengaluru,Karnataka,Salaried,Mass,2025-01-23
C04624,Customer 04624,37,Male,Kolkata,West Bengal,Self-Employed,Mass,2018-10-13
C04625,Customer 04625,36,Female,Coimbatore,Tamil Nadu,Business,Premium,2022-07-18
C04626,Customer 04626,59,Male,Lucknow,Uttar Pradesh,Student,Mass Affluent,2024-10-23
C04627,Customer 04627,61,Male,Noida,Uttar Pradesh,Salaried,Mass,2025-01-13
C04628,Customer 04628,55,Female,Hyderabad,Telangana,Salaried,Mass,2021-04-04
C04629,Customer 04629,40,Female,Warangal,Telangana,Business,Premium,2018-10-20
C04630,Customer 04630,60,Female,Jaipur,Rajasthan,Business,Premium,2018-02-22
C04631,Customer 04631,68,Female,Pune,Maharashtra,Retired,Mass,2023-11-11
C04632,Customer 04632,68,Male,Warangal,Telangana,Salaried,Mass,2025-06-07
C04633,Customer 04633,37,Male,Bengaluru,Karnataka,Business,Premium,2019-07-11
C04634,Customer 04634,54,Female,Chennai,Tamil Nadu,Salaried,Mass,2022-12-05
C04635,Customer 04635,34,Female,Mumbai,Maharashtra,Student,Mass Affluent,2023-03-21
C04636,Customer 04636,54,Male,Mysuru,Karnataka,Self-Employed,Affluent,2020-09-03
C04637,Customer 04637,69,Female,Bengaluru,Karnataka,Business,Affluent,2023-10-31
C04638,Customer 04638,26,Female,Jodhpur,Rajasthan,Business,Premium,2025-06-08
C04639,Customer 04639,53,Male,Noida,Uttar Pradesh,Retired,Affluent,2024-04-11
C04640,Customer 04640,24,Male,Hyderabad,Telangana,Self-Employed,Affluent,2024-04-25
C04641,Customer 04641,21,Female,Chennai,Tamil Nadu,Salaried,Mass,2021-01-16
C04642,Customer 04642,25,Male,Chennai,Tamil Nadu,Retired,Mass Affluent,2024-04-09
C04643,Customer 04643,67,Female,Ahmedabad,Gujarat,Retired,Mass Affluent,2019-03-19
C04644,Customer 04644,48,Male,Kolkata,West Bengal,Salaried,Mass Affluent,2020-02-06
C04645,Customer 04645,32,Female,Coimbatore,Tamil Nadu,Retired,Mass,2023-11-11
C04646,Customer 04646,64,Male,Lucknow,Uttar Pradesh,Business,Mass,2022-09-01
C04647,Customer 04647,43,Male,Pune,Maharashtra,Student,Mass Affluent,2022-01-29
C04648,Customer 04648,58,Female,Noida,Uttar Pradesh,Student,Premium,2025-06-07
C04649,Customer 04649,64,Female,Bengaluru,Karnataka,Salaried,Mass,2022-06-08
C04650,Customer 04650,47,Female,Mysuru,Karnataka,Retired,Mass,2018-12-06
C04651,Customer 04651,55,Male,Chennai,Tamil Nadu,Salaried,Mass Affluent,2024-08-17
C04652,Customer 04652,41,Male,Surat,Gujarat,Student,Affluent,2022-09-17
C04653,Customer 04653,64,Female,Coimbatore,Tamil Nadu,Self-Employed,Premium,2018-04-05
C04654,Customer 04654,66,Male,Pune,Maharashtra,Retired,Mass Affluent,2020-11-16
C04655,Customer 04655,50,Male,Pune,Maharashtra,Student,Mass,2024-06-07
C04656,Customer 04656,22,Female,Lucknow,Uttar Pradesh,Salaried,Affluent,2018-03-23
C04657,Customer 04657,29,Male,Lucknow,Uttar Pradesh,Retired,Premium,2019-09-09
C04658,Customer 04658,55,Female,Mumbai,Maharashtra,Retired,Mass Affluent,2023-08-23
C04659,Customer 04659,67,Female,Chennai,Tamil Nadu,Business,Mass,2021-04-04
C04660,Customer 04660,43,Male,Coimbatore,Tamil Nadu,Student,Mass Affluent,2020-10-17
C04661,Customer 04661,59,Female,New Delhi,Delhi,Retired,Affluent,2022-07-17
C04662,Customer 04662,64,Female,Pune,Maharashtra,Business,Mass,2018-09-05
C04663,Customer 04663,64,Male,Pune,Maharashtra,Self-Employed,Mass,2020-02-09
C04664,Customer 04664,57,Female,Visakhapatnam,Andhra Pradesh,Student,Mass,2020-12-26
C04665,Customer 04665,70,Female,Jodhpur,Rajasthan,Self-Employed,Mass Affluent,2023-11-24
C04666,Customer 04666,53,Male,Warangal,Telangana,Salaried,Mass,2018-09-09
C04667,Customer 04667,61,Male,Noida,Uttar Pradesh,Salaried,Mass,2025-08-25
C04668,Customer 04668,26,Male,Mysuru,Karnataka,Business,Affluent,2021-01-11
C04669,Customer 04669,56,Male,Vijayawada,Andhra Pradesh,Salaried,Mass,2024-06-02
C04670,Customer 04670,39,Male,Lucknow,Uttar Pradesh,Self-Employed,Mass Affluent,2024-08-19
C04671,Customer 04671,48,Male,Pune,Maharashtra,Business,Mass Affluent,2024-12-12
C04672,Customer 04672,26,Female,Jodhpur,Rajasthan,Self-Employed,Mass,2023-02-12
C04673,Customer 04673,33,Male,Noida,Uttar Pradesh,Salaried,Affluent,2024-05-03
C04674,Customer 04674,21,Male,Jodhpur,Rajasthan,Retired,Mass Affluent,2024-12-10
C04675,Customer 04675,62,Female,Lucknow,Uttar Pradesh,Student,Mass Affluent,2023-08-10
C04676,Customer 04676,22,Male,Kolkata,West Bengal,Business,Premium,2023-11-27
C04677,Customer 04677,23,Male,Ahmedabad,Gujarat,Retired,Mass,2020-04-09
C04678,Customer 04678,53,Male,Noida,Uttar Pradesh,Salaried,Premium,2021-05-20
C04679,Customer 04679,39,Female,Coimbatore,Tamil Nadu,Salaried,Premium,2023-12-27
C04680,Customer 04680,57,Female,Pune,Maharashtra,Business,Premium,2024-08-16
C04681,Customer 04681,66,Female,Lucknow,Uttar Pradesh,Retired,Premium,2021-07-11
C04682,Customer 04682,63,Female,Bengaluru,Karnataka,Self-Employed,Premium,2022-12-21
C04683,Customer 04683,69,Female,New Delhi,Delhi,Retired,Premium,2023-11-19
C04684,Customer 04684,28,Male,Mumbai,Maharashtra,Self-Employed,Mass,2025-08-21
C04685,Customer 04685,62,Male,Bengaluru,Karnataka,Salaried,Mass,2022-06-26
C04686,Customer 04686,68,Male,Vijayawada,Andhra Pradesh,Salaried,Mass,2021-02-03
C04687,Customer 04687,51,Female,Surat,Gujarat,Business,Affluent,2024-08-13
C04688,Customer 04688,49,Male,Ahmedabad,Gujarat,Student,Mass,2020-05-02
C04689,Customer 04689,67,Male,Chennai,Tamil Nadu,Self-Employed,Affluent,2018-02-11
C04690,Customer 04690,30,Male,Mumbai,Maharashtra,Salaried,Mass,2025-04-07
C04691,Customer 04691,68,Male,Jodhpur,Rajasthan,Business,Mass Affluent,2024-09-23
C04692,Customer 04692,29,Female,Warangal,Telangana,Student,Mass,2018-12-27
C04693,Customer 04693,22,Female,Coimbatore,Tamil Nadu,Salaried,Mass,2020-02-05
C04694,Customer 04694,30,Female,Hyderabad,Telangana,Student,Premium,2020-10-31
C04695,Customer 04695,70,Male,Warangal,Telangana,Salaried,Affluent,2018-05-24
C04696,Customer 04696,54,Female,Jaipur,Rajasthan,Business,Mass Affluent,2018-12-30
C04697,Customer 04697,32,Male,New Delhi,Delhi,Retired,Mass,2024-04-08
C04698,Customer 04698,52,Male,Hyderabad,Telangana,Salaried,Premium,2021-01-08
C04699,Customer 04699,69,Male,Coimbatore,Tamil Nadu,Business,Mass Affluent,2022-04-07
C04700,Customer 04700,68,Male,Mumbai,Maharashtra,Salaried,Mass Affluent,2022-07-25
C04701,Customer 04701,32,Male,Pune,Maharashtra,Salaried,Mass Affluent,2021-05-16
C04702,Customer 04702,25,Female,Mumbai,Maharashtra,Salaried,Affluent,2019-03-04
C04703,Customer 04703,54,Male,Kolkata,West Bengal,Business,Premium,2024-05-02
C04704,Customer 04704,28,Male,Mumbai,Maharashtra,Self-Employed,Affluent,2019-03-10
C04705,Customer 04705,49,Female,Mysuru,Karnataka,Salaried,Mass Affluent,2024-12-26
C04706,Customer 04706,37,Male,Mumbai,Maharashtra,Retired,Mass Affluent,2018-11-04
C04707,Customer 04707,68,Male,Vijayawada,Andhra Pradesh,Student,Affluent,2021-05-09
C04708,Customer 04708,39,Male,Bengaluru,Karnataka,Self-Employed,Mass Affluent,2019-04-02
C04709,Customer 04709,29,Male,Pune,Maharashtra,Self-Employed,Affluent,2021-08-31
C04710,Customer 04710,50,Male,Kolkata,West Bengal,Business,Affluent,2024-04-10
C04711,Customer 04711,49,Male,Jodhpur,Rajasthan,Business,Mass,2025-05-03
C04712,Customer 04712,47,Male,Pune,Maharashtra,Retired,Premium,2021-07-12
C04713,Customer 04713,49,Male,Warangal,Telangana,Self-Employed,Affluent,2020-01-16
C04714,Customer 04714,49,Female,Ahmedabad,Gujarat,Retired,Mass,2021-06-06
C04715,Customer 04715,22,Female,Jaipur,Rajasthan,Salaried,Mass Affluent,2024-12-14
C04716,Customer 04716,60,Female,Lucknow,Uttar Pradesh,Retired,Mass Affluent,2024-06-25
C04717,Customer 04717,21,Male,Jaipur,Rajasthan,Self-Employed,Mass,2021-02-21
C04718,Customer 04718,40,Female,Coimbatore,Tamil Nadu,Student,Mass Affluent,2024-07-08
C04719,Customer 04719,53,Male,Chennai,Tamil Nadu,Retired,Affluent,2025-06-19
C04720,Customer 04720,59,Female,Hyderabad,Telangana,Salaried,Premium,2021-02-16
C04721,Customer 04721,23,Male,Visakhapatnam,Andhra Pradesh,Self-Employed,Premium,2021-08-28
C04722,Customer 04722,31,Male,Mysuru,Karnataka,Self-Employed,Mass Affluent,2023-09-06
C04723,Customer 04723,65,Male,Mumbai,Maharashtra,Student,Mass,2021-12-01
C04724,Customer 04724,36,Male,Kolkata,West Bengal,Business,Premium,2018-02-04
C04725,Customer 04725,69,Male,Mysuru,Karnataka,Retired,Mass,2022-12-10
C04726,Customer 04726,49,Male,Mumbai,Maharashtra,Self-Employed,Affluent,2025-07-30
C04727,Customer 04727,40,Male,Surat,Gujarat,Retired,Mass,2021-10-19
C04728,Customer 04728,62,Female,New Delhi,Delhi,Business,Mass Affluent,2020-09-08
C04729,Customer 04729,24,Female,Warangal,Telangana,Self-Employed,Mass,2018-03-18
C04730,Customer 04730,48,Male,Warangal,Telangana,Self-Employed,Mass,2023-01-03
C04731,Customer 04731,36,Male,Pune,Maharashtra,Student,Affluent,2018-05-06
C04732,Customer 04732,29,Male,Bengaluru,Karnataka,Student,Mass,2022-11-18
C04733,Customer 04733,58,Female,Jaipur,Rajasthan,Business,Mass Affluent,2023-08-13
C04734,Customer 04734,49,Male,Jodhpur,Rajasthan,Business,Mass,2024-07-26
C04735,Customer 04735,63,Female,Lucknow,Uttar Pradesh,Business,Mass Affluent,2025-07-31
C04736,Customer 04736,32,Male,Kolkata,West Bengal,Student,Mass,2018-12-08
C04737,Customer 04737,49,Male,Mumbai,Maharashtra,Retired,Mass,2025-08-30
C04738,Customer 04738,23,Female,New Delhi,Delhi,Salaried,Mass,2020-09-20
C04739,Customer 04739,34,Female,New Delhi,Delhi,Salaried,Mass Affluent,2025-07-01
C04740,Customer 04740,53,Male,Kolkata,West Bengal,Self-Employed,Mass,2023-02-28
C04741,Customer 04741,44,Female,Bengaluru,Karnataka,Business,Affluent,2021-05-28
C04742,Customer 04742,34,Male,Bengaluru,Karnataka,Salaried,Mass,2023-04-18
C04743,Customer 04743,64,Female,Pune,Maharashtra,Self-Employed,Mass,2019-10-07
C04744,Customer 04744,66,Male,New Delhi,Delhi,Self-Employed,Premium,2019-09-23
C04745,Customer 04745,22,Female,Jaipur,Rajasthan,Business,Mass Affluent,2022-04-08
C04746,Customer 04746,33,Female,New Delhi,Delhi,Self-Employed,Mass,2024-04-24
C04747,Customer 04747,26,Female,Lucknow,Uttar Pradesh,Business,Mass,2022-04-03
C04748,Customer 04748,30,Female,Kolkata,West Bengal,Salaried,Mass Affluent,2020-01-30
C04749,Customer 04749,24,Male,New Delhi,Delhi,Retired,Mass Affluent,2025-02-10
C04750,Customer 04750,32,Female,New Delhi,Delhi,Salaried,Mass,2021-03-30
C04751,Customer 04751,35,Female,Ahmedabad,Gujarat,Retired,Mass,2021-12-17
C04752,Customer 04752,24,Male,Kolkata,West Bengal,Retired,Affluent,2025-01-08
C04753,Customer 04753,56,Male,Noida,Uttar Pradesh,Salaried,Mass,2019-11-29
C04754,Customer 04754,46,Male,Warangal,Telangana,Retired,Mass Affluent,2022-11-28
C04755,Customer 04755,47,Female,Mumbai,Maharashtra,Salaried,Mass Affluent,2018-07-27
C04756,Customer 04756,27,Male,Noida,Uttar Pradesh,Retired,Mass,2019-04-12
C04757,Customer 04757,48,Male,Mysuru,Karnataka,Salaried,Mass,2020-03-22
C04758,Customer 04758,28,Female,Ahmedabad,Gujarat,Student,Premium,2018-12-27
C04759,Customer 04759,44,Male,Lucknow,Uttar Pradesh,Student,Mass,2024-12-07
C04760,Customer 04760,38,Male,Visakhapatnam,Andhra Pradesh,Salaried,Mass Affluent,2018-11-16
C04761,Customer 04761,44,Female,Pune,Maharashtra,Student,Mass,2022-03-11
C04762,Customer 04762,25,Male,Kolkata,West Bengal,Retired,Premium,2024-10-19
C04763,Customer 04763,29,Female,Vijayawada,Andhra Pradesh,Self-Employed,Premium,2018-06-25
C04764,Customer 04764,24,Female,Mysuru,Karnataka,Student,Mass,2025-05-22
C04765,Customer 04765,64,Male,Coimbatore,Tamil Nadu,Retired,Mass Affluent,2022-01-12
C04766,Customer 04766,60,Male,Chennai,Tamil Nadu,Self-Employed,Affluent,2022-09-26
C04767,Customer 04767,36,Female,Hyderabad,Telangana,Self-Employed,Mass,2020-02-22
C04768,Customer 04768,54,Female,New Delhi,Delhi,Retired,Mass Affluent,2021-01-14
C04769,Customer 04769,65,Male,Mumbai,Maharashtra,Self-Employed,Mass,2020-01-14
C04770,Customer 04770,69,Male,Chennai,Tamil Nadu,Retired,Premium,2022-09-10
C04771,Customer 04771,40,Male,Pune,Maharashtra,Business,Premium,2023-10-23
C04772,Customer 04772,46,Female,Hyderabad,Telangana,Retired,Premium,2022-05-29
C04773,Customer 04773,65,Female,Hyderabad,Telangana,Business,Mass Affluent,2020-12-26
C04774,Customer 04774,42,Female,Noida,Uttar Pradesh,Salaried,Mass,2018-10-01
C04775,Customer 04775,34,Male,Ahmedabad,Gujarat,Retired,Affluent,2021-08-16
C04776,Customer 04776,30,Female,Chennai,Tamil Nadu,Salaried,Premium,2019-04-21
C04777,Customer 04777,45,Female,Jodhpur,Rajasthan,Self-Employed,Affluent,2018-12-27
C04778,Customer 04778,49,Male,New Delhi,Delhi,Self-Employed,Premium,2021-01-27
C04779,Customer 04779,38,Male,Kolkata,West Bengal,Salaried,Premium,2023-08-08
C04780,Customer 04780,66,Female,Chennai,Tamil Nadu,Business,Mass,2020-12-23
C04781,Customer 04781,41,Male,Visakhapatnam,Andhra Pradesh,Student,Mass,2019-04-07
C04782,Customer 04782,59,Male,Noida,Uttar Pradesh,Self-Employed,Mass,2023-11-09
C04783,Customer 04783,24,Female,Chennai,Tamil Nadu,Student,Mass Affluent,2025-01-06
C04784,Customer 04784,34,Male,Coimbatore,Tamil Nadu,Salaried,Mass,2020-12-30
C04785,Customer 04785,38,Male,Hyderabad,Telangana,Student,Mass,2020-07-14
C04786,Customer 04786,61,Female,Chennai,Tamil Nadu,Student,Premium,2025-01-29
C04787,Customer 04787,32,Male,Noida,Uttar Pradesh,Salaried,Mass,2022-06-01
C04788,Customer 04788,52,Male,Coimbatore,Tamil Nadu,Student,Premium,2023-07-23
C04789,Customer 04789,30,Female,Coimbatore,Tamil Nadu,Self-Employed,Premium,2023-03-09
C04790,Customer 04790,29,Female,Kolkata,West Bengal,Retired,Premium,2019-04-26
C04791,Customer 04791,46,Female,Bengaluru,Karnataka,Student,Affluent,2024-11-14
C04792,Customer 04792,26,Female,Chennai,Tamil Nadu,Business,Mass Affluent,2020-12-29
C04793,Customer 04793,60,Female,Surat,Gujarat,Retired,Affluent,2018-06-10
C04794,Customer 04794,36,Female,Bengaluru,Karnataka,Business,Mass,2018-04-04
C04795,Customer 04795,32,Female,Chennai,Tamil Nadu,Retired,Mass Affluent,2019-07-24
C04796,Customer 04796,63,Male,Visakhapatnam,Andhra Pradesh,Salaried,Affluent,2018-04-20
C04797,Customer 04797,21,Female,New Delhi,Delhi,Self-Employed,Mass,2023-10-19
C04798,Customer 04798,45,Male,Jodhpur,Rajasthan,Retired,Mass,2025-04-14
C04799,Customer 04799,25,Female,Visakhapatnam,Andhra Pradesh,Business,Premium,2020-06-11
C04800,Customer 04800,46,Female,Jodhpur,Rajasthan,Self-Employed,Mass Affluent,2022-02-06
C04801,Customer 04801,22,Male,Kolkata,West Bengal,Retired,Premium,2021-05-03
C04802,Customer 04802,67,Male,Warangal,Telangana,Retired,Affluent,2025-05-19
C04803,Customer 04803,29,Male,Coimbatore,Tamil Nadu,Salaried,Mass,2025-05-08
C04804,Customer 04804,33,Female,Chennai,Tamil Nadu,Salaried,Mass Affluent,2020-01-06
C04805,Customer 04805,47,Male,Vijayawada,Andhra Pradesh,Salaried,Premium,2018-04-07
C04806,Customer 04806,44,Female,Noida,Uttar Pradesh,Business,Mass Affluent,2020-05-11
C04807,Customer 04807,44,Male,Chennai,Tamil Nadu,Business,Premium,2022-04-24
C04808,Customer 04808,27,Male,Noida,Uttar Pradesh,Student,Mass,2023-09-27
C04809,Customer 04809,63,Male,Coimbatore,Tamil Nadu,Retired,Premium,2023-11-16
C04810,Customer 04810,59,Female,New Delhi,Delhi,Self-Employed,Mass Affluent,2024-09-04
C04811,Customer 04811,29,Male,Mysuru,Karnataka,Student,Premium,2021-08-12
C04812,Customer 04812,61,Male,Vijayawada,Andhra Pradesh,Business,Mass,2018-12-12
C04813,Customer 04813,47,Male,New Delhi,Delhi,Student,Mass,2021-04-29
C04814,Customer 04814,41,Female,Jaipur,Rajasthan,Salaried,Affluent,2019-12-15
C04815,Customer 04815,42,Male,New Delhi,Delhi,Student,Mass Affluent,2021-06-17
C04816,Customer 04816,54,Female,Visakhapatnam,Andhra Pradesh,Business,Mass,2022-09-03
C04817,Customer 04817,70,Female,Pune,Maharashtra,Retired,Mass,2020-11-08
C04818,Customer 04818,58,Male,New Delhi,Delhi,Retired,Premium,2022-02-10
C04819,Customer 04819,32,Female,Jodhpur,Rajasthan,Salaried,Affluent,2024-03-16
C04820,Customer 04820,22,Female,Bengaluru,Karnataka,Retired,Premium,2019-11-29
C04821,Customer 04821,59,Male,Vijayawada,Andhra Pradesh,Retired,Mass,2023-05-03
C04822,Customer 04822,56,Male,Jaipur,Rajasthan,Self-Employed,Affluent,2020-01-31
C04823,Customer 04823,66,Male,Surat,Gujarat,Self-Employed,Mass,2021-10-14
C04824,Customer 04824,61,Female,Vijayawada,Andhra Pradesh,Business,Mass,2022-07-31
C04825,Customer 04825,57,Male,Jodhpur,Rajasthan,Retired,Mass Affluent,2025-05-10
C04826,Customer 04826,39,Male,Warangal,Telangana,Salaried,Premium,2023-05-11
C04827,Customer 04827,41,Male,Surat,Gujarat,Self-Employed,Premium,2021-01-26
C04828,Customer 04828,26,Female,Kolkata,West Bengal,Self-Employed,Mass,2021-01-03
C04829,Customer 04829,64,Female,Ahmedabad,Gujarat,Student,Affluent,2022-09-30
C04830,Customer 04830,69,Male,Lucknow,Uttar Pradesh,Self-Employed,Affluent,2025-08-16
C04831,Customer 04831,28,Female,Pune,Maharashtra,Salaried,Mass,2025-05-09
C04832,Customer 04832,30,Female,New Delhi,Delhi,Salaried,Mass Affluent,2019-07-21
C04833,Customer 04833,23,Female,Hyderabad,Telangana,Business,Premium,2021-12-31
C04834,Customer 04834,61,Male,Jodhpur,Rajasthan,Student,Mass,2023-01-23
C04835,Customer 04835,38,Male,Noida,Uttar Pradesh,Salaried,Premium,2025-06-08
C04836,Customer 04836,53,Female,Ahmedabad,Gujarat,Business,Mass,2024-11-21
C04837,Customer 04837,67,Female,Pune,Maharashtra,Self-Employed,Mass,2024-08-10
C04838,Customer 04838,64,Female,Surat,Gujarat,Business,Mass,2021-12-07
C04839,Customer 04839,68,Male,Mysuru,Karnataka,Student,Affluent,2020-03-08
C04840,Customer 04840,31,Male,Jaipur,Rajasthan,Salaried,Mass Affluent,2024-07-29
C04841,Customer 04841,40,Female,Hyderabad,Telangana,Self-Employed,Mass Affluent,2018-07-11
C04842,Customer 04842,28,Female,New Delhi,Delhi,Business,Mass Affluent,2020-09-28
C04843,Customer 04843,51,Female,Visakhapatnam,Andhra Pradesh,Salaried,Mass,2021-05-16
C04844,Customer 04844,27,Female,Kolkata,West Bengal,Salaried,Affluent,2025-01-10
C04845,Customer 04845,21,Female,Pune,Maharashtra,Self-Employed,Mass Affluent,2018-11-26
C04846,Customer 04846,32,Female,Bengaluru,Karnataka,Self-Employed,Affluent,2025-03-27
C04847,Customer 04847,63,Male,Chennai,Tamil Nadu,Retired,Premium,2020-08-26
C04848,Customer 04848,36,Male,Bengaluru,Karnataka,Business,Affluent,2021-03-23
C04849,Customer 04849,23,Female,Noida,Uttar Pradesh,Retired,Affluent,2022-09-06
C04850,Customer 04850,40,Male,Warangal,Telangana,Salaried,Mass,2021-11-06
C04851,Customer 04851,63,Male,Pune,Maharashtra,Self-Employed,Mass Affluent,2022-06-29
C04852,Customer 04852,28,Male,Mumbai,Maharashtra,Salaried,Mass,2019-05-23
C04853,Customer 04853,30,Female,Lucknow,Uttar Pradesh,Retired,Affluent,2020-02-02
C04854,Customer 04854,41,Female,Hyderabad,Telangana,Salaried,Mass Affluent,2022-07-22
C04855,Customer 04855,62,Female,Bengaluru,Karnataka,Salaried,Mass Affluent,2018-09-29
C04856,Customer 04856,41,Male,Mysuru,Karnataka,Retired,Affluent,2019-09-29
C04857,Customer 04857,23,Female,Surat,Gujarat,Business,Mass,2024-11-12
C04858,Customer 04858,51,Male,Chennai,Tamil Nadu,Self-Employed,Mass,2021-10-01
C04859,Customer 04859,32,Male,Ahmedabad,Gujarat,Student,Mass Affluent,2020-01-22
C04860,Customer 04860,40,Female,New Delhi,Delhi,Student,Affluent,2018-04-18
C04861,Customer 04861,53,Male,Vijayawada,Andhra Pradesh,Salaried,Mass,2023-11-09
C04862,Customer 04862,37,Female,Warangal,Telangana,Salaried,Affluent,2024-05-07
C04863,Customer 04863,70,Female,Chennai,Tamil Nadu,Salaried,Affluent,2024-12-23
C04864,Customer 04864,33,Female,Vijayawada,Andhra Pradesh,Retired,Mass Affluent,2022-12-03
C04865,Customer 04865,65,Male,New Delhi,Delhi,Self-Employed,Mass,2019-03-21
C04866,Customer 04866,28,Female,Visakhapatnam,Andhra Pradesh,Self-Employed,Affluent,2023-01-13
C04867,Customer 04867,46,Female,Vijayawada,Andhra Pradesh,Student,Mass Affluent,2023-06-22
C04868,Customer 04868,52,Female,Mumbai,Maharashtra,Self-Employed,Mass Affluent,2021-07-09
C04869,Customer 04869,37,Male,Bengaluru,Karnataka,Student,Mass Affluent,2022-06-27
C04870,Customer 04870,28,Female,Chennai,Tamil Nadu,Business,Mass,2019-06-01
C04871,Customer 04871,44,Male,Jaipur,Rajasthan,Student,Premium,2019-07-02
C04872,Customer 04872,66,Male,Lucknow,Uttar Pradesh,Self-Employed,Mass,2025-01-19
C04873,Customer 04873,68,Male,Lucknow,Uttar Pradesh,Business,Premium,2024-05-21
C04874,Customer 04874,67,Female,Jodhpur,Rajasthan,Retired,Mass Affluent,2024-08-18
C04875,Customer 04875,62,Male,Hyderabad,Telangana,Salaried,Mass,2022-01-18
C04876,Customer 04876,30,Female,Hyderabad,Telangana,Salaried,Mass Affluent,2018-06-30
C04877,Customer 04877,53,Male,Jaipur,Rajasthan,Self-Employed,Mass Affluent,2020-05-12
C04878,Customer 04878,57,Male,Noida,Uttar Pradesh,Business,Mass,2019-12-10
C04879,Customer 04879,22,Female,Ahmedabad,Gujarat,Self-Employed,Mass,2020-01-13
C04880,Customer 04880,29,Female,Jaipur,Rajasthan,Salaried,Premium,2018-08-12
C04881,Customer 04881,47,Female,New Delhi,Delhi,Student,Mass,2020-07-02
C04882,Customer 04882,54,Male,Kolkata,West Bengal,Retired,Mass,2023-08-04
C04883,Customer 04883,58,Female,Lucknow,Uttar Pradesh,Student,Mass,2024-01-29
C04884,Customer 04884,36,Female,Surat,Gujarat,Self-Employed,Mass,2020-09-26
C04885,Customer 04885,67,Male,Bengaluru,Karnataka,Student,Mass Affluent,2021-02-11
C04886,Customer 04886,34,Female,Ahmedabad,Gujarat,Retired,Mass Affluent,2021-07-22
C04887,Customer 04887,29,Male,Jodhpur,Rajasthan,Student,Mass Affluent,2025-01-13
C04888,Customer 04888,52,Male,Jodhpur,Rajasthan,Student,Mass,2022-07-31
C04889,Customer 04889,41,Female,Visakhapatnam,Andhra Pradesh,Self-Employed,Mass Affluent,2019-02-16
C04890,Customer 04890,66,Male,New Delhi,Delhi,Retired,Affluent,2022-04-29
C04891,Customer 04891,68,Male,Kolkata,West Bengal,Salaried,Mass Affluent,2022-12-24
C04892,Customer 04892,48,Female,Vijayawada,Andhra Pradesh,Student,Mass Affluent,2020-04-25
C04893,Customer 04893,58,Female,Hyderabad,Telangana,Retired,Mass,2024-12-01
C04894,Customer 04894,24,Male,Jaipur,Rajasthan,Salaried,Mass,2019-06-08
C04895,Customer 04895,64,Male,Warangal,Telangana,Business,Premium,2018-10-05
C04896,Customer 04896,59,Female,Jaipur,Rajasthan,Retired,Mass,2019-06-17
C04897,Customer 04897,35,Male,Mysuru,Karnataka,Business,Mass,2023-08-04
C04898,Customer 04898,37,Male,Pune,Maharashtra,Retired,Mass,2025-02-19
C04899,Customer 04899,41,Female,Bengaluru,Karnataka,Business,Premium,2018-06-18
C04900,Customer 04900,56,Female,Noida,Uttar Pradesh,Salaried,Affluent,2023-07-25
C04901,Customer 04901,25,Female,Warangal,Telangana,Salaried,Affluent,2020-03-04
C04902,Customer 04902,29,Male,Lucknow,Uttar Pradesh,Student,Premium,2020-11-08
C04903,Customer 04903,46,Female,Pune,Maharashtra,Salaried,Mass,2025-07-30
C04904,Customer 04904,43,Female,New Delhi,Delhi,Retired,Affluent,2022-09-04
C04905,Customer 04905,62,Female,Jaipur,Rajasthan,Self-Employed,Mass,2021-06-26
C04906,Customer 04906,42,Female,Kolkata,West Bengal,Student,Mass Affluent,2019-03-08
C04907,Customer 04907,64,Male,Warangal,Telangana,Business,Mass,2019-10-11
C04908,Customer 04908,56,Male,New Delhi,Delhi,Retired,Mass Affluent,2023-12-06
C04909,Customer 04909,39,Female,Hyderabad,Telangana,Self-Employed,Affluent,2021-08-11
C04910,Customer 04910,52,Male,Warangal,Telangana,Salaried,Premium,2019-09-25
C04911,Customer 04911,23,Male,Jaipur,Rajasthan,Retired,Mass,2018-06-30
C04912,Customer 04912,58,Female,New Delhi,Delhi,Business,Mass Affluent,2024-12-03
C04913,Customer 04913,48,Male,Hyderabad,Telangana,Self-Employed,Mass,2024-09-19
C04914,Customer 04914,61,Female,Surat,Gujarat,Salaried,Premium,2022-03-12
C04915,Customer 04915,37,Male,Jaipur,Rajasthan,Business,Mass,2020-02-02
C04916,Customer 04916,26,Female,Jaipur,Rajasthan,Business,Premium,2024-11-08
C04917,Customer 04917,63,Male,Chennai,Tamil Nadu,Student,Mass,2021-07-03
C04918,Customer 04918,64,Male,Kolkata,West Bengal,Retired,Mass,2023-11-26
C04919,Customer 04919,49,Male,Vijayawada,Andhra Pradesh,Retired,Mass,2018-08-31
C04920,Customer 04920,58,Female,Mysuru,Karnataka,Salaried,Mass Affluent,2024-10-12
C04921,Customer 04921,55,Male,Vijayawada,Andhra Pradesh,Business,Mass Affluent,2019-04-04
C04922,Customer 04922,27,Male,Mysuru,Karnataka,Self-Employed,Affluent,2021-10-08
C04923,Customer 04923,39,Female,Jodhpur,Rajasthan,Student,Premium,2022-03-27
C04924,Customer 04924,26,Female,Jaipur,Rajasthan,Salaried,Affluent,2019-12-11
C04925,Customer 04925,39,Male,Mysuru,Karnataka,Student,Affluent,2021-10-30
C04926,Customer 04926,66,Female,New Delhi,Delhi,Salaried,Mass Affluent,2018-10-11
C04927,Customer 04927,25,Male,Kolkata,West Bengal,Student,Premium,2023-08-24
C04928,Customer 04928,63,Female,Bengaluru,Karnataka,Student,Premium,2022-08-01
C04929,Customer 04929,33,Male,Coimbatore,Tamil Nadu,Retired,Affluent,2025-02-15
C04930,Customer 04930,54,Female,Kolkata,West Bengal,Student,Mass,2025-01-18
C04931,Customer 04931,39,Male,Mumbai,Maharashtra,Salaried,Affluent,2020-10-02
C04932,Customer 04932,43,Male,Coimbatore,Tamil Nadu,Self-Employed,Affluent,2025-08-17
C04933,Customer 04933,30,Female,Kolkata,West Bengal,Self-Employed,Mass,2020-05-30
C04934,Customer 04934,25,Female,Jaipur,Rajasthan,Self-Employed,Mass,2022-09-15
C04935,Customer 04935,33,Female,Vijayawada,Andhra Pradesh,Retired,Affluent,2024-05-02
C04936,Customer 04936,25,Male,Surat,Gujarat,Business,Mass,2023-05-27
C04937,Customer 04937,61,Male,Jodhpur,Rajasthan,Retired,Mass,2025-01-23
C04938,Customer 04938,55,Female,Ahmedabad,Gujarat,Retired,Mass Affluent,2018-06-05
C04939,Customer 04939,30,Female,Coimbatore,Tamil Nadu,Salaried,Premium,2021-09-04
C04940,Customer 04940,53,Female,Hyderabad,Telangana,Business,Mass,2020-12-06
C04941,Customer 04941,39,Female,Surat,Gujarat,Retired,Affluent,2024-12-26
C04942,Customer 04942,25,Male,Visakhapatnam,Andhra Pradesh,Student,Mass,2018-12-29
C04943,Customer 04943,49,Male,Chennai,Tamil Nadu,Business,Mass,2018-06-24
C04944,Customer 04944,53,Female,Jaipur,Rajasthan,Retired,Mass,2025-04-24
C04945,Customer 04945,70,Female,Coimbatore,Tamil Nadu,Self-Employed,Mass,2020-10-31
C04946,Customer 04946,23,Female,Jodhpur,Rajasthan,Salaried,Affluent,2018-08-10
C04947,Customer 04947,36,Female,Pune,Maharashtra,Retired,Mass,2020-07-23
C04948,Customer 04948,33,Male,Kolkata,West Bengal,Student,Premium,2020-07-07
C04949,Customer 04949,31,Male,Mumbai,Maharashtra,Business,Mass Affluent,2022-07-26
C04950,Customer 04950,68,Female,Noida,Uttar Pradesh,Business,Mass,2023-11-16
C04951,Customer 04951,40,Female,Hyderabad,Telangana,Self-Employed,Mass,2021-03-10
C04952,Customer 04952,28,Female,Jaipur,Rajasthan,Business,Affluent,2023-01-26
C04953,Customer 04953,43,Female,Kolkata,West Bengal,Student,Premium,2024-07-17
C04954,Customer 04954,54,Female,New Delhi,Delhi,Student,Mass,2022-01-04
C04955,Customer 04955,51,Male,Kolkata,West Bengal,Retired,Affluent,2019-03-14
C04956,Customer 04956,50,Male,Mumbai,Maharashtra,Self-Employed,Mass Affluent,2019-07-10
C04957,Customer 04957,57,Female,Hyderabad,Telangana,Business,Mass,2025-06-30
C04958,Customer 04958,27,Female,Ahmedabad,Gujarat,Salaried,Affluent,2021-03-31
C04959,Customer 04959,67,Male,Lucknow,Uttar Pradesh,Self-Employed,Premium,2022-05-13
C04960,Customer 04960,68,Female,Hyderabad,Telangana,Retired,Mass,2024-08-30
C04961,Customer 04961,56,Male,Kolkata,West Bengal,Salaried,Mass,2022-11-03
C04962,Customer 04962,40,Female,Surat,Gujarat,Salaried,Affluent,2024-08-16
C04963,Customer 04963,44,Male,Chennai,Tamil Nadu,Salaried,Affluent,2025-01-02
C04964,Customer 04964,32,Male,Surat,Gujarat,Student,Premium,2018-05-09
C04965,Customer 04965,41,Female,Mysuru,Karnataka,Self-Employed,Mass,2019-05-08
C04966,Customer 04966,30,Female,Kolkata,West Bengal,Student,Mass Affluent,2023-03-02
C04967,Customer 04967,54,Female,Bengaluru,Karnataka,Salaried,Mass,2021-12-20
C04968,Customer 04968,22,Male,Mysuru,Karnataka,Salaried,Mass,2023-06-11
C04969,Customer 04969,21,Male,Ahmedabad,Gujarat,Retired,Mass,2020-03-17
C04970,Customer 04970,44,Male,Coimbatore,Tamil Nadu,Business,Premium,2022-01-29
C04971,Customer 04971,43,Female,Warangal,Telangana,Self-Employed,Mass,2021-04-21
C04972,Customer 04972,26,Male,Surat,Gujarat,Self-Employed,Premium,2022-05-06
C04973,Customer 04973,56,Female,Lucknow,Uttar Pradesh,Salaried,Affluent,2025-07-19
C04974,Customer 04974,59,Female,Hyderabad,Telangana,Business,Mass Affluent,2024-01-15
C04975,Customer 04975,25,Female,Kolkata,West Bengal,Business,Premium,2019-05-29
C04976,Customer 04976,67,Female,Mumbai,Maharashtra,Self-Employed,Mass Affluent,2024-05-27
C04977,Customer 04977,70,Male,Mysuru,Karnataka,Student,Affluent,2024-08-31
C04978,Customer 04978,39,Female,Kolkata,West Bengal,Retired,Mass,2020-10-14
C04979,Customer 04979,54,Female,Jaipur,Rajasthan,Student,Mass Affluent,2021-02-22
C04980,Customer 04980,24,Female,Jodhpur,Rajasthan,Salaried,Premium,2022-04-17
C04981,Customer 04981,67,Female,Chennai,Tamil Nadu,Student,Premium,2024-12-27
C04982,Customer 04982,52,Female,Jodhpur,Rajasthan,Retired,Mass,2024-02-29
C04983,Customer 04983,69,Male,New Delhi,Delhi,Student,Mass,2018-02-05
C04984,Customer 04984,56,Female,Jaipur,Rajasthan,Retired,Mass,2022-12-21
C04985,Customer 04985,58,Female,Mumbai,Maharashtra,Salaried,Mass,2022-08-14
C04986,Customer 04986,50,Male,Lucknow,Uttar Pradesh,Student,Premium,2021-09-17
C04987,Customer 04987,31,Female,Chennai,Tamil Nadu,Self-Employed,Mass,2023-11-30
C04988,Customer 04988,21,Male,Lucknow,Uttar Pradesh,Student,Mass,2019-07-12
C04989,Customer 04989,47,Female,Hyderabad,Telangana,Salaried,Mass,2019-10-21
C04990,Customer 04990,68,Female,Lucknow,Uttar Pradesh,Salaried,Affluent,2024-04-17
C04991,Customer 04991,33,Male,Jodhpur,Rajasthan,Salaried,Affluent,2020-03-07
C04992,Customer 04992,34,Male,Hyderabad,Telangana,Salaried,Affluent,2025-03-22
C04993,Customer 04993,47,Male,Mysuru,Karnataka,Salaried,Mass,2025-06-27
C04994,Customer 04994,39,Male,Coimbatore,Tamil Nadu,Salaried,Mass,2024-10-23
C04995,Customer 04995,69,Female,Chennai,Tamil Nadu,Salaried,Mass Affluent,2020-04-15
C04996,Customer 04996,33,Male,Warangal,Telangana,Self-Employed,Affluent,2022-03-30
C04997,Customer 04997,69,Male,Jaipur,Rajasthan,Salaried,Mass,2020-06-01
C04998,Customer 04998,40,Female,Pune,Maharashtra,Business,Affluent,2019-07-16
C04999,Customer 04999,50,Female,New Delhi,Delhi,Self-Employed,Mass,2023-12-24
C05000,Customer 05000,27,Female,New Delhi,Delhi,Business,Premium,2021-07-02
