loan_id,customer_id,branch_id,loan_type,loan_amount,interest_rate,term_months,start_date,loan_status
L00001,C03426,B00301,Home Loan,1747334.58,11.63,24,2023-05-16,Active
L00002,C04405,B00201,Auto Loan,1661866.57,10.49,48,2025-01-05,Overdue
L00003,C01899,B00301,Education Loan,3457037.22,7.85,120,2025-02-15,Active
L00004,C00631,B00201,Education Loan,4525643.02,8.42,84,2024-10-17,Active
L00005,C01369,B00301,Personal Loan,2560963.55,14.09,60,2025-02-06,Active
L00006,C00591,B01001,Auto Loan,1151179.85,10.16,48,2024-06-10,Active
L00007,C04011,B00401,Business Loan,2361997.62,15.13,84,2024-01-28,Active
L00008,C02011,B00301,Personal Loan,71933.33,12.26,84,2024-05-01,Active
L00009,C03092,B00701,Personal Loan,531308.7,7.78,24,2024-12-21,Closed
L00010,C00139,B00701,Auto Loan,3746120.28,9.44,48,2024-04-14,Overdue
L00011,C00201,B00101,Home Loan,1648828.21,12.66,36,2025-05-03,Overdue
L00012,C03431,B00701,Personal Loan,4672040.28,8.54,36,2023-01-18,Active
L00013,C01573,B01001,Home Loan,877828.85,10.2,24,2025-01-21,Active
L00014,C00544,B01001,Education Loan,435303.98,8.81,12,2024-09-28,Active
L00015,C01614,B00101,Education Loan,1355304.6,9.14,120,2024-03-22,Active
L00016,C00072,B00401,Personal Loan,1448932.41,11.09,36,2024-08-04,Overdue
L00017,C01631,B00101,Business Loan,4364055.93,11.0,48,2023-07-16,Closed
L00018,C01750,B00901,Auto Loan,3882262.02,11.69,84,2025-07-05,Active
L00019,C03467,B00301,Education Loan,359302.06,11.12,12,2024-03-09,Active
L00020,C04231,B01001,Home Loan,708687.97,13.45,180,2025-02-23,Active
L00021,C03204,B00501,Home Loan,3185169.83,12.73,36,2025-09-21,Active
L00022,C03317,B00401,Auto Loan,2594215.3,9.12,36,2025-07-12,Closed
L00023,C01714,B00301,Education Loan,1049242.35,15.27,84,2023-04-06,Active
L00024,C04894,B00201,Personal Loan,3104028.58,7.69,48,2025-03-29,Active
L00025,C03492,B00401,Education Loan,431230.92,15.01,48,2024-02-29,Active
L00026,C02776,B00301,Business Loan,4511185.79,10.55,12,2023-04-05,Overdue
L00027,C03579,B00901,Business Loan,1991972.06,7.87,36,2023-01-26,Overdue
L00028,C02004,B00201,Education Loan,527151.78,15.44,84,2024-10-09,Closed
L00029,C01974,B00501,Education Loan,1520367.67,8.75,84,2024-05-09,Active
L00030,C01338,B00501,Education Loan,298443.13,8.69,180,2024-07-16,Active
L00031,C00952,B00201,Business Loan,4246864.92,10.62,24,2025-02-04,Overdue
L00032,C03665,B00801,Personal Loan,1490482.15,12.99,48,2024-11-15,Closed
L00033,C02130,B01001,Personal Loan,2020324.56,8.35,24,2024-05-06,Overdue
L00034,C00694,B00401,Home Loan,542201.01,9.36,48,2025-08-08,Overdue
L00035,C01267,B00501,Personal Loan,2572511.05,10.89,36,2024-05-12,Overdue
L00036,C03429,B01001,Personal Loan,999700.02,11.43,84,2024-08-06,Overdue
L00037,C00592,B00601,Personal Loan,2330564.6,11.68,48,2025-01-05,Overdue
L00038,C02027,B00901,Auto Loan,1309338.91,13.06,120,2023-07-18,Overdue
L00039,C01454,B00901,Home Loan,2390436.05,13.65,84,2023-10-06,Active
L00040,C00648,B00401,Business Loan,3099103.02,12.08,24,2025-02-03,Overdue
L00041,C03518,B00701,Home Loan,2968535.55,11.53,180,2025-04-26,Active
L00042,C02189,B00101,Business Loan,3164889.01,13.44,36,2024-07-24,Active
L00043,C02358,B01001,Personal Loan,1894234.15,12.74,180,2023-07-13,Closed
L00044,C04567,B00401,Education Loan,3346899.71,11.21,36,2024-02-14,Active
L00045,C02402,B00301,Home Loan,1088018.4,14.02,12,2023-10-22,Overdue
L00046,C03565,B00501,Auto Loan,3217315.4,7.97,36,2025-05-09,Closed
L00047,C00447,B00501,Business Loan,3761998.42,13.74,12,2025-03-28,Overdue
L00048,C00029,B01001,Personal Loan,1685509.12,8.78,60,2024-01-27,Overdue
L00049,C00967,B00601,Home Loan,2453050.9,12.12,120,2024-04-16,Active
L00050,C00587,B00301,Auto Loan,444959.19,11.87,48,2025-09-08,Active
L00051,C00848,B00201,Auto Loan,128727.39,11.57,12,2023-09-24,Closed
L00052,C03991,B00601,Education Loan,4569394.94,10.62,48,2023-08-22,Active
L00053,C03700,B00601,Home Loan,591081.91,12.45,60,2025-06-16,Closed
L00054,C02843,B00401,Home Loan,1880683.72,12.09,24,2024-10-26,Closed
L00055,C02432,B00301,Auto Loan,2863481.56,15.07,48,2023-12-26,Active
L00056,C04189,B00701,Home Loan,373418.59,12.99,24,2024-10-15,Overdue
L00057,C03402,B00301,Business Loan,3540023.14,12.38,120,2025-09-26,Active
L00058,C03646,B00601,Education Loan,1929068.22,13.94,180,2024-07-29,Active
L00059,C01182,B00701,Personal Loan,1710480.99,14.22,48,2025-02-09,Active
L00060,C03511,B00201,Business Loan,78211.92,12.1,84,2024-06-26,Closed
L00061,C03573,B00501,Education Loan,4955522.96,15.19,12,2025-03-14,Closed
L00062,C04729,B00401,Education Loan,1648403.74,14.87,84,2024-09-18,Closed
L00063,C00107,B00401,Business Loan,4002250.04,14.06,36,2025-07-05,Active
L00064,C01130,B00601,Auto Loan,4266488.19,8.3,12,2025-02-03,Active
L00065,C00603,B00501,Business Loan,4691345.38,15.3,120,2024-08-13,Active
L00066,C01747,B00201,Education Loan,95234.67,10.73,12,2025-01-19,Active
L00067,C00115,B00801,Business Loan,3117922.08,11.16,84,2024-03-06,Active
L00068,C00389,B01001,Education Loan,431497.42,13.97,12,2023-05-27,Active
L00069,C02437,B00201,Business Loan,1437921.17,12.22,120,2024-02-21,Overdue
L00070,C00797,B00101,Education Loan,4884243.16,13.26,60,2023-08-17,Active
L00071,C02186,B00301,Personal Loan,4398291.73,10.24,60,2025-04-16,Active
L00072,C04351,B00101,Business Loan,646512.78,9.01,60,2024-02-26,Active
L00073,C00585,B00201,Home Loan,4588928.51,14.15,60,2024-06-11,Active
L00074,C04277,B00301,Auto Loan,4679697.54,10.37,36,2024-01-20,Closed
L00075,C01539,B01001,Business Loan,4461314.31,7.58,120,2023-10-06,Active
L00076,C01196,B00301,Education Loan,2541877.64,12.73,12,2024-08-24,Overdue
L00077,C04552,B00201,Home Loan,373092.63,12.27,84,2024-07-17,Active
L00078,C00273,B01001,Education Loan,3266401.8,10.57,180,2023-11-25,Active
L00079,C01327,B00201,Personal Loan,1149705.96,7.86,36,2025-03-24,Overdue
L00080,C01588,B00601,Personal Loan,2272730.73,13.19,180,2024-12-06,Active
L00081,C02900,B00701,Personal Loan,445912.9,13.73,120,2024-05-07,Active
L00082,C02606,B00101,Auto Loan,2103981.36,14.12,48,2023-12-17,Active
L00083,C01827,B00501,Personal Loan,346911.63,13.24,36,2023-11-01,Overdue
L00084,C02734,B00401,Education Loan,1164920.75,15.11,24,2025-02-11,Active
L00085,C04966,B00501,Auto Loan,1999200.42,14.2,48,2024-05-05,Closed
L00086,C02262,B00701,Home Loan,4640495.92,9.25,12,2025-09-16,Overdue
L00087,C01717,B00501,Auto Loan,4290320.37,13.6,60,2025-06-18,Closed
L00088,C00348,B00401,Personal Loan,171634.59,11.45,36,2025-09-08,Active
L00089,C04047,B00301,Education Loan,2945353.83,12.33,84,2023-02-14,Active
L00090,C03334,B00901,Home Loan,3675204.18,11.28,84,2023-07-13,Active
L00091,C04044,B00601,Auto Loan,2996537.53,13.83,60,2023-05-16,Closed
L00092,C04974,B00301,Education Loan,4820751.75,10.8,36,2024-08-27,Closed
L00093,C01732,B00501,Personal Loan,1102078.24,11.82,120,2024-06-28,Active
L00094,C03252,B00601,Home Loan,907387.76,10.73,60,2024-10-23,Closed
L00095,C00005,B00101,Personal Loan,288839.35,11.47,48,2025-05-21,Active
L00096,C00910,B00501,Business Loan,1487275.99,8.53,180,2025-06-26,Active
L00097,C02971,B01001,Education Loan,4992263.46,13.15,48,2024-08-25,Overdue
L00098,C02274,B01001,Education Loan,1377945.05,12.11,84,2024-12-06,Active
L00099,C02503,B00301,Auto Loan,582941.24,13.22,60,2023-06-20,Overdue
L00100,C04999,B00701,Personal Loan,2205012.88,14.47,120,2023-10-11,Active
L00101,C02184,B00301,Auto Loan,1471713.36,8.25,60,2023-06-30,Closed
L00102,C04116,B00501,Business Loan,1246164.43,8.48,180,2024-11-12,Active
L00103,C04642,B00401,Auto Loan,4224794.62,9.42,24,2024-02-10,Closed
L00104,C01610,B00401,Auto Loan,2119482.43,14.67,24,2024-05-21,Active
L00105,C01167,B00901,Education Loan,950787.36,11.14,36,2024-11-14,Closed
L00106,C02544,B00601,Business Loan,4999620.26,13.59,120,2024-05-31,Active
L00107,C00606,B00401,Personal Loan,2988245.48,14.11,180,2023-09-01,Closed
L00108,C03389,B00601,Home Loan,4765982.1,12.67,36,2024-03-17,Active
L00109,C01832,B00601,Auto Loan,1113162.16,13.86,12,2024-10-17,Closed
L00110,C01649,B00601,Business Loan,3386759.57,13.76,36,2023-06-15,Overdue
L00111,C02174,B00101,Business Loan,1308826.98,12.18,120,2025-02-12,Active
L00112,C00871,B00301,Business Loan,2677890.43,7.54,120,2025-07-12,Active
L00113,C00561,B00501,Business Loan,685887.15,7.58,24,2024-02-22,Active
L00114,C02275,B00201,Business Loan,1199582.56,14.13,48,2025-04-24,Active
L00115,C02576,B00101,Personal Loan,2948482.18,13.76,84,2024-11-04,Active
L00116,C02219,B00101,Auto Loan,3721248.7,9.45,120,2024-06-27,Active
L00117,C01932,B00901,Personal Loan,1635671.34,10.37,36,2025-06-17,Active
L00118,C00996,B00301,Business Loan,2949058.27,13.97,60,2025-05-04,Active
L00119,C00258,B00401,Education Loan,2410297.28,12.61,36,2024-09-10,Closed
L00120,C01684,B00401,Education Loan,1857531.95,14.39,12,2024-09-21,Active
L00121,C01679,B00901,Personal Loan,4117950.45,13.23,60,2025-05-26,Closed
L00122,C04680,B00501,Personal Loan,1404468.64,12.47,180,2025-01-18,Active
L00123,C01006,B00801,Education Loan,4343818.69,13.57,36,2023-10-27,Closed
L00124,C00574,B00901,Auto Loan,2464396.14,12.98,180,2024-12-13,Active
L00125,C04950,B00901,Auto Loan,3445448.88,14.54,180,2023-03-24,Overdue
L00126,C02483,B00801,Education Loan,4052445.6,11.12,60,2023-03-20,Closed
L00127,C02368,B00401,Personal Loan,1903439.67,12.19,48,2025-03-13,Overdue
L00128,C04001,B00101,Home Loan,3079597.72,13.25,24,2024-10-27,Active
L00129,C04526,B00601,Home Loan,1819541.05,9.34,60,2024-11-19,Overdue
L00130,C02884,B00201,Auto Loan,2291668.76,10.25,60,2024-04-28,Closed
L00131,C01353,B00201,Education Loan,3696993.35,13.06,84,2023-05-24,Active
L00132,C00932,B00901,Auto Loan,3698895.48,8.22,180,2024-10-05,Active
L00133,C04558,B01001,Education Loan,343518.39,11.5,36,2023-06-12,Active
L00134,C02741,B00601,Personal Loan,2286555.21,8.53,120,2024-08-28,Closed
L00135,C01885,B00801,Home Loan,1432157.46,14.48,24,2025-05-15,Overdue
L00136,C00753,B00801,Personal Loan,1858171.31,13.11,24,2024-05-16,Active
L00137,C03970,B00801,Auto Loan,959368.88,12.08,48,2023-01-18,Overdue
L00138,C04379,B00101,Business Loan,3302938.21,15.37,60,2023-04-01,Active
L00139,C01271,B01001,Personal Loan,984138.62,13.3,12,2025-07-31,Active
L00140,C02979,B01001,Home Loan,4594230.05,9.29,60,2025-05-26,Overdue
L00141,C03696,B00501,Auto Loan,1049543.33,13.06,48,2023-11-27,Overdue
L00142,C00111,B00901,Personal Loan,4192630.98,8.16,60,2023-07-31,Active
L00143,C00725,B00301,Personal Loan,3366732.12,14.54,12,2023-03-22,Active
L00144,C00937,B00401,Business Loan,4781091.44,8.83,84,2024-12-02,Closed
L00145,C04914,B00401,Education Loan,3006005.48,15.0,120,2024-06-04,Closed
L00146,C01338,B00601,Education Loan,1804510.79,12.28,120,2023-12-16,Active
L00147,C00499,B00601,Business Loan,2609429.75,8.76,84,2025-05-26,Active
L00148,C04026,B00401,Auto Loan,1327839.76,13.47,12,2023-05-30,Active
L00149,C03652,B00901,Auto Loan,4665250.89,11.2,24,2023-05-02,Active
L00150,C04722,B00301,Auto Loan,1061137.3,12.99,12,2023-04-01,Active
L00151,C00013,B00901,Business Loan,1750520.17,8.07,60,2024-02-17,Active
L00152,C00322,B00101,Education Loan,4648344.81,12.17,48,2024-11-12,Active
L00153,C03332,B00501,Business Loan,4747355.06,8.77,36,2025-03-14,Closed
L00154,C04783,B01001,Home Loan,3599370.26,8.51,84,2023-01-12,Overdue
L00155,C04103,B00501,Personal Loan,4238565.64,9.05,12,2023-11-23,Active
L00156,C03631,B00401,Home Loan,2712355.64,12.35,24,2024-10-20,Active
L00157,C01050,B00901,Business Loan,3100606.2,8.04,24,2024-02-26,Active
L00158,C01515,B00301,Education Loan,1749643.51,11.75,12,2023-09-22,Active
L00159,C00262,B01001,Personal Loan,1846127.6,8.15,12,2024-11-27,Closed
L00160,C02313,B00301,Personal Loan,2836930.89,8.34,12,2023-10-14,Closed
L00161,C02646,B00301,Personal Loan,2875211.99,8.1,36,2025-07-27,Overdue
L00162,C04006,B00401,Auto Loan,1986119.11,14.55,12,2024-06-04,Closed
L00163,C02035,B00401,Personal Loan,3272540.48,9.17,120,2024-02-19,Active
L00164,C02690,B00901,Auto Loan,838793.54,14.87,36,2024-08-03,Active
L00165,C00026,B00601,Home Loan,3381502.08,14.72,180,2023-06-22,Overdue
L00166,C01847,B00101,Home Loan,4466785.53,9.99,84,2025-09-03,Overdue
L00167,C02408,B00401,Business Loan,943540.5,13.46,60,2023-01-10,Overdue
L00168,C00608,B00601,Home Loan,500131.16,8.95,180,2024-01-20,Active
L00169,C03569,B00101,Business Loan,1412252.86,8.34,84,2025-05-18,Active
L00170,C03521,B00401,Business Loan,4765368.98,13.2,24,2025-02-03,Active
L00171,C02309,B00601,Home Loan,2574211.58,13.02,24,2023-02-21,Active
L00172,C02894,B00101,Education Loan,1634460.9,14.61,180,2023-11-24,Active
L00173,C02696,B00301,Auto Loan,3769144.09,9.86,180,2025-03-21,Closed
L00174,C03413,B01001,Business Loan,2843009.84,12.47,60,2023-04-08,Active
L00175,C04998,B00501,Education Loan,1339929.99,8.47,24,2024-06-13,Active
L00176,C04406,B00201,Business Loan,595612.99,15.38,48,2024-11-17,Active
L00177,C02238,B00201,Auto Loan,4326966.96,8.02,12,2024-04-05,Closed
L00178,C01417,B00101,Business Loan,4801742.5,13.69,36,2025-01-17,Active
L00179,C02807,B00601,Personal Loan,336324.94,8.5,36,2024-02-09,Active
L00180,C02742,B00501,Education Loan,4586472.22,11.15,84,2023-10-16,Active
L00181,C04586,B00401,Home Loan,2105705.03,11.47,120,2025-05-13,Active
L00182,C04077,B00501,Personal Loan,3063835.41,9.12,48,2025-01-18,Overdue
L00183,C00243,B00801,Home Loan,1866648.0,13.75,36,2023-10-18,Active
L00184,C01929,B01001,Auto Loan,1173633.69,8.14,36,2023-04-16,Closed
L00185,C04587,B00301,Business Loan,2631366.78,14.3,180,2023-05-15,Active
L00186,C04711,B00101,Personal Loan,4278066.52,8.75,36,2023-09-11,Overdue
L00187,C03098,B01001,Education Loan,2788083.71,13.44,12,2024-11-18,Active
L00188,C03770,B00601,Business Loan,4907167.9,14.24,180,2023-10-16,Closed
L00189,C03281,B00901,Education Loan,3346899.81,15.43,180,2024-05-19,Overdue
L00190,C02385,B00501,Auto Loan,3976587.19,11.29,36,2023-02-26,Active
L00191,C02855,B00501,Personal Loan,4970366.23,10.93,12,2023-08-12,Active
L00192,C04437,B00901,Home Loan,3038712.12,10.11,84,2023-04-08,Active
L00193,C02288,B01001,Auto Loan,1672798.57,12.62,48,2025-06-01,Active
L00194,C00761,B00101,Home Loan,3404786.82,8.67,180,2025-08-08,Active
L00195,C01468,B00701,Business Loan,3278156.69,10.11,120,2025-08-20,Closed
L00196,C01745,B00901,Education Loan,2216266.62,12.79,24,2023-07-04,Active
L00197,C03688,B00501,Education Loan,1198296.24,11.98,84,2023-04-01,Active
L00198,C00190,B01001,Business Loan,282300.12,14.13,84,2024-02-29,Closed
L00199,C04908,B00401,Education Loan,2391402.78,14.3,120,2023-12-15,Active
L00200,C04324,B00601,Home Loan,1038587.5,13.21,36,2024-01-16,Overdue
L00201,C03104,B00601,Auto Loan,2680268.46,13.78,24,2023-06-27,Active
L00202,C02011,B00401,Business Loan,4046211.23,14.23,60,2024-04-15,Overdue
L00203,C00515,B00601,Auto Loan,3983392.99,13.78,12,2025-03-10,Overdue
L00204,C04359,B00101,Home Loan,4085510.71,12.04,84,2025-06-03,Active
L00205,C03264,B00701,Business Loan,768437.83,13.63,24,2024-01-10,Closed
L00206,C01781,B00701,Education Loan,1768922.19,15.45,12,2023-04-23,Active
L00207,C04209,B00601,Education Loan,1624569.26,14.26,120,2023-07-08,Active
L00208,C00355,B00501,Home Loan,3306439.0,12.51,84,2024-08-02,Active
L00209,C01800,B00301,Personal Loan,1643606.54,9.32,84,2025-08-23,Overdue
L00210,C02671,B00201,Personal Loan,1571630.53,11.26,84,2024-10-13,Active
L00211,C02771,B00801,Business Loan,2815837.75,8.37,180,2024-06-09,Active
L00212,C00358,B00401,Auto Loan,763485.67,14.84,36,2025-07-08,Active
L00213,C03853,B00401,Personal Loan,857883.04,15.0,24,2023-03-23,Closed
L00214,C00598,B01001,Personal Loan,4292789.24,9.99,60,2024-08-27,Active
L00215,C02904,B00101,Business Loan,4326803.78,9.86,48,2023-09-25,Active
L00216,C00731,B00501,Auto Loan,4291759.01,15.45,120,2025-06-12,Overdue
L00217,C03873,B00901,Personal Loan,2364895.96,11.82,120,2025-05-26,Overdue
L00218,C04686,B00701,Business Loan,4702034.01,13.18,36,2024-07-05,Overdue
L00219,C04852,B00501,Business Loan,2952284.84,13.03,120,2024-10-08,Overdue
L00220,C00529,B00701,Business Loan,3845134.41,14.21,120,2023-04-28,Active
L00221,C03828,B00901,Auto Loan,1747458.43,11.48,36,2025-01-28,Overdue
L00222,C02119,B00201,Personal Loan,3490312.98,12.61,12,2024-12-20,Overdue
L00223,C01754,B00501,Business Loan,1194720.05,13.37,180,2024-12-22,Active
L00224,C03475,B00101,Personal Loan,3182741.14,13.66,120,2025-01-02,Overdue
L00225,C04505,B00501,Auto Loan,1203262.79,9.25,84,2024-10-02,Overdue
L00226,C04168,B00401,Education Loan,2278827.3,11.84,24,2023-01-07,Active
L00227,C00913,B00501,Personal Loan,984245.7,7.71,24,2025-04-25,Active
L00228,C04317,B00201,Auto Loan,1282043.95,15.03,48,2024-12-20,Overdue
L00229,C03372,B00601,Personal Loan,2957464.12,8.15,24,2023-08-12,Active
L00230,C04159,B00201,Personal Loan,3034914.69,14.79,120,2024-05-14,Active
L00231,C01809,B00201,Education Loan,1887864.89,10.5,120,2023-01-14,Active
L00232,C02421,B00301,Business Loan,2353186.86,8.66,36,2023-07-30,Overdue
L00233,C02942,B00201,Auto Loan,3267127.49,14.95,120,2024-09-26,Active
L00234,C00411,B00501,Business Loan,1886321.5,14.83,120,2024-08-01,Active
L00235,C01767,B00101,Education Loan,2256867.18,8.42,12,2024-07-18,Overdue
L00236,C03250,B00601,Auto Loan,4684189.53,9.96,120,2025-04-28,Active
L00237,C03846,B00101,Auto Loan,1073213.61,7.64,12,2025-06-09,Active
L00238,C03843,B00501,Home Loan,1549323.34,13.56,24,2024-11-18,Active
L00239,C01167,B00501,Business Loan,3293373.81,11.53,120,2025-06-08,Active
L00240,C00383,B00101,Education Loan,4592910.2,10.54,24,2024-03-23,Active
L00241,C02049,B00301,Education Loan,3183787.86,9.85,12,2023-01-17,Closed
L00242,C02591,B01001,Education Loan,1646206.57,12.65,48,2025-05-28,Active
L00243,C03135,B00801,Personal Loan,3815225.54,12.25,60,2025-05-20,Overdue
L00244,C00054,B00401,Home Loan,3787158.09,10.43,24,2023-11-29,Active
L00245,C03073,B01001,Education Loan,1346462.93,9.22,12,2023-01-07,Overdue
L00246,C00404,B00401,Personal Loan,4629575.23,9.71,84,2025-01-01,Overdue
L00247,C01601,B00401,Auto Loan,468171.19,7.89,24,2025-06-29,Overdue
L00248,C00078,B00201,Business Loan,3157856.91,11.23,12,2025-06-03,Overdue
L00249,C01157,B00201,Education Loan,370951.24,12.59,12,2025-06-23,Overdue
L00250,C04186,B00301,Personal Loan,1052402.04,11.66,120,2023-11-17,Active
L00251,C02680,B00601,Home Loan,2427601.31,8.23,180,2023-01-19,Closed
L00252,C03942,B00201,Education Loan,4434946.32,14.88,60,2024-05-19,Overdue
L00253,C02878,B01001,Education Loan,635588.99,12.02,120,2023-06-06,Active
L00254,C01322,B00201,Home Loan,4251108.22,9.96,48,2025-07-08,Overdue
L00255,C00062,B00401,Business Loan,2515720.51,13.61,180,2025-01-18,Active
L00256,C02843,B00501,Personal Loan,3185528.96,12.71,48,2024-07-12,Active
L00257,C00838,B00501,Education Loan,594861.15,8.46,120,2025-01-14,Active
L00258,C02499,B00901,Education Loan,4795099.2,12.53,120,2025-08-31,Overdue
L00259,C00108,B00501,Home Loan,3081012.29,7.54,12,2025-06-02,Active
L00260,C02601,B00901,Home Loan,4527411.22,8.71,24,2024-07-07,Closed
L00261,C02575,B01001,Personal Loan,2293311.34,8.41,180,2023-10-08,Active
L00262,C02176,B00401,Education Loan,2547907.07,7.56,48,2024-03-28,Active
L00263,C04840,B00601,Auto Loan,2328857.73,9.51,12,2025-07-30,Active
L00264,C00334,B00501,Education Loan,1808279.16,10.53,84,2024-08-27,Closed
L00265,C00488,B00601,Personal Loan,1348504.75,11.28,120,2024-12-06,Closed
L00266,C00323,B00901,Business Loan,4135072.92,9.41,48,2025-07-09,Active
L00267,C00928,B00301,Business Loan,2379131.72,13.32,12,2023-11-02,Closed
L00268,C03125,B00801,Education Loan,4356781.22,9.36,48,2023-12-29,Overdue
L00269,C01422,B00401,Business Loan,3966489.45,14.72,24,2023-06-12,Overdue
L00270,C04017,B00901,Home Loan,4496767.25,8.39,84,2024-10-15,Closed
L00271,C00078,B00401,Auto Loan,4725800.9,11.13,84,2023-06-16,Closed
L00272,C02330,B00601,Home Loan,863488.88,11.44,48,2023-04-27,Active
L00273,C04629,B00401,Education Loan,2433348.82,15.41,120,2023-10-17,Overdue
L00274,C03338,B00301,Auto Loan,1224087.72,12.6,48,2023-08-05,Overdue
L00275,C02267,B00201,Home Loan,3872295.4,8.89,180,2023-05-25,Active
L00276,C03124,B00101,Business Loan,1583382.36,8.53,84,2024-02-07,Active
L00277,C04036,B00501,Personal Loan,1524538.69,15.4,12,2024-07-09,Active
L00278,C01856,B00801,Home Loan,1637241.89,12.72,120,2024-07-24,Active
L00279,C04057,B00601,Home Loan,1333013.89,11.81,24,2025-09-16,Active
L00280,C02719,B00101,Personal Loan,4986137.65,13.98,24,2023-06-14,Active
L00281,C02811,B01001,Auto Loan,932924.68,8.35,12,2023-01-15,Active
L00282,C00728,B00201,Home Loan,2502779.89,8.68,180,2025-02-21,Active
L00283,C02056,B00401,Education Loan,3874483.53,10.37,180,2023-04-18,Closed
L00284,C03841,B00201,Education Loan,3740253.45,14.58,84,2024-08-21,Overdue
L00285,C03452,B00101,Personal Loan,609847.74,7.84,24,2025-03-29,Overdue
L00286,C00402,B00601,Personal Loan,1541520.97,9.85,84,2025-08-27,Closed
L00287,C00285,B00101,Auto Loan,3743032.49,9.81,24,2024-07-10,Active
L00288,C02880,B00801,Home Loan,96436.91,9.75,120,2023-10-21,Active
L00289,C04102,B00401,Education Loan,4266618.56,15.35,12,2025-08-10,Active
L00290,C04547,B00601,Auto Loan,1777935.64,9.72,48,2025-04-19,Active
L00291,C04961,B00901,Auto Loan,1796553.69,13.66,84,2024-09-27,Overdue
L00292,C03584,B00101,Personal Loan,4608384.18,12.72,24,2024-03-05,Closed
L00293,C00911,B00801,Personal Loan,3291848.61,10.89,36,2024-10-08,Active
L00294,C04879,B01001,Education Loan,4594232.27,11.75,120,2024-10-21,Active
L00295,C03526,B00101,Personal Loan,4037802.07,14.08,24,2025-04-29,Overdue
L00296,C04750,B00401,Auto Loan,4183675.13,11.08,36,2025-02-21,Active
L00297,C04413,B00201,Business Loan,3836586.3,12.23,24,2023-03-03,Closed
L00298,C02202,B01001,Auto Loan,4685895.73,13.3,180,2025-05-14,Overdue
L00299,C02912,B00101,Home Loan,1502262.05,10.19,180,2024-06-22,Closed
L00300,C01069,B00601,Business Loan,2234760.02,7.54,84,2023-06-26,Active
L00301,C02438,B00701,Education Loan,2982998.48,11.49,24,2023-08-12,Closed
L00302,C00954,B01001,Home Loan,3792207.25,15.09,24,2025-05-26,Active
L00303,C02118,B00601,Auto Loan,4679434.98,12.74,24,2023-03-26,Overdue
L00304,C02189,B00701,Personal Loan,3200667.54,10.56,12,2024-05-13,Active
L00305,C03166,B01001,Education Loan,4601657.59,15.08,24,2025-04-02,Overdue
L00306,C01321,B00401,Business Loan,2045788.8,10.21,180,2023-01-23,Active
L00307,C04128,B00601,Auto Loan,402755.05,8.04,60,2024-08-08,Active
L00308,C01451,B00901,Home Loan,3805701.74,9.73,12,2024-07-26,Active
L00309,C03920,B00201,Personal Loan,4182808.3,10.04,48,2025-02-14,Active
L00310,C00167,B00701,Auto Loan,533949.54,12.08,84,2025-07-03,Active
L00311,C01241,B00101,Business Loan,1765734.04,14.84,180,2023-05-31,Active
L00312,C02596,B00901,Personal Loan,3365844.99,7.64,24,2024-03-01,Active
L00313,C02128,B00801,Education Loan,474353.57,8.02,84,2024-01-15,Active
L00314,C04455,B00301,Education Loan,1559039.41,13.93,36,2024-01-26,Active
L00315,C04510,B00701,Education Loan,882979.55,15.32,24,2023-02-16,Active
L00316,C00106,B00801,Auto Loan,1659926.09,11.12,120,2024-01-14,Closed
L00317,C02143,B00401,Personal Loan,4746898.7,9.1,12,2025-05-15,Closed
L00318,C03107,B00301,Business Loan,4311446.66,8.17,24,2025-06-17,Overdue
L00319,C04096,B00401,Business Loan,645408.73,15.22,12,2024-07-26,Overdue
L00320,C02300,B01001,Auto Loan,2275741.24,13.59,120,2024-12-21,Active
L00321,C04558,B00301,Home Loan,331349.92,12.55,36,2023-07-15,Overdue
L00322,C01849,B00601,Auto Loan,4107631.57,9.84,120,2023-05-20,Overdue
L00323,C02801,B00901,Education Loan,4680134.39,11.87,180,2023-07-06,Active
L00324,C03794,B00501,Education Loan,2241935.86,11.21,60,2024-09-13,Closed
L00325,C03344,B00201,Auto Loan,2408056.33,8.05,12,2025-01-28,Closed
L00326,C03272,B00601,Auto Loan,3451301.38,9.63,84,2023-05-29,Active
L00327,C00232,B00801,Personal Loan,1789807.18,8.91,36,2024-10-01,Closed
L00328,C01028,B00501,Business Loan,221462.62,10.63,180,2023-05-08,Active
L00329,C04001,B00801,Education Loan,3161401.73,11.62,36,2023-04-18,Active
L00330,C04931,B01001,Personal Loan,2536608.2,13.7,120,2023-07-19,Active
L00331,C04157,B00301,Business Loan,564641.33,14.79,84,2025-06-27,Active
L00332,C00751,B00301,Business Loan,2293174.06,8.29,12,2024-12-27,Active
L00333,C01836,B00901,Home Loan,4799791.32,11.4,48,2023-07-20,Closed
L00334,C04521,B00601,Education Loan,3072732.71,10.16,48,2025-08-19,Active
L00335,C03844,B00601,Auto Loan,4166600.55,8.96,48,2024-04-25,Closed
L00336,C04584,B00101,Home Loan,881111.11,11.63,12,2024-04-02,Closed
L00337,C01651,B00801,Business Loan,3274791.51,14.19,120,2023-06-27,Active
L00338,C01698,B00501,Personal Loan,505607.37,13.86,24,2023-10-31,Active
L00339,C01172,B00601,Business Loan,1134144.89,8.17,84,2024-03-11,Active
L00340,C00755,B00101,Personal Loan,1397818.78,11.85,24,2024-02-29,Closed
L00341,C04161,B00701,Education Loan,3806869.09,9.36,60,2024-11-08,Active
L00342,C03931,B00501,Business Loan,1177869.48,7.94,24,2024-11-04,Active
L00343,C00403,B00601,Education Loan,777728.08,15.24,84,2025-09-25,Active
L00344,C00312,B00901,Personal Loan,2148451.9,12.84,120,2025-06-11,Overdue
L00345,C00047,B00901,Home Loan,3039112.97,8.51,60,2025-04-14,Closed
L00346,C02306,B00301,Business Loan,3955402.59,14.91,24,2024-03-23,Active
L00347,C01827,B00301,Home Loan,2866096.53,13.99,120,2024-01-03,Overdue
L00348,C01025,B00601,Business Loan,556156.8,14.16,120,2024-04-21,Overdue
L00349,C03983,B00601,Auto Loan,3534876.6,7.9,60,2025-08-17,Closed
L00350,C03487,B00401,Education Loan,116845.59,13.11,24,2025-08-02,Active
L00351,C00090,B00601,Personal Loan,2730215.72,12.35,180,2025-04-23,Active
L00352,C00080,B00901,Education Loan,1730769.24,15.44,12,2024-09-25,Overdue
L00353,C00455,B01001,Auto Loan,2977455.09,10.06,180,2024-08-09,Active
L00354,C01992,B00901,Auto Loan,1088054.79,15.05,12,2025-02-17,Active
L00355,C00190,B00301,Personal Loan,3033143.29,13.13,36,2023-07-29,Closed
L00356,C00325,B00601,Auto Loan,549056.84,15.36,60,2025-07-22,Closed
L00357,C01948,B00901,Business Loan,3106478.52,8.63,12,2024-05-03,Closed
L00358,C02767,B00501,Education Loan,4551650.79,10.99,180,2024-10-22,Active
L00359,C03930,B00901,Business Loan,4251253.58,9.14,180,2024-06-01,Overdue
L00360,C02731,B00201,Business Loan,4842954.47,10.31,12,2023-02-04,Active
L00361,C04382,B00801,Personal Loan,3611692.62,10.94,84,2025-06-22,Active
L00362,C03930,B00901,Personal Loan,2401095.82,10.95,84,2024-12-09,Active
L00363,C00461,B00601,Education Loan,1337985.81,8.11,36,2023-10-28,Overdue
L00364,C04406,B00401,Business Loan,1646021.48,13.7,48,2024-03-25,Active
L00365,C01844,B00501,Business Loan,3152512.54,14.62,36,2025-03-27,Active
L00366,C01552,B00201,Business Loan,4219834.74,14.61,24,2025-02-08,Active
L00367,C00996,B00501,Auto Loan,2682907.11,9.81,36,2023-06-20,Active
L00368,C01056,B01001,Auto Loan,1326916.61,9.93,84,2025-01-04,Closed
L00369,C01709,B00401,Auto Loan,1130049.97,7.88,12,2025-04-25,Overdue
L00370,C03669,B00801,Home Loan,2770952.69,11.7,36,2025-06-07,Active
L00371,C01118,B00901,Auto Loan,1145835.13,14.43,84,2025-06-13,Active
L00372,C01674,B00501,Home Loan,1863474.26,15.15,180,2024-02-11,Active
L00373,C02481,B00601,Business Loan,978874.7,8.33,180,2023-10-11,Closed
L00374,C02294,B00401,Education Loan,1946499.74,13.13,48,2024-11-26,Closed
L00375,C02125,B00201,Personal Loan,1220348.38,14.22,24,2024-01-19,Closed
L00376,C00367,B00501,Business Loan,4614430.62,11.72,180,2023-10-23,Overdue
L00377,C00022,B00601,Business Loan,4503411.25,10.5,120,2025-03-24,Active
L00378,C02306,B00501,Business Loan,3011599.45,9.47,36,2023-06-19,Active
L00379,C03500,B00501,Home Loan,4811970.84,10.36,120,2024-07-16,Closed
L00380,C03998,B01001,Personal Loan,4990917.88,12.02,84,2024-10-06,Active
L00381,C01475,B00501,Home Loan,3934846.93,13.14,60,2023-11-04,Closed
L00382,C01839,B00701,Business Loan,2587633.94,8.06,60,2025-05-20,Overdue
L00383,C00901,B00901,Auto Loan,1586759.74,9.89,84,2025-02-17,Active
L00384,C04314,B00501,Education Loan,909925.67,8.71,12,2023-10-02,Overdue
L00385,C02333,B00901,Auto Loan,1850565.26,9.13,12,2024-02-03,Active
L00386,C02278,B00801,Auto Loan,4138987.03,8.22,12,2025-06-04,Active
L00387,C04091,B00401,Education Loan,587358.46,10.76,24,2025-05-05,Overdue
L00388,C03524,B00201,Home Loan,1586869.46,14.98,48,2024-11-19,Overdue
L00389,C01448,B00401,Home Loan,604124.47,7.73,180,2025-06-02,Active
L00390,C02924,B00701,Personal Loan,3216411.84,14.02,24,2023-12-04,Active
L00391,C04858,B00401,Education Loan,4124291.25,11.82,24,2023-12-03,Closed
L00392,C00887,B00801,Business Loan,3130743.25,14.44,48,2023-11-25,Active
L00393,C00787,B01001,Home Loan,3774953.0,11.33,36,2024-08-29,Active
L00394,C04948,B00201,Business Loan,4859607.55,13.83,48,2023-06-22,Closed
L00395,C04170,B00801,Home Loan,547201.65,12.83,48,2024-09-18,Closed
L00396,C02253,B00201,Education Loan,2904817.94,15.2,60,2023-12-18,Overdue
L00397,C04582,B00801,Home Loan,503349.73,15.11,60,2024-10-17,Closed
L00398,C02835,B00101,Education Loan,3730150.2,7.86,12,2024-02-19,Active
L00399,C03557,B00301,Personal Loan,1737856.27,11.0,120,2024-07-04,Overdue
L00400,C02887,B00501,Home Loan,4085980.5,12.65,36,2025-06-23,Closed
L00401,C03462,B00201,Auto Loan,4548262.41,14.99,60,2023-06-06,Overdue
L00402,C00553,B01001,Personal Loan,2030405.08,12.46,24,2024-06-28,Active
L00403,C04700,B00601,Home Loan,967302.18,8.07,12,2023-03-29,Active
L00404,C02121,B00501,Auto Loan,3070220.79,9.31,36,2024-05-07,Overdue
L00405,C04386,B00901,Auto Loan,1569466.46,13.13,180,2024-07-16,Active
L00406,C02277,B00501,Education Loan,2616887.95,10.39,180,2023-10-06,Overdue
L00407,C04752,B00401,Business Loan,1560507.11,12.8,48,2024-04-24,Active
L00408,C00933,B00101,Auto Loan,1440183.54,11.8,180,2023-10-24,Active
L00409,C01298,B00401,Auto Loan,4978020.92,9.87,120,2023-11-23,Active
L00410,C01843,B00201,Personal Loan,1510431.0,10.97,36,2025-07-07,Active
L00411,C03811,B00701,Home Loan,634308.28,8.86,120,2024-03-13,Active
L00412,C02308,B01001,Business Loan,1971427.78,7.81,84,2023-01-28,Closed
L00413,C04582,B00901,Home Loan,2718062.8,12.54,84,2023-11-20,Closed
L00414,C04453,B00201,Business Loan,984683.36,14.83,60,2024-03-15,Active
L00415,C00728,B00301,Personal Loan,2207156.88,12.93,36,2025-01-17,Active
L00416,C00334,B00601,Auto Loan,3470955.38,9.27,60,2024-09-24,Active
L00417,C04478,B00601,Home Loan,351090.89,14.34,180,2023-08-11,Overdue
L00418,C03277,B00101,Auto Loan,930636.03,8.12,24,2023-05-20,Active
L00419,C02400,B00101,Auto Loan,1337838.93,12.76,12,2023-02-17,Active
L00420,C03919,B00301,Home Loan,4284993.99,15.47,48,2023-03-25,Active
L00421,C01224,B00401,Business Loan,2464994.96,7.6,120,2025-08-26,Closed
L00422,C03972,B00401,Home Loan,1518941.24,13.03,84,2023-09-23,Active
L00423,C02580,B00201,Education Loan,3572073.72,7.59,120,2023-06-01,Overdue
L00424,C00578,B00101,Business Loan,71480.36,15.5,60,2023-05-04,Overdue
L00425,C04133,B00501,Education Loan,1085599.4,14.64,48,2023-12-31,Overdue
L00426,C00694,B00301,Personal Loan,3494868.74,10.12,36,2025-08-31,Active
L00427,C03244,B01001,Auto Loan,4191246.65,11.29,12,2024-01-09,Overdue
L00428,C00976,B00501,Personal Loan,4930302.26,13.82,24,2024-06-11,Overdue
L00429,C04681,B00501,Business Loan,381612.89,8.03,36,2023-10-28,Closed
L00430,C00212,B00201,Business Loan,4000219.29,11.86,84,2025-03-23,Active
L00431,C00347,B00901,Personal Loan,237503.11,12.5,84,2024-08-26,Active
L00432,C02016,B00501,Education Loan,3628283.38,9.01,84,2023-04-01,Overdue
L00433,C02719,B00501,Personal Loan,3683901.82,14.89,36,2025-06-17,Active
L00434,C02952,B00901,Auto Loan,2942973.05,9.21,24,2023-05-11,Active
L00435,C01411,B00601,Personal Loan,510795.39,12.86,12,2023-07-01,Active
L00436,C00222,B00101,Auto Loan,1721571.0,13.01,60,2023-04-27,Active
L00437,C03271,B00301,Business Loan,259780.6,9.21,120,2025-01-16,Active
L00438,C02828,B00101,Personal Loan,751196.04,11.87,84,2024-04-08,Closed
L00439,C01023,B01001,Personal Loan,793878.59,8.3,36,2025-07-08,Closed
L00440,C02290,B01001,Auto Loan,1561917.98,8.8,24,2024-02-27,Active
L00441,C01203,B00201,Business Loan,2093828.1,9.82,60,2024-09-17,Closed
L00442,C03343,B00201,Education Loan,1914891.67,11.29,48,2023-09-28,Active
L00443,C02651,B00201,Personal Loan,55537.94,12.19,60,2025-01-24,Active
L00444,C03764,B00601,Business Loan,1305629.02,10.67,24,2025-01-13,Active
L00445,C03913,B00201,Education Loan,602820.93,11.23,24,2023-04-25,Active
L00446,C03609,B00501,Home Loan,3087480.81,13.41,60,2025-05-12,Closed
L00447,C01102,B01001,Education Loan,2364225.08,14.48,36,2024-06-30,Active
L00448,C04925,B00901,Education Loan,3953831.47,13.68,120,2023-10-17,Overdue
L00449,C04580,B00301,Business Loan,635643.37,8.19,84,2024-01-01,Active
L00450,C02375,B00501,Education Loan,3781358.93,11.88,12,2025-06-13,Active
L00451,C02793,B00501,Home Loan,2241961.43,10.27,36,2023-09-23,Overdue
L00452,C03771,B00701,Business Loan,3529293.5,13.41,84,2024-12-21,Closed
L00453,C01420,B00101,Home Loan,312604.93,9.59,180,2024-02-18,Closed
L00454,C01013,B00201,Home Loan,4862179.43,10.04,84,2024-08-25,Active
L00455,C03943,B00501,Personal Loan,4170340.56,9.7,24,2025-02-25,Active
L00456,C03203,B00501,Education Loan,3286300.34,13.07,12,2025-03-01,Closed
L00457,C04756,B00301,Education Loan,2398196.14,11.72,24,2023-10-01,Active
L00458,C01863,B00701,Business Loan,376279.79,14.97,120,2025-05-27,Overdue
L00459,C02144,B00201,Education Loan,4903290.88,11.59,12,2025-04-07,Closed
L00460,C00630,B00401,Auto Loan,2876311.86,9.24,180,2024-11-09,Overdue
L00461,C04644,B00301,Business Loan,3201104.94,13.41,120,2025-07-30,Active
L00462,C02287,B00201,Auto Loan,2720601.08,12.62,12,2025-07-06,Active
L00463,C03958,B00901,Home Loan,2092603.05,14.76,36,2024-08-01,Active
L00464,C00825,B00101,Auto Loan,562474.03,8.15,180,2025-09-14,Active
L00465,C02088,B00401,Home Loan,2076828.41,13.12,84,2023-06-28,Closed
L00466,C02086,B00401,Personal Loan,126780.05,12.7,60,2023-10-08,Active
L00467,C04400,B00101,Personal Loan,664808.19,7.7,120,2025-05-20,Active
L00468,C02280,B00301,Auto Loan,4952485.04,13.92,48,2023-12-15,Active
L00469,C00371,B00201,Education Loan,790100.02,8.77,180,2025-04-15,Active
L00470,C02335,B00201,Education Loan,1226100.56,11.8,120,2024-03-16,Closed
L00471,C04143,B00601,Auto Loan,3683998.55,8.36,24,2023-04-27,Active
L00472,C04054,B00201,Education Loan,4059538.3,9.71,24,2024-06-14,Active
L00473,C04630,B00101,Home Loan,2835969.42,14.08,12,2025-04-10,Active
L00474,C03273,B00301,Business Loan,4741328.19,11.65,60,2023-11-15,Active
L00475,C01998,B00501,Business Loan,1585487.25,13.43,36,2024-10-17,Active
L00476,C03262,B00101,Home Loan,3526959.17,14.55,60,2024-09-26,Overdue
L00477,C01247,B00301,Personal Loan,1842972.89,10.77,180,2023-05-16,Active
L00478,C04929,B00601,Home Loan,1071430.91,11.08,120,2023-10-07,Overdue
L00479,C01950,B00601,Home Loan,3791715.32,11.04,180,2023-01-17,Closed
L00480,C00014,B01001,Business Loan,418904.02,8.18,120,2024-08-25,Closed
L00481,C03988,B00901,Home Loan,3059340.01,13.45,24,2025-09-05,Active
L00482,C03183,B00401,Personal Loan,688367.05,9.58,48,2025-05-07,Closed
L00483,C01216,B00701,Business Loan,3772848.07,12.23,84,2024-01-31,Active
L00484,C02248,B00301,Education Loan,1340009.64,8.56,120,2024-06-25,Closed
L00485,C00588,B00601,Business Loan,4632791.42,9.27,48,2024-05-19,Active
L00486,C02585,B00401,Personal Loan,4967474.08,13.65,180,2023-10-17,Active
L00487,C02444,B00501,Personal Loan,359277.05,11.22,36,2024-07-27,Overdue
L00488,C02208,B00701,Auto Loan,3476279.48,14.19,36,2024-07-06,Active
L00489,C02660,B00101,Home Loan,4412696.12,9.56,36,2023-07-31,Overdue
L00490,C04039,B00301,Personal Loan,2021514.23,14.4,120,2023-11-24,Closed
L00491,C02625,B00301,Education Loan,2725872.23,13.26,84,2025-05-30,Overdue
L00492,C02462,B01001,Personal Loan,402334.46,13.16,120,2024-07-16,Active
L00493,C01080,B01001,Home Loan,4680429.57,13.5,48,2023-02-07,Active
L00494,C03418,B00501,Business Loan,2376950.7,11.83,36,2024-12-04,Overdue
L00495,C00433,B01001,Auto Loan,1769600.33,13.2,24,2023-05-31,Active
L00496,C00840,B00501,Business Loan,3391219.24,9.98,60,2024-02-14,Active
L00497,C04750,B00301,Auto Loan,2861036.26,8.31,48,2023-11-23,Active
L00498,C00690,B00301,Business Loan,396977.72,8.91,120,2024-04-17,Closed
L00499,C00140,B00301,Business Loan,1552167.36,11.6,84,2025-09-04,Active
L00500,C03325,B00201,Education Loan,970075.72,10.7,84,2023-06-24,Active
L00501,C00704,B01001,Personal Loan,850516.39,14.14,48,2025-08-25,Active
L00502,C04419,B00201,Education Loan,3097071.02,9.99,60,2025-08-27,Active
L00503,C01362,B00501,Education Loan,1474692.75,13.57,120,2024-10-10,Active
L00504,C00039,B00501,Education Loan,4909372.57,11.64,84,2023-09-12,Active
L00505,C00831,B00601,Auto Loan,2624596.54,11.5,12,2024-09-14,Active
L00506,C04810,B00501,Education Loan,182544.83,9.76,120,2023-05-27,Active
L00507,C02152,B00301,Business Loan,929235.84,8.58,36,2025-07-21,Active
L00508,C04052,B00401,Education Loan,2874770.82,13.63,36,2023-02-20,Overdue
L00509,C02373,B00101,Business Loan,1556504.33,8.25,36,2025-03-20,Active
L00510,C04048,B00101,Personal Loan,2522673.29,14.93,84,2025-03-05,Overdue
L00511,C00435,B00401,Home Loan,3503650.43,13.33,48,2025-02-28,Active
L00512,C03454,B00901,Home Loan,3766025.5,11.46,48,2024-11-24,Active
L00513,C00862,B01001,Auto Loan,4925916.72,13.15,36,2023-06-07,Closed
L00514,C02908,B00601,Education Loan,3172317.93,13.16,84,2023-04-07,Active
L00515,C00423,B00301,Auto Loan,429927.06,14.43,48,2023-10-10,Active
L00516,C03397,B00101,Personal Loan,541781.55,9.08,84,2025-03-10,Overdue
L00517,C02499,B00101,Personal Loan,491496.87,11.33,120,2025-04-06,Active
L00518,C03584,B01001,Business Loan,1024463.02,12.07,36,2023-07-14,Overdue
L00519,C02604,B01001,Personal Loan,4934837.69,11.08,12,2023-12-25,Overdue
L00520,C02271,B00601,Education Loan,2011613.83,10.21,48,2024-02-01,Active
L00521,C03871,B00601,Business Loan,2922601.71,11.86,48,2024-09-08,Active
L00522,C03351,B00901,Personal Loan,3996965.29,10.19,12,2025-01-16,Active
L00523,C02733,B00901,Auto Loan,3598837.25,11.4,48,2023-09-04,Active
L00524,C00339,B00301,Education Loan,4757845.25,8.83,180,2024-08-12,Active
L00525,C02935,B00401,Auto Loan,1977723.93,12.96,60,2024-05-04,Closed
L00526,C00787,B00401,Home Loan,1182514.36,15.02,60,2023-05-14,Active
L00527,C02888,B00401,Personal Loan,4175425.88,13.06,48,2023-06-15,Closed
L00528,C01350,B00301,Personal Loan,1351132.47,12.1,180,2024-11-29,Active
L00529,C04464,B00601,Auto Loan,4914057.72,10.38,24,2023-04-21,Active
L00530,C01719,B00301,Personal Loan,1298957.79,14.96,84,2024-06-23,Closed
L00531,C03586,B00301,Personal Loan,2808916.76,8.17,36,2024-12-11,Active
L00532,C01006,B00801,Education Loan,4946021.39,9.82,180,2025-09-19,Closed
L00533,C02127,B00801,Personal Loan,2105427.09,14.18,12,2023-02-25,Closed
L00534,C01740,B01001,Home Loan,2512033.56,13.52,36,2025-01-17,Active
L00535,C01087,B00901,Auto Loan,4312787.8,11.98,48,2024-01-03,Overdue
L00536,C02085,B01001,Home Loan,1122840.84,9.41,24,2024-07-21,Active
L00537,C03235,B00701,Auto Loan,3134927.65,14.8,36,2023-02-28,Active
L00538,C03132,B00301,Education Loan,4003467.43,12.26,120,2025-02-28,Active
L00539,C00472,B00901,Home Loan,3398407.5,11.44,120,2025-04-14,Active
L00540,C03046,B00401,Business Loan,482961.03,14.65,60,2023-07-19,Active
L00541,C01876,B00601,Auto Loan,2641492.54,12.25,84,2023-03-14,Active
L00542,C04521,B00601,Home Loan,3543333.41,11.73,60,2023-09-24,Overdue
L00543,C02949,B01001,Home Loan,3619176.97,10.11,12,2025-01-11,Active
L00544,C04866,B00701,Business Loan,4343645.67,14.64,48,2024-08-22,Overdue
L00545,C00759,B00301,Auto Loan,4335886.24,8.1,24,2025-09-11,Closed
L00546,C00546,B00301,Auto Loan,2495387.06,7.96,12,2025-08-01,Overdue
L00547,C03347,B00501,Education Loan,4953708.65,7.69,24,2025-03-01,Active
L00548,C01727,B01001,Business Loan,4074622.98,15.33,36,2024-05-10,Active
L00549,C03655,B00301,Auto Loan,1761617.88,12.79,36,2023-02-20,Closed
L00550,C02311,B00101,Personal Loan,1118687.48,12.35,120,2023-03-25,Overdue
L00551,C00749,B01001,Home Loan,771613.7,9.9,12,2025-03-14,Closed
L00552,C01485,B00501,Auto Loan,729657.33,10.52,120,2025-09-13,Overdue
L00553,C04910,B01001,Auto Loan,4808436.0,12.93,48,2024-06-14,Active
L00554,C01688,B00501,Home Loan,4780481.34,9.02,24,2023-03-07,Active
L00555,C01510,B00401,Auto Loan,3798327.05,14.79,84,2025-01-28,Active
L00556,C00813,B01001,Auto Loan,171956.56,11.47,24,2023-08-26,Overdue
L00557,C03745,B00901,Auto Loan,2234614.82,14.95,60,2024-09-07,Active
L00558,C02088,B00801,Personal Loan,4068342.3,14.57,48,2023-02-22,Overdue
L00559,C04178,B00301,Education Loan,1174296.33,8.46,36,2023-10-14,Active
L00560,C01922,B00401,Home Loan,4422107.92,8.77,36,2024-03-23,Active
L00561,C01810,B01001,Personal Loan,473977.99,14.38,180,2023-03-16,Active
L00562,C04692,B00801,Education Loan,3323224.37,9.92,48,2025-07-21,Active
L00563,C03018,B00201,Auto Loan,3937527.95,9.92,24,2025-08-10,Closed
L00564,C00694,B00801,Personal Loan,3371747.6,7.97,12,2024-02-16,Active
L00565,C04724,B01001,Business Loan,2307557.17,11.89,48,2023-10-10,Active
L00566,C01080,B00701,Education Loan,4682386.78,12.42,84,2025-05-10,Active
L00567,C04223,B00601,Home Loan,4810304.35,15.07,12,2025-09-02,Active
L00568,C04902,B00401,Home Loan,3805908.44,15.11,84,2023-07-24,Active
L00569,C03108,B00101,Business Loan,471902.95,8.64,84,2025-07-25,Closed
L00570,C01909,B01001,Education Loan,1107864.95,8.25,12,2023-02-19,Overdue
L00571,C02525,B00901,Home Loan,4269862.91,14.89,180,2023-01-30,Active
L00572,C04642,B00901,Personal Loan,4622337.63,11.77,84,2023-06-11,Overdue
L00573,C02036,B00601,Home Loan,4502973.62,12.43,36,2023-03-03,Closed
L00574,C02838,B01001,Education Loan,1290001.53,13.84,84,2023-03-15,Overdue
L00575,C00925,B00401,Home Loan,463064.76,13.78,24,2024-06-22,Closed
L00576,C02472,B00201,Auto Loan,340381.78,8.65,180,2025-04-13,Active
L00577,C03082,B00401,Education Loan,2836745.39,13.4,60,2024-07-20,Closed
L00578,C04294,B00501,Business Loan,729458.99,11.02,84,2025-01-30,Active
L00579,C01368,B00801,Education Loan,2761464.56,15.42,60,2024-08-30,Closed
L00580,C03539,B00901,Home Loan,4600466.24,11.2,120,2023-12-03,Overdue
L00581,C02856,B00301,Home Loan,847087.3,14.11,120,2024-10-08,Overdue
L00582,C01714,B00701,Auto Loan,1763083.07,11.31,24,2023-12-09,Active
L00583,C04598,B00901,Personal Loan,2539301.13,10.55,48,2023-01-29,Active
L00584,C01953,B00201,Education Loan,3641350.79,14.57,12,2023-05-16,Active
L00585,C01661,B00701,Personal Loan,3189222.43,10.77,48,2023-10-09,Active
L00586,C02446,B00601,Business Loan,65950.73,11.72,36,2024-11-21,Closed
L00587,C02897,B00401,Education Loan,3747713.38,15.01,12,2023-12-16,Active
L00588,C01468,B00701,Education Loan,2543638.69,11.84,84,2023-10-03,Active
L00589,C01072,B00401,Auto Loan,1706635.6,14.52,180,2023-06-27,Active
L00590,C03083,B01001,Business Loan,1376682.02,13.16,36,2025-08-24,Active
L00591,C02202,B00101,Business Loan,4268261.45,8.66,60,2025-06-22,Active
L00592,C01309,B00501,Personal Loan,429319.77,11.7,12,2023-07-26,Active
L00593,C01232,B00501,Business Loan,3686601.25,11.09,60,2025-06-08,Active
L00594,C00093,B00601,Education Loan,304036.83,12.83,24,2023-03-25,Closed
L00595,C02413,B00601,Business Loan,4184446.62,12.91,36,2023-04-29,Closed
L00596,C00889,B00901,Personal Loan,3372252.52,9.76,120,2023-01-28,Active
L00597,C02018,B00201,Personal Loan,299312.2,11.94,12,2024-05-06,Active
L00598,C00637,B00901,Auto Loan,2654542.44,12.5,48,2023-12-25,Active
L00599,C03152,B00601,Personal Loan,2189175.07,13.3,60,2023-02-16,Overdue
L00600,C02690,B00601,Auto Loan,4509719.59,12.92,48,2024-03-19,Active
L00601,C00553,B01001,Auto Loan,4699117.34,10.44,12,2023-12-22,Closed
L00602,C00438,B01001,Personal Loan,4404265.72,13.66,48,2023-10-28,Active
L00603,C00224,B00201,Personal Loan,2701021.76,11.26,180,2025-05-30,Active
L00604,C04608,B00201,Business Loan,1856817.7,11.83,60,2024-12-15,Active
L00605,C03888,B00601,Home Loan,4261051.34,7.5,36,2025-05-01,Closed
L00606,C00781,B00801,Business Loan,3369412.81,10.65,48,2023-06-11,Active
L00607,C02828,B00901,Home Loan,1684851.39,13.66,120,2023-04-15,Active
L00608,C02801,B00901,Auto Loan,4027682.18,11.26,12,2024-02-10,Closed
L00609,C01092,B00501,Personal Loan,384362.6,11.21,36,2025-06-24,Active
L00610,C04038,B00501,Home Loan,546414.02,10.97,120,2025-06-07,Active
L00611,C04138,B00801,Business Loan,3333199.03,12.11,24,2025-03-13,Active
L00612,C03370,B00201,Auto Loan,3592076.51,8.22,24,2025-01-15,Closed
L00613,C04892,B00401,Auto Loan,236113.26,12.2,180,2024-11-17,Active
L00614,C01576,B00901,Home Loan,167886.72,12.88,24,2023-02-16,Overdue
L00615,C00880,B01001,Business Loan,525134.26,10.79,36,2024-03-07,Active
L00616,C00389,B00201,Business Loan,779583.35,14.73,84,2023-12-28,Active
L00617,C00102,B00401,Auto Loan,4802139.87,12.85,12,2024-05-05,Active
L00618,C03487,B00301,Auto Loan,1611880.88,8.23,24,2025-06-14,Overdue
L00619,C04705,B00601,Business Loan,1864011.52,12.87,48,2024-12-26,Overdue
L00620,C01917,B00701,Auto Loan,2714061.82,13.15,180,2025-08-16,Overdue
L00621,C00774,B00501,Business Loan,2631284.09,7.53,84,2024-06-04,Active
L00622,C04159,B00401,Auto Loan,4705629.05,8.92,180,2025-09-23,Active
L00623,C04113,B00101,Auto Loan,222857.16,15.39,24,2023-06-20,Overdue
L00624,C02715,B00501,Education Loan,4103578.41,8.53,48,2023-06-02,Overdue
L00625,C00362,B00501,Personal Loan,1158516.3,9.35,84,2023-09-04,Active
L00626,C02621,B00901,Home Loan,392233.18,13.35,24,2025-02-26,Active
L00627,C03904,B01001,Auto Loan,1211671.94,12.26,12,2024-10-07,Overdue
L00628,C02429,B01001,Home Loan,446489.5,15.34,84,2024-11-28,Active
L00629,C02350,B00201,Home Loan,4429974.87,7.77,12,2025-06-30,Overdue
L00630,C01008,B00401,Education Loan,727558.63,9.92,84,2023-07-13,Active
L00631,C03852,B00901,Auto Loan,516746.59,10.98,24,2024-04-14,Overdue
L00632,C04381,B00301,Auto Loan,4297147.72,10.75,84,2024-07-04,Active
L00633,C02948,B00601,Business Loan,2402710.61,9.6,24,2024-03-16,Active
L00634,C04670,B00801,Education Loan,134035.23,8.59,180,2024-07-23,Overdue
L00635,C01896,B00401,Education Loan,1850946.95,10.39,12,2024-03-01,Active
L00636,C03087,B00101,Education Loan,3245537.18,8.09,48,2023-01-29,Active
L00637,C00053,B00601,Auto Loan,878296.35,12.42,60,2023-04-23,Active
L00638,C02996,B00201,Auto Loan,611317.42,10.39,36,2025-05-28,Overdue
L00639,C00608,B01001,Home Loan,1395811.94,13.1,12,2023-10-12,Active
L00640,C04944,B00801,Personal Loan,670985.04,8.31,36,2023-08-24,Active
L00641,C04199,B00301,Education Loan,1278662.9,9.05,120,2024-07-27,Active
L00642,C02054,B00101,Personal Loan,2916718.31,9.03,24,2024-11-21,Closed
L00643,C02806,B00101,Home Loan,554826.32,9.81,48,2024-03-30,Active
L00644,C03463,B00801,Business Loan,2678378.76,7.58,12,2023-12-18,Active
L00645,C00916,B00501,Personal Loan,4294965.41,15.03,180,2024-07-03,Overdue
L00646,C00096,B00501,Home Loan,3194319.63,12.64,48,2023-07-26,Closed
L00647,C03575,B00501,Auto Loan,2494700.39,7.64,180,2024-12-28,Closed
L00648,C02165,B00301,Auto Loan,1762206.61,14.39,180,2024-12-20,Active
L00649,C03423,B00501,Personal Loan,3255924.64,10.22,180,2023-08-19,Active
L00650,C00822,B00401,Education Loan,1426945.01,13.05,36,2023-03-05,Active
L00651,C00506,B00401,Home Loan,1687102.09,8.29,24,2025-02-17,Overdue
L00652,C01721,B00701,Business Loan,3561299.55,13.31,60,2024-09-04,Active
L00653,C00732,B00901,Auto Loan,4142750.12,13.4,60,2024-07-05,Active
L00654,C04789,B00301,Auto Loan,138092.55,7.52,48,2024-10-28,Active
L00655,C03504,B00401,Personal Loan,4663324.31,8.07,180,2024-09-26,Active
L00656,C03544,B00801,Auto Loan,602810.62,12.81,24,2025-03-27,Closed
L00657,C04359,B00901,Education Loan,3070904.52,12.61,48,2024-02-15,Closed
L00658,C03567,B00301,Business Loan,3177119.03,7.75,120,2024-09-07,Active
L00659,C03696,B00501,Home Loan,1744298.02,8.16,24,2024-12-10,Closed
L00660,C04682,B00101,Education Loan,1634024.01,8.23,180,2024-10-04,Active
L00661,C01103,B01001,Education Loan,3283877.44,10.56,120,2023-12-05,Active
L00662,C03355,B00901,Home Loan,955517.64,10.77,12,2024-10-19,Active
L00663,C00337,B00901,Personal Loan,1919109.75,9.48,48,2023-09-05,Overdue
L00664,C00020,B00701,Auto Loan,1110550.65,9.78,84,2025-06-03,Closed
L00665,C01505,B00301,Personal Loan,2769834.2,12.7,84,2025-04-17,Active
L00666,C01996,B00201,Education Loan,3807581.72,8.4,48,2024-02-06,Overdue
L00667,C00829,B00401,Business Loan,3642894.95,13.02,180,2023-04-21,Active
L00668,C04574,B00301,Home Loan,693411.15,11.97,120,2023-11-28,Closed
L00669,C03814,B00401,Home Loan,2119813.61,13.8,24,2025-01-16,Active
L00670,C03123,B01001,Personal Loan,1648814.3,10.55,24,2023-07-09,Active
L00671,C03165,B00501,Home Loan,3751769.52,9.73,48,2023-10-17,Active
L00672,C04308,B00101,Business Loan,4641683.17,10.34,84,2023-07-14,Closed
L00673,C00642,B00301,Personal Loan,4635504.94,14.29,36,2025-02-10,Overdue
L00674,C03882,B00901,Auto Loan,2940360.96,14.11,24,2025-09-05,Active
L00675,C04442,B00501,Auto Loan,4243392.4,8.76,12,2023-06-09,Active
L00676,C02718,B00801,Auto Loan,3401549.65,10.11,12,2024-12-02,Closed
L00677,C01097,B00301,Education Loan,1452461.6,9.44,120,2025-02-28,Active
L00678,C00043,B00601,Education Loan,4225989.0,10.6,12,2024-04-21,Active
L00679,C03435,B00801,Education Loan,456185.82,9.04,48,2025-03-14,Active
L00680,C02927,B00401,Education Loan,1404331.63,9.86,48,2024-08-03,Overdue
L00681,C03958,B00701,Home Loan,1256777.05,15.26,12,2024-12-10,Active
L00682,C02657,B00501,Personal Loan,1364282.25,10.29,84,2025-09-16,Active
L00683,C04548,B00101,Education Loan,471492.77,11.55,48,2025-02-05,Closed
L00684,C03809,B00501,Personal Loan,3198377.52,7.9,24,2024-07-06,Active
L00685,C03176,B00101,Auto Loan,1552967.45,8.78,84,2024-07-20,Overdue
L00686,C00407,B00101,Education Loan,4728744.91,9.78,12,2023-12-21,Active
L00687,C04676,B00201,Business Loan,502239.2,10.67,24,2025-01-02,Active
L00688,C02975,B00401,Home Loan,3374920.95,13.3,180,2024-02-25,Active
L00689,C03726,B01001,Business Loan,2616628.17,7.99,36,2023-10-30,Active
L00690,C02416,B00801,Home Loan,1049217.8,13.2,24,2024-08-27,Active
L00691,C02881,B00901,Home Loan,1108591.34,7.75,24,2023-09-09,Active
L00692,C04638,B00201,Personal Loan,1115578.09,9.75,12,2023-12-20,Overdue
L00693,C02922,B00201,Home Loan,1137260.47,8.49,60,2024-07-09,Active
L00694,C03902,B00301,Business Loan,2511869.23,10.38,12,2023-02-19,Closed
L00695,C02466,B00601,Auto Loan,4536163.75,7.85,48,2025-09-08,Active
L00696,C03931,B00101,Home Loan,1605517.28,10.64,24,2023-08-07,Overdue
L00697,C02585,B00201,Personal Loan,2089819.4,12.09,12,2025-03-06,Active
L00698,C02074,B00301,Auto Loan,4384617.65,10.99,36,2024-03-24,Closed
L00699,C02551,B00101,Auto Loan,2055842.1,14.86,24,2025-05-05,Overdue
L00700,C02411,B00501,Business Loan,3508167.97,9.76,12,2024-04-26,Active
L00701,C02905,B00901,Business Loan,4420714.14,10.86,36,2023-08-21,Overdue
L00702,C03445,B00201,Business Loan,3205898.75,14.55,48,2023-07-03,Overdue
L00703,C01929,B01001,Home Loan,4672036.94,9.33,60,2025-09-13,Closed
L00704,C03914,B00501,Auto Loan,964207.99,10.41,84,2023-02-02,Active
L00705,C01978,B00601,Personal Loan,689343.6,11.36,84,2023-04-22,Overdue
L00706,C00939,B00901,Personal Loan,3506216.55,9.62,36,2023-08-07,Closed
L00707,C01028,B00801,Auto Loan,4800494.51,9.9,84,2024-08-04,Overdue
L00708,C00916,B01001,Personal Loan,2304626.29,13.68,84,2023-05-05,Overdue
L00709,C04975,B00301,Business Loan,4359644.59,9.84,36,2025-03-05,Overdue
L00710,C03324,B01001,Business Loan,122744.57,10.57,12,2023-01-04,Overdue
L00711,C04033,B00701,Education Loan,2246043.33,14.95,120,2023-02-04,Active
L00712,C03905,B01001,Personal Loan,3451440.66,7.51,84,2024-12-02,Active
L00713,C02300,B00101,Personal Loan,2699988.22,8.85,24,2024-08-23,Active
L00714,C03318,B00501,Education Loan,1792162.94,12.96,12,2024-11-27,Active
L00715,C02022,B00501,Business Loan,4277712.82,7.75,36,2024-06-25,Closed
L00716,C00672,B00501,Home Loan,422757.14,10.91,180,2025-07-23,Active
L00717,C02569,B00101,Auto Loan,1584642.06,10.45,120,2023-09-12,Active
L00718,C04472,B00901,Education Loan,173322.43,15.06,36,2024-12-12,Active
L00719,C01492,B00101,Education Loan,1029190.44,12.56,60,2025-08-25,Overdue
L00720,C00583,B00201,Personal Loan,4982216.52,13.84,36,2024-11-01,Active
L00721,C00517,B00601,Business Loan,505793.45,14.13,120,2025-01-22,Active
L00722,C00115,B00101,Home Loan,2462001.56,10.56,48,2023-11-26,Active
L00723,C00188,B00301,Education Loan,583194.99,12.67,48,2024-08-08,Closed
L00724,C01855,B01001,Business Loan,1833189.0,7.82,84,2023-11-17,Active
L00725,C03983,B00301,Home Loan,3349821.3,10.98,36,2024-01-28,Closed
L00726,C04541,B01001,Education Loan,4644373.9,9.42,180,2024-06-05,Closed
L00727,C02243,B00201,Auto Loan,4496808.73,10.59,12,2025-05-01,Closed
L00728,C01988,B00501,Personal Loan,189036.76,8.68,180,2023-06-01,Closed
L00729,C03662,B00301,Personal Loan,2566830.29,12.22,180,2023-05-31,Active
L00730,C02780,B00601,Education Loan,502587.69,15.46,24,2023-02-19,Active
L00731,C01964,B00501,Business Loan,3922758.53,8.72,36,2023-07-12,Overdue
L00732,C01980,B00601,Education Loan,1927255.45,10.24,24,2024-08-16,Active
L00733,C03584,B00901,Education Loan,4346897.13,8.51,60,2024-12-14,Active
L00734,C02643,B00401,Business Loan,3758016.98,13.12,180,2024-07-02,Active
L00735,C03596,B01001,Education Loan,1034346.7,11.36,48,2023-09-28,Overdue
L00736,C01150,B00701,Education Loan,2476833.13,9.42,48,2023-01-27,Active
L00737,C04564,B00301,Auto Loan,2182336.45,11.43,120,2025-02-22,Active
L00738,C04974,B00501,Home Loan,2899023.98,10.12,60,2024-12-23,Active
L00739,C00097,B00801,Personal Loan,4052970.18,15.44,24,2025-02-11,Closed
L00740,C03210,B00301,Home Loan,2815324.87,13.28,180,2025-09-16,Active
L00741,C01651,B00301,Education Loan,2875336.22,12.99,24,2023-04-17,Closed
L00742,C02145,B00601,Personal Loan,352771.9,9.59,48,2024-08-10,Active
L00743,C02676,B00401,Home Loan,796457.05,14.46,12,2023-09-27,Active
L00744,C00463,B00901,Auto Loan,4889432.79,11.83,84,2024-09-24,Overdue
L00745,C02226,B00801,Auto Loan,2720910.79,14.22,48,2023-08-27,Active
L00746,C01660,B00301,Home Loan,3177673.52,10.86,24,2025-06-19,Active
L00747,C02353,B00901,Home Loan,3707573.47,11.53,180,2025-01-14,Active
L00748,C01620,B00901,Personal Loan,3491185.5,12.98,12,2025-06-04,Closed
L00749,C03198,B00901,Auto Loan,2271456.04,9.79,24,2023-08-13,Active
L00750,C01484,B00401,Business Loan,2494635.33,7.74,180,2024-07-25,Overdue
L00751,C02745,B00501,Education Loan,2077230.32,9.26,120,2023-08-18,Overdue
L00752,C00669,B00901,Business Loan,4498102.24,8.81,12,2023-02-19,Active
L00753,C01432,B00301,Auto Loan,1909462.96,13.72,60,2023-09-09,Active
L00754,C00540,B00501,Business Loan,2928064.47,7.61,84,2024-05-25,Active
L00755,C01088,B00501,Home Loan,514454.7,11.0,36,2025-07-27,Overdue
L00756,C04499,B00401,Auto Loan,681699.28,13.76,120,2024-10-19,Active
L00757,C02063,B00301,Auto Loan,3909011.74,14.58,180,2024-12-25,Active
L00758,C04026,B00401,Personal Loan,2412281.24,10.46,180,2025-06-10,Overdue
L00759,C03359,B00101,Auto Loan,1423959.96,12.55,48,2023-04-02,Overdue
L00760,C04441,B00701,Personal Loan,4785561.79,12.21,180,2025-07-03,Active
L00761,C02793,B00601,Business Loan,2218598.69,15.08,60,2025-02-13,Active
L00762,C04081,B00901,Education Loan,261398.8,13.07,24,2024-05-07,Active
L00763,C03517,B00701,Personal Loan,850293.91,11.52,12,2024-03-30,Closed
L00764,C02197,B00701,Personal Loan,713228.3,14.41,12,2023-03-09,Active
L00765,C01779,B00201,Personal Loan,840692.39,15.38,120,2024-02-17,Active
L00766,C02121,B00601,Home Loan,4475943.35,12.52,24,2025-06-26,Overdue
L00767,C03116,B00601,Business Loan,124437.19,12.92,12,2024-04-28,Active
L00768,C04684,B00101,Business Loan,2480404.87,9.23,36,2024-06-12,Overdue
L00769,C00719,B00501,Auto Loan,1939612.49,11.08,48,2023-08-25,Active
L00770,C00138,B01001,Personal Loan,1502112.02,12.47,48,2025-09-12,Overdue
L00771,C00650,B00301,Business Loan,1610015.81,11.02,36,2023-10-10,Closed
L00772,C04470,B01001,Auto Loan,3690211.68,10.33,120,2023-02-25,Overdue
L00773,C02348,B00101,Auto Loan,4424512.14,15.27,84,2025-04-02,Overdue
L00774,C03216,B00301,Business Loan,2250077.61,8.37,12,2024-01-09,Active
L00775,C01455,B01001,Education Loan,2496125.32,8.61,84,2025-05-11,Closed
L00776,C00698,B00101,Business Loan,3322427.14,8.98,120,2024-11-14,Overdue
L00777,C00501,B00401,Education Loan,92785.19,14.88,36,2024-08-17,Overdue
L00778,C01743,B00301,Business Loan,962408.58,9.42,12,2024-11-19,Active
L00779,C01665,B00201,Personal Loan,2684850.64,14.15,60,2024-12-25,Active
L00780,C04872,B00801,Auto Loan,3231708.94,12.09,180,2025-01-11,Active
L00781,C04072,B00801,Home Loan,3608236.97,15.11,84,2023-08-12,Active
L00782,C02657,B00901,Home Loan,613027.01,14.53,120,2024-11-05,Active
L00783,C02837,B00901,Education Loan,3541133.45,9.29,48,2024-09-27,Overdue
L00784,C03757,B00201,Business Loan,847003.41,13.75,48,2025-07-30,Active
L00785,C00698,B00501,Business Loan,2285206.11,11.67,120,2025-06-01,Active
L00786,C01869,B00701,Education Loan,3983632.46,14.36,48,2024-12-01,Closed
L00787,C01399,B00501,Education Loan,1225555.79,8.26,36,2025-05-14,Active
L00788,C00377,B00701,Personal Loan,472197.51,7.56,36,2024-04-26,Active
L00789,C01267,B00901,Business Loan,4305310.56,15.4,180,2023-08-18,Active
L00790,C03357,B00401,Personal Loan,3732303.67,14.56,24,2023-12-14,Active
L00791,C00774,B00301,Home Loan,2390426.43,7.8,120,2024-04-03,Active
L00792,C00726,B01001,Personal Loan,2116272.13,10.55,120,2023-09-03,Active
L00793,C04651,B00101,Personal Loan,2238009.97,13.3,48,2024-05-26,Overdue
L00794,C03519,B00301,Personal Loan,1485664.8,14.48,84,2024-10-16,Active
L00795,C02137,B00701,Business Loan,475113.38,9.01,180,2023-02-13,Active
L00796,C00303,B01001,Business Loan,4829488.6,14.31,84,2023-06-22,Active
L00797,C00606,B00601,Home Loan,2849102.59,10.18,24,2023-02-17,Closed
L00798,C04880,B00201,Education Loan,2390411.39,7.51,36,2023-01-04,Closed
L00799,C00208,B00801,Home Loan,3937418.93,10.15,48,2025-07-16,Closed
L00800,C04562,B00401,Business Loan,1766395.03,13.69,60,2025-03-06,Overdue
L00801,C03199,B00201,Personal Loan,1895466.18,14.77,24,2023-10-15,Active
L00802,C02518,B00401,Home Loan,3098408.09,9.01,24,2025-02-01,Closed
L00803,C03082,B00601,Home Loan,1786506.97,12.87,60,2025-02-08,Active
L00804,C02296,B00201,Business Loan,850438.38,12.96,180,2023-07-24,Closed
L00805,C04886,B00101,Home Loan,132122.85,13.64,120,2025-04-21,Closed
L00806,C03363,B00801,Business Loan,2395068.27,13.17,60,2025-01-16,Active
L00807,C01784,B00701,Education Loan,3877637.4,13.89,12,2025-04-07,Active
L00808,C03607,B00201,Auto Loan,2168676.0,10.92,84,2024-03-02,Overdue
L00809,C03992,B00501,Auto Loan,4141304.03,13.94,60,2025-06-02,Active
L00810,C01155,B00501,Personal Loan,970263.95,9.96,36,2024-10-01,Active
L00811,C03916,B00201,Home Loan,3228855.29,10.29,120,2023-03-02,Closed
L00812,C04435,B00901,Business Loan,4578515.95,8.52,48,2024-09-16,Active
L00813,C03188,B00601,Auto Loan,3636384.28,12.72,24,2023-07-12,Active
L00814,C01322,B00701,Business Loan,3173466.94,8.76,84,2025-04-26,Closed
L00815,C04377,B00801,Auto Loan,718698.08,7.57,180,2025-09-13,Closed
L00816,C02435,B00501,Personal Loan,4998300.47,11.95,60,2024-04-04,Overdue
L00817,C04032,B00601,Home Loan,4187897.36,13.82,84,2025-05-26,Closed
L00818,C04883,B01001,Education Loan,418009.71,11.06,48,2023-10-16,Overdue
L00819,C03901,B00601,Business Loan,3525738.76,12.92,180,2025-09-13,Active
L00820,C00606,B00401,Auto Loan,1952662.16,13.65,60,2025-05-27,Active
L00821,C02380,B00901,Auto Loan,2551329.14,12.71,24,2025-09-26,Active
L00822,C02694,B00101,Education Loan,1080293.06,7.75,36,2025-01-28,Active
L00823,C00751,B00501,Business Loan,4018125.45,10.07,60,2023-12-21,Overdue
L00824,C02576,B00201,Personal Loan,1154122.6,11.13,84,2025-02-20,Active
L00825,C01901,B00201,Business Loan,3597858.68,15.04,60,2023-08-06,Active
L00826,C04393,B00701,Home Loan,4639282.52,9.91,60,2024-11-15,Active
L00827,C00682,B00901,Business Loan,1559821.45,13.93,120,2023-05-11,Overdue
L00828,C01829,B00901,Business Loan,3062907.3,10.53,60,2025-06-17,Active
L00829,C00775,B00901,Home Loan,2502634.95,9.65,120,2023-03-04,Overdue
L00830,C00220,B00101,Business Loan,1857711.15,12.13,84,2023-09-26,Active
L00831,C00181,B00101,Auto Loan,1121233.88,9.2,60,2023-09-06,Active
L00832,C04752,B00601,Home Loan,2520218.61,8.88,36,2023-10-09,Active
L00833,C00912,B00901,Education Loan,1941757.71,7.74,48,2023-02-03,Active
L00834,C03362,B00401,Business Loan,4008736.26,7.98,84,2023-04-29,Active
L00835,C00755,B00201,Home Loan,4600546.69,8.57,12,2023-11-16,Active
L00836,C00987,B00101,Home Loan,1874933.89,9.38,120,2023-04-06,Active
L00837,C00121,B00701,Auto Loan,2941775.3,9.88,36,2023-08-22,Active
L00838,C01242,B00501,Auto Loan,1291982.78,9.32,24,2025-02-22,Closed
L00839,C04617,B00601,Auto Loan,1029447.04,14.49,48,2025-03-17,Active
L00840,C00106,B00501,Education Loan,1148317.45,13.55,180,2024-12-13,Active
L00841,C04814,B00101,Home Loan,1824686.25,13.75,120,2025-09-16,Closed
L00842,C03395,B00701,Education Loan,71005.45,15.09,12,2025-05-20,Closed
L00843,C02339,B00401,Business Loan,3487238.02,9.29,120,2023-03-29,Active
L00844,C00593,B00201,Home Loan,4966142.41,9.43,12,2023-01-04,Overdue
L00845,C02007,B00201,Home Loan,2306333.32,13.06,120,2024-09-19,Closed
L00846,C00145,B00501,Business Loan,1069702.54,11.34,48,2023-02-13,Active
L00847,C03661,B00401,Auto Loan,1007684.03,15.16,48,2023-11-30,Closed
L00848,C04323,B00501,Auto Loan,3956872.55,8.2,60,2025-08-29,Active
L00849,C03990,B00401,Auto Loan,4605832.78,8.19,12,2023-06-04,Active
L00850,C03921,B00501,Personal Loan,1415249.11,11.22,60,2025-03-12,Active
L00851,C01527,B00301,Education Loan,4601391.09,9.46,36,2023-06-24,Active
L00852,C01864,B00201,Business Loan,4310396.54,9.56,60,2025-06-06,Active
L00853,C03918,B00901,Education Loan,2513829.57,13.9,48,2023-01-27,Active
L00854,C04378,B00301,Education Loan,3230578.84,10.15,120,2023-11-11,Closed
L00855,C04095,B00601,Education Loan,3000756.11,13.34,180,2025-03-07,Closed
L00856,C02180,B00901,Personal Loan,1826110.73,11.78,48,2023-10-20,Active
L00857,C02421,B00301,Home Loan,565382.74,9.84,36,2023-03-10,Active
L00858,C04903,B00301,Personal Loan,4646288.08,12.24,180,2025-06-07,Active
L00859,C04377,B00901,Business Loan,2489047.38,13.01,48,2024-02-03,Active
L00860,C01968,B00401,Business Loan,4555505.67,11.98,12,2023-03-27,Overdue
L00861,C01994,B00801,Personal Loan,4581408.22,8.06,180,2024-01-31,Overdue
L00862,C02664,B00301,Business Loan,521736.88,7.89,120,2024-08-22,Overdue
L00863,C01333,B00901,Business Loan,3954205.29,11.02,180,2024-08-19,Closed
L00864,C00224,B00601,Education Loan,3141980.77,10.63,36,2023-12-25,Active
L00865,C00667,B00601,Auto Loan,2718654.7,7.72,84,2025-08-13,Active
L00866,C04677,B00101,Home Loan,3470990.06,14.07,84,2025-02-02,Active
L00867,C01012,B00801,Home Loan,2660055.82,8.34,48,2024-08-13,Overdue
L00868,C00884,B00201,Personal Loan,2821345.41,12.36,180,2024-03-06,Active
L00869,C04457,B00901,Business Loan,4939440.43,12.01,84,2025-06-22,Active
L00870,C02663,B00401,Education Loan,88805.27,9.15,60,2023-11-04,Active
L00871,C00606,B01001,Personal Loan,1645148.17,12.33,36,2023-03-14,Active
L00872,C02774,B01001,Auto Loan,4978806.78,13.68,180,2023-10-19,Active
L00873,C01462,B00201,Education Loan,278987.97,15.27,36,2023-03-15,Active
L00874,C00499,B00901,Personal Loan,2534715.21,14.96,84,2025-08-24,Closed
L00875,C00955,B00501,Business Loan,2667853.59,9.93,84,2025-02-01,Active
L00876,C02917,B00101,Education Loan,2473034.92,10.58,36,2023-01-29,Overdue
L00877,C02370,B00101,Business Loan,793925.73,10.3,60,2024-05-29,Overdue
L00878,C04465,B00901,Personal Loan,4154300.45,13.53,180,2025-06-03,Overdue
L00879,C03954,B00401,Personal Loan,2629202.06,10.43,12,2024-05-24,Active
L00880,C03956,B00101,Auto Loan,3938088.42,14.59,48,2025-06-01,Active
L00881,C03509,B00901,Personal Loan,2178568.56,12.9,24,2025-01-12,Overdue
L00882,C03281,B00601,Auto Loan,4339704.31,8.12,84,2023-09-04,Active
L00883,C03874,B00301,Business Loan,856197.92,11.84,84,2024-06-19,Active
L00884,C00510,B00401,Personal Loan,1264442.72,14.7,60,2024-09-14,Overdue
L00885,C01830,B00301,Auto Loan,1844730.6,13.61,180,2023-01-04,Active
L00886,C00595,B00301,Personal Loan,4052061.42,9.99,24,2023-07-11,Active
L00887,C01700,B00801,Personal Loan,2761938.18,12.93,48,2024-10-09,Active
L00888,C04192,B00401,Business Loan,1494427.96,12.63,36,2025-09-05,Closed
L00889,C00425,B01001,Education Loan,398707.67,13.31,120,2023-10-23,Active
L00890,C04516,B00301,Business Loan,3507881.25,7.63,36,2023-08-10,Overdue
L00891,C04233,B00201,Business Loan,4386047.55,9.07,84,2023-01-18,Closed
L00892,C00628,B00101,Home Loan,2909481.83,10.6,84,2024-10-13,Active
L00893,C01179,B00601,Business Loan,4268720.08,11.86,60,2023-12-04,Overdue
L00894,C04548,B00101,Auto Loan,4380565.37,12.86,12,2023-11-08,Overdue
L00895,C02109,B00301,Auto Loan,2402770.76,9.42,48,2025-09-26,Active
L00896,C00056,B00401,Business Loan,3299838.95,14.89,120,2023-07-08,Closed
L00897,C04224,B00901,Home Loan,2323110.84,14.49,24,2023-05-22,Active
L00898,C00684,B00101,Education Loan,3386789.98,10.04,12,2023-12-18,Closed
L00899,C04827,B00701,Business Loan,2147877.21,15.32,120,2025-02-25,Active
L00900,C00963,B00801,Personal Loan,284877.97,14.98,84,2025-03-07,Active
L00901,C01272,B00401,Personal Loan,2110603.74,7.57,12,2023-06-29,Overdue
L00902,C03871,B00301,Business Loan,4266257.39,8.02,36,2024-01-28,Active
L00903,C01215,B00601,Auto Loan,4146876.42,9.68,24,2024-08-22,Active
L00904,C04466,B00601,Auto Loan,233918.44,8.77,84,2025-05-27,Active
L00905,C00654,B00601,Education Loan,3186624.02,15.36,12,2025-04-12,Overdue
L00906,C00061,B00501,Home Loan,571744.85,8.17,180,2023-10-13,Active
L00907,C03112,B01001,Business Loan,2590582.09,14.9,120,2024-03-24,Closed
L00908,C00418,B00301,Education Loan,2288031.41,12.13,60,2025-06-13,Active
L00909,C03742,B00201,Education Loan,3274471.82,11.82,12,2025-07-12,Active
L00910,C02007,B00601,Personal Loan,2423283.8,8.37,84,2024-12-07,Active
L00911,C00046,B01001,Personal Loan,525545.01,12.67,24,2023-12-22,Active
L00912,C02218,B00501,Auto Loan,2184455.38,10.93,36,2024-06-09,Active
L00913,C01876,B00501,Business Loan,3514938.51,14.0,24,2023-02-05,Active
L00914,C00423,B00101,Business Loan,4202357.93,10.94,48,2023-07-12,Active
L00915,C02765,B00101,Personal Loan,1504584.4,7.93,120,2024-04-18,Active
L00916,C02723,B00501,Education Loan,3460318.29,7.53,48,2023-09-13,Overdue
L00917,C01601,B00801,Business Loan,1828757.42,14.57,24,2024-06-06,Active
L00918,C02415,B01001,Business Loan,3751536.27,10.23,60,2025-06-11,Overdue
L00919,C03206,B00501,Business Loan,1685002.03,7.85,24,2024-05-19,Active
L00920,C01374,B00101,Home Loan,613538.85,11.29,12,2023-07-21,Active
L00921,C02010,B00201,Personal Loan,4026613.16,14.03,120,2023-03-28,Active
L00922,C04518,B01001,Education Loan,1466558.01,10.56,48,2025-08-12,Active
L00923,C03700,B00801,Personal Loan,4628322.41,9.34,120,2025-06-03,Active
L00924,C01302,B00201,Business Loan,4402434.75,14.19,12,2024-12-12,Active
L00925,C00414,B00101,Home Loan,4072727.98,15.46,12,2024-06-28,Active
L00926,C03483,B00201,Business Loan,861083.55,13.53,120,2023-07-26,Closed
L00927,C04407,B00501,Education Loan,3543364.49,12.19,60,2025-06-19,Active
L00928,C00035,B00201,Business Loan,3553094.87,12.95,60,2024-05-22,Overdue
L00929,C00708,B00201,Education Loan,1465506.38,13.74,36,2023-05-06,Overdue
L00930,C01458,B00501,Home Loan,1053094.63,7.94,180,2025-01-09,Overdue
L00931,C04378,B00101,Home Loan,3991723.14,14.61,60,2024-03-09,Active
L00932,C02923,B00801,Auto Loan,1937439.87,7.68,24,2023-04-24,Active
L00933,C04125,B00801,Auto Loan,3099360.27,15.17,180,2024-02-22,Active
L00934,C04729,B00101,Personal Loan,233767.52,10.85,36,2023-07-24,Active
L00935,C00882,B00401,Home Loan,2408573.46,10.12,60,2023-08-03,Closed
L00936,C02598,B00201,Business Loan,4610783.88,15.28,180,2023-04-08,Active
L00937,C02591,B00101,Education Loan,1018425.17,8.92,12,2023-11-07,Active
L00938,C00796,B00201,Home Loan,2217448.18,10.58,24,2024-10-12,Active
L00939,C01710,B00401,Personal Loan,1367925.7,9.06,48,2024-01-12,Active
L00940,C01621,B00601,Education Loan,1418919.12,9.03,60,2023-11-13,Active
L00941,C04455,B00801,Personal Loan,4134645.97,10.8,12,2025-04-12,Active
L00942,C04988,B00401,Auto Loan,4822697.44,14.56,84,2025-07-06,Closed
L00943,C01460,B00501,Education Loan,1128649.6,12.82,60,2025-02-14,Overdue
L00944,C00226,B00601,Business Loan,777771.22,13.76,36,2024-11-18,Overdue
L00945,C02879,B00601,Education Loan,2232188.42,11.5,48,2023-10-16,Closed
L00946,C03804,B00201,Business Loan,4161259.05,10.52,12,2025-06-23,Closed
L00947,C04923,B00301,Education Loan,3970227.01,10.42,60,2023-02-15,Closed
L00948,C04329,B00301,Home Loan,1466430.22,11.56,12,2023-03-13,Active
L00949,C01635,B00101,Business Loan,2840234.74,11.57,60,2025-07-20,Active
L00950,C01406,B00701,Business Loan,2410008.47,12.91,120,2023-09-06,Closed
L00951,C02304,B00601,Auto Loan,2303096.75,12.59,12,2024-10-03,Overdue
L00952,C01715,B00401,Business Loan,4595988.12,12.15,60,2023-02-14,Active
L00953,C03411,B00901,Personal Loan,2716254.69,8.96,84,2023-10-20,Active
L00954,C02503,B00601,Education Loan,3589339.77,8.67,12,2024-09-14,Active
L00955,C02088,B00301,Business Loan,2595075.88,13.58,84,2025-05-20,Closed
L00956,C00730,B00901,Personal Loan,1413995.29,7.77,24,2025-05-21,Active
L00957,C02262,B00701,Personal Loan,879178.84,15.39,12,2023-07-23,Active
L00958,C02818,B00101,Personal Loan,2117410.56,14.89,180,2023-09-07,Active
L00959,C00181,B00101,Personal Loan,3355549.25,8.13,24,2024-10-25,Active
L00960,C04957,B00201,Business Loan,1892976.25,13.81,48,2025-06-13,Active
L00961,C02797,B00701,Business Loan,1098630.52,9.85,36,2023-06-28,Closed
L00962,C04874,B00201,Education Loan,1870921.13,11.91,48,2024-06-15,Overdue
L00963,C00066,B00201,Business Loan,4938971.23,11.76,60,2025-09-09,Overdue
L00964,C01080,B00901,Education Loan,2460094.52,10.83,24,2023-03-20,Active
L00965,C03770,B00101,Education Loan,3165561.53,8.28,24,2023-12-19,Closed
L00966,C00171,B00101,Home Loan,461115.09,15.05,12,2025-03-05,Active
L00967,C03719,B00901,Personal Loan,3176199.29,11.65,84,2024-06-07,Active
L00968,C02167,B00201,Home Loan,1859629.31,15.35,120,2025-08-05,Active
L00969,C03444,B00401,Business Loan,744100.81,15.5,48,2025-04-08,Active
L00970,C04298,B01001,Home Loan,980818.03,11.4,180,2023-12-02,Active
L00971,C01861,B00701,Personal Loan,1409054.24,11.93,120,2025-08-12,Active
L00972,C00801,B00601,Auto Loan,3162413.87,14.66,12,2025-03-08,Active
L00973,C01060,B00101,Business Loan,2725471.71,12.64,24,2024-06-16,Active
L00974,C02068,B00201,Auto Loan,2288050.49,10.58,180,2024-01-16,Overdue
L00975,C00058,B00201,Auto Loan,4282886.07,11.34,48,2024-12-22,Overdue
L00976,C04457,B00501,Education Loan,1554003.44,13.74,12,2023-06-27,Active
L00977,C00547,B00401,Education Loan,3189682.84,8.38,180,2023-07-29,Active
L00978,C03848,B00701,Education Loan,3384805.48,10.28,48,2024-04-17,Active
L00979,C01577,B00901,Business Loan,2570718.64,11.27,48,2024-06-18,Active
L00980,C02625,B00501,Business Loan,269978.54,9.46,24,2025-07-25,Active
L00981,C03562,B01001,Home Loan,476835.82,8.28,120,2025-06-26,Closed
L00982,C00019,B01001,Business Loan,2589432.29,13.15,120,2024-06-19,Overdue
L00983,C02105,B01001,Business Loan,3592339.9,11.77,180,2024-11-28,Active
L00984,C01208,B00901,Personal Loan,1251129.36,8.24,36,2025-05-28,Active
L00985,C02017,B00201,Education Loan,755812.97,12.34,12,2024-03-16,Overdue
L00986,C00264,B00501,Home Loan,666468.59,10.57,24,2025-08-21,Overdue
L00987,C04839,B00701,Home Loan,222485.24,13.56,120,2025-06-23,Active
L00988,C02439,B00401,Auto Loan,525026.85,11.91,12,2023-11-16,Active
L00989,C03402,B00101,Education Loan,1767087.05,11.51,120,2025-09-02,Closed
L00990,C04416,B00101,Home Loan,1873882.39,9.8,48,2023-08-31,Active
L00991,C01280,B00501,Personal Loan,58520.92,9.9,120,2023-10-27,Closed
L00992,C04107,B01001,Auto Loan,735829.11,7.77,12,2023-01-29,Closed
L00993,C00402,B00101,Personal Loan,1105053.67,9.0,60,2023-06-06,Active
L00994,C02433,B00101,Personal Loan,3687443.89,11.6,180,2024-08-09,Closed
L00995,C03209,B00301,Auto Loan,4448928.86,10.8,60,2025-04-01,Overdue
L00996,C02170,B00501,Auto Loan,4197652.7,9.05,48,2024-05-08,Active
L00997,C00186,B00901,Education Loan,402097.53,10.04,36,2023-03-03,Overdue
L00998,C00529,B00501,Business Loan,459363.78,9.76,24,2023-03-21,Active
L00999,C02250,B00401,Personal Loan,2326032.3,14.44,120,2023-04-14,Overdue
L01000,C00241,B00501,Home Loan,4246311.14,13.62,24,2023-09-02,Active
L01001,C01640,B00401,Auto Loan,1905569.49,13.17,120,2023-12-02,Closed
L01002,C03217,B00201,Education Loan,1034579.35,9.73,24,2024-04-20,Active
L01003,C00527,B00801,Auto Loan,3961414.82,15.18,48,2024-05-10,Active
L01004,C02211,B00901,Education Loan,1462024.49,7.67,48,2024-02-21,Closed
L01005,C03914,B00401,Auto Loan,820630.31,11.14,24,2025-07-01,Active
L01006,C00048,B00601,Business Loan,4402781.67,14.22,12,2025-01-22,Overdue
L01007,C03023,B01001,Business Loan,3615379.2,14.66,12,2023-12-05,Active
L01008,C03053,B00701,Personal Loan,4966462.17,11.46,84,2023-05-07,Active
L01009,C01819,B00101,Business Loan,3063327.66,12.07,24,2024-07-28,Closed
L01010,C01734,B00101,Business Loan,4951001.17,15.29,60,2023-04-11,Active
L01011,C02932,B00301,Business Loan,2435761.49,15.2,36,2025-03-02,Active
L01012,C00191,B00601,Home Loan,1067870.09,13.28,12,2024-12-31,Active
L01013,C04349,B00301,Home Loan,857487.63,9.69,180,2024-10-19,Overdue
L01014,C04210,B00501,Home Loan,570199.0,10.66,120,2024-02-16,Overdue
L01015,C03642,B00201,Business Loan,3406364.07,7.62,60,2024-06-02,Active
L01016,C03488,B00101,Auto Loan,4072088.08,14.51,180,2023-06-04,Active
L01017,C03866,B00301,Business Loan,3866467.4,8.82,24,2023-07-05,Active
L01018,C02314,B00401,Personal Loan,3828795.04,14.03,120,2025-06-09,Closed
L01019,C00727,B00501,Auto Loan,620051.65,10.95,12,2023-06-16,Active
L01020,C01019,B00401,Education Loan,1188638.8,9.36,60,2025-06-23,Active
L01021,C04247,B00201,Home Loan,2546719.43,14.39,120,2024-02-04,Active
L01022,C04128,B00801,Business Loan,4004948.88,9.02,48,2024-06-15,Overdue
L01023,C00811,B00801,Personal Loan,1405741.86,14.39,120,2024-04-05,Active
L01024,C03718,B00301,Personal Loan,2950317.28,14.72,120,2024-12-16,Active
L01025,C00836,B00701,Auto Loan,4769938.78,15.07,120,2023-11-06,Active
L01026,C04894,B00901,Auto Loan,1924240.81,11.74,48,2024-08-25,Active
L01027,C04102,B00301,Personal Loan,4692935.4,13.89,48,2024-02-03,Active
L01028,C03307,B01001,Education Loan,1519115.88,7.62,120,2025-03-23,Overdue
L01029,C03823,B00301,Personal Loan,407189.21,14.9,48,2025-03-03,Active
L01030,C04086,B00601,Business Loan,3357098.04,9.06,60,2025-02-16,Closed
L01031,C03491,B00801,Education Loan,2676466.93,8.14,84,2025-06-04,Active
L01032,C03844,B00801,Home Loan,77579.74,14.95,12,2024-07-02,Active
L01033,C03083,B00401,Auto Loan,514949.81,14.4,12,2024-03-16,Overdue
L01034,C02578,B00401,Business Loan,1558078.51,8.54,12,2024-05-22,Active
L01035,C02986,B00601,Education Loan,2726266.41,11.35,24,2025-07-06,Active
L01036,C03089,B00901,Home Loan,1607230.39,15.44,12,2024-06-06,Overdue
L01037,C00786,B00501,Auto Loan,1988465.05,8.18,84,2023-10-29,Closed
L01038,C04769,B00201,Personal Loan,694292.31,12.09,84,2025-08-05,Active
L01039,C02372,B01001,Business Loan,1168104.16,15.19,24,2025-04-02,Active
L01040,C03483,B00401,Education Loan,4059829.61,8.78,12,2025-07-09,Closed
L01041,C03919,B00501,Auto Loan,1535972.69,12.93,180,2023-12-26,Active
L01042,C01559,B00101,Business Loan,4362586.74,7.62,180,2025-06-15,Active
L01043,C03565,B00801,Personal Loan,159011.76,12.81,180,2024-09-21,Active
L01044,C02005,B00401,Personal Loan,3272779.98,14.63,48,2025-04-23,Closed
L01045,C00487,B00701,Education Loan,883624.71,10.83,120,2025-08-26,Overdue
L01046,C01248,B00201,Personal Loan,3809646.0,8.61,48,2024-01-11,Active
L01047,C00070,B00901,Business Loan,1199972.0,10.49,48,2023-12-26,Closed
L01048,C01739,B00301,Auto Loan,298804.1,9.33,84,2023-12-26,Active
L01049,C00146,B00301,Auto Loan,104269.98,14.48,60,2025-08-13,Active
L01050,C04271,B00301,Personal Loan,1750432.1,9.51,60,2023-10-07,Active
L01051,C03944,B00701,Home Loan,2116108.81,9.97,36,2023-07-22,Active
L01052,C03836,B00501,Business Loan,4613225.3,13.69,12,2024-07-31,Active
L01053,C04961,B00201,Home Loan,4219431.86,8.86,48,2023-10-30,Active
L01054,C00155,B01001,Auto Loan,804613.47,14.75,12,2023-08-05,Active
L01055,C02830,B00701,Education Loan,2688405.31,8.74,36,2024-01-10,Closed
L01056,C01711,B00601,Education Loan,4411088.28,10.07,180,2024-01-07,Active
L01057,C04128,B00701,Education Loan,292333.24,15.49,60,2023-10-30,Closed
L01058,C02189,B00801,Home Loan,284810.41,11.03,84,2025-01-18,Closed
L01059,C02540,B00901,Education Loan,1958233.04,9.53,24,2025-03-02,Closed
L01060,C02976,B00901,Education Loan,1498315.89,12.71,60,2024-06-01,Overdue
L01061,C00730,B01001,Education Loan,4760377.64,10.24,60,2023-10-02,Overdue
L01062,C00728,B00601,Personal Loan,566426.57,9.94,12,2024-04-29,Active
L01063,C04623,B00201,Business Loan,94499.35,12.55,24,2023-01-14,Active
L01064,C00621,B00401,Business Loan,925152.75,12.53,180,2024-03-11,Active
L01065,C01116,B00401,Auto Loan,1878495.28,12.48,60,2025-07-22,Active
L01066,C04324,B00301,Business Loan,1463680.6,15.05,84,2025-04-12,Active
L01067,C00565,B00401,Personal Loan,4074989.31,10.45,12,2023-11-22,Overdue
L01068,C03963,B00101,Personal Loan,389005.14,8.01,48,2025-09-03,Active
L01069,C00717,B00101,Home Loan,2949109.77,12.75,84,2023-02-03,Active
L01070,C03196,B00401,Education Loan,1497505.2,8.56,60,2023-10-11,Closed
L01071,C01022,B01001,Education Loan,3844379.6,13.98,84,2023-08-31,Overdue
L01072,C02534,B01001,Business Loan,2651126.55,10.88,36,2025-06-10,Active
L01073,C04324,B01001,Education Loan,3739831.94,10.71,60,2024-10-23,Active
L01074,C04350,B01001,Business Loan,304274.29,14.79,48,2025-04-23,Active
L01075,C04612,B00901,Auto Loan,2501544.25,12.42,24,2024-09-28,Closed
L01076,C02559,B00201,Business Loan,3994410.95,10.17,36,2023-11-09,Active
L01077,C02049,B00901,Education Loan,4852478.27,14.94,12,2023-04-21,Active
L01078,C00893,B00401,Business Loan,4432294.2,11.2,12,2024-01-30,Active
L01079,C02865,B00601,Personal Loan,2695518.5,9.56,24,2024-11-20,Active
L01080,C02845,B00501,Personal Loan,2235403.23,8.51,48,2024-02-26,Closed
L01081,C00578,B00201,Business Loan,1101755.31,10.5,12,2024-06-19,Overdue
L01082,C01495,B00301,Business Loan,4438122.9,15.2,24,2025-09-23,Active
L01083,C04137,B00601,Personal Loan,2844527.95,14.38,180,2024-04-21,Active
L01084,C00596,B01001,Auto Loan,3318347.64,13.03,84,2025-03-06,Active
L01085,C03996,B00901,Home Loan,1374993.7,7.69,84,2025-02-22,Overdue
L01086,C03834,B00101,Business Loan,1996097.99,9.92,36,2025-09-25,Active
L01087,C00744,B00901,Personal Loan,3961694.44,13.34,48,2023-06-07,Overdue
L01088,C04515,B00801,Business Loan,2877178.98,10.62,180,2024-04-22,Overdue
L01089,C01233,B00801,Home Loan,579973.07,15.01,180,2023-12-19,Closed
L01090,C03970,B00301,Home Loan,69012.83,12.24,180,2024-04-12,Active
L01091,C00068,B00801,Personal Loan,731143.77,13.89,84,2023-11-01,Active
L01092,C01884,B00301,Auto Loan,3996122.69,11.85,84,2024-07-22,Active
L01093,C00741,B00501,Business Loan,659244.08,9.46,36,2024-10-23,Active
L01094,C03461,B00801,Home Loan,91690.34,9.41,24,2024-01-15,Overdue
L01095,C04918,B00701,Education Loan,4328105.89,10.13,84,2023-03-19,Overdue
L01096,C01363,B00601,Auto Loan,3204286.9,9.17,120,2023-04-16,Active
L01097,C03517,B00401,Personal Loan,2037291.43,13.12,48,2023-02-03,Closed
L01098,C01546,B00301,Business Loan,4594922.72,10.49,180,2024-11-17,Closed
L01099,C00538,B00901,Home Loan,2616662.57,12.56,12,2023-02-14,Active
L01100,C01115,B00201,Education Loan,547683.53,11.25,120,2025-01-16,Overdue
L01101,C02654,B00301,Education Loan,952155.96,10.17,60,2024-06-08,Active
L01102,C00993,B00801,Business Loan,1089249.83,11.42,12,2025-06-23,Active
L01103,C01871,B01001,Business Loan,4690781.36,12.03,36,2024-09-18,Active
L01104,C02426,B00201,Home Loan,4446630.14,8.75,24,2024-11-29,Overdue
L01105,C04429,B00401,Personal Loan,225551.89,14.28,24,2023-04-29,Overdue
L01106,C02821,B00701,Education Loan,1070231.7,9.8,180,2024-08-06,Active
L01107,C04005,B00101,Personal Loan,483085.2,13.77,180,2024-04-27,Overdue
L01108,C00604,B00401,Business Loan,1451490.05,14.11,120,2023-05-21,Overdue
L01109,C01339,B00101,Auto Loan,1722038.45,11.74,48,2023-07-03,Closed
L01110,C03395,B00501,Personal Loan,2335804.66,10.52,12,2024-11-29,Overdue
L01111,C00446,B00301,Business Loan,3240381.21,8.28,24,2025-01-21,Closed
L01112,C03752,B00601,Education Loan,682758.88,9.19,36,2024-03-19,Active
L01113,C01888,B01001,Business Loan,1660355.8,11.6,120,2024-01-05,Overdue
L01114,C04099,B00201,Auto Loan,2903511.19,13.6,120,2025-04-18,Closed
L01115,C00741,B00501,Personal Loan,2454579.74,9.89,48,2023-07-31,Active
L01116,C02205,B00801,Education Loan,3954649.85,9.5,36,2024-06-08,Active
L01117,C01457,B00801,Home Loan,488519.04,15.4,84,2025-01-16,Active
L01118,C04603,B00101,Personal Loan,757915.3,10.55,180,2023-07-04,Active
L01119,C00752,B00701,Personal Loan,544264.62,9.17,12,2023-03-02,Active
L01120,C00519,B00101,Personal Loan,3170958.29,8.94,48,2025-08-04,Closed
L01121,C01212,B00101,Home Loan,1192460.28,11.05,180,2024-10-06,Active
L01122,C00965,B00401,Business Loan,918827.24,10.91,180,2025-01-07,Closed
L01123,C02884,B00101,Education Loan,4292605.95,9.63,12,2024-02-04,Active
L01124,C04672,B00201,Business Loan,2567293.43,10.35,48,2024-08-05,Active
L01125,C01151,B01001,Home Loan,904378.77,9.89,24,2025-06-01,Active
L01126,C01580,B00201,Business Loan,968917.8,8.49,84,2024-07-15,Closed
L01127,C04881,B00501,Business Loan,777073.79,10.95,48,2023-02-06,Closed
L01128,C04606,B00601,Business Loan,2572621.41,8.94,12,2024-04-13,Closed
L01129,C01545,B00801,Auto Loan,1101468.14,13.92,120,2024-05-06,Active
L01130,C01906,B00101,Auto Loan,3269780.64,14.75,12,2025-05-13,Closed
L01131,C04220,B00101,Home Loan,2370878.92,8.6,12,2024-07-04,Active
L01132,C02061,B00701,Business Loan,1843709.85,9.99,60,2025-03-10,Active
L01133,C04114,B00701,Education Loan,539054.87,12.99,60,2024-09-18,Active
L01134,C02970,B00401,Home Loan,3928095.18,14.64,24,2024-09-02,Active
L01135,C03860,B00901,Education Loan,1888723.2,12.26,60,2023-08-19,Active
L01136,C01450,B01001,Personal Loan,3337895.33,10.93,48,2024-04-13,Active
L01137,C03060,B01001,Auto Loan,4260409.73,8.37,48,2025-08-10,Active
L01138,C00816,B00901,Personal Loan,4907082.37,9.99,60,2025-01-06,Overdue
L01139,C02650,B00501,Personal Loan,1858742.06,9.43,36,2024-11-09,Closed
L01140,C04808,B00201,Education Loan,1291779.03,13.27,24,2025-07-10,Active
L01141,C03308,B00601,Education Loan,1272839.58,9.24,60,2024-11-20,Active
L01142,C04402,B00301,Personal Loan,4104426.61,10.67,12,2024-06-22,Active
L01143,C01072,B00101,Personal Loan,1018552.83,7.76,24,2023-05-04,Active
L01144,C01579,B00101,Home Loan,264261.24,10.02,120,2025-02-01,Active
L01145,C02797,B00501,Home Loan,883875.0,13.05,12,2023-10-11,Active
L01146,C03672,B01001,Education Loan,2031880.41,9.74,36,2025-05-23,Active
L01147,C04518,B00301,Business Loan,430218.34,14.09,120,2024-03-30,Active
L01148,C02111,B00701,Auto Loan,2884697.11,13.6,12,2023-07-11,Active
L01149,C01940,B00301,Education Loan,250679.55,14.59,60,2024-04-06,Closed
L01150,C04882,B00301,Education Loan,2231649.18,15.41,24,2024-03-06,Overdue
L01151,C00746,B00901,Personal Loan,2064559.91,8.06,180,2025-07-14,Active
L01152,C03152,B00101,Education Loan,4553102.82,7.87,36,2025-08-25,Active
L01153,C03933,B00101,Education Loan,3134516.65,10.69,120,2024-06-22,Closed
L01154,C00423,B00101,Auto Loan,2619114.69,7.91,120,2024-09-19,Active
L01155,C01203,B00101,Home Loan,1508296.81,8.14,36,2024-09-22,Active
L01156,C01080,B00701,Business Loan,4442671.94,9.74,120,2025-02-23,Active
L01157,C04435,B01001,Personal Loan,211833.02,9.02,120,2024-12-09,Overdue
L01158,C00553,B00801,Education Loan,4009795.87,15.17,36,2024-10-15,Active
L01159,C00351,B00601,Home Loan,994226.21,10.92,12,2024-05-15,Active
L01160,C02778,B00401,Personal Loan,1739472.51,15.41,24,2025-04-27,Active
L01161,C03554,B00401,Personal Loan,4354231.38,8.91,12,2023-07-24,Active
L01162,C00820,B00601,Business Loan,2965197.31,9.12,180,2024-04-12,Active
L01163,C00976,B01001,Home Loan,2553088.6,9.69,60,2025-06-13,Active
L01164,C04708,B00301,Business Loan,700931.0,12.78,120,2025-05-12,Active
L01165,C02498,B00201,Education Loan,4449713.82,13.1,24,2023-04-25,Active
L01166,C01806,B00901,Business Loan,232651.09,15.27,12,2025-06-22,Active
L01167,C03079,B00201,Personal Loan,299410.94,14.24,180,2023-08-26,Active
L01168,C03156,B00601,Home Loan,4234164.49,12.59,120,2025-02-21,Overdue
L01169,C00728,B00501,Personal Loan,4069369.8,14.61,60,2024-05-15,Active
L01170,C03562,B00801,Home Loan,1162278.35,14.07,24,2023-08-06,Active
L01171,C02691,B00401,Business Loan,2083478.54,15.13,180,2023-01-09,Closed
L01172,C00065,B00201,Business Loan,3006868.55,14.6,84,2024-08-06,Closed
L01173,C01286,B00901,Home Loan,3621475.37,15.04,84,2023-08-27,Active
L01174,C04898,B00801,Home Loan,4850076.17,14.45,180,2023-06-14,Closed
L01175,C01432,B00301,Auto Loan,1869911.21,12.45,36,2023-05-30,Active
L01176,C04902,B00701,Education Loan,1143426.65,10.57,180,2023-12-29,Active
L01177,C03430,B00101,Business Loan,1022978.83,10.89,60,2025-08-13,Active
L01178,C03074,B00501,Home Loan,1313421.28,11.08,60,2024-11-21,Active
L01179,C04884,B00401,Home Loan,2852742.2,14.56,120,2025-02-02,Closed
L01180,C04614,B00901,Auto Loan,3384730.54,9.94,36,2023-12-06,Active
L01181,C02357,B00101,Home Loan,1970305.49,11.86,12,2025-09-08,Active
L01182,C02369,B00301,Home Loan,2131268.06,8.06,48,2024-08-07,Active
L01183,C04803,B00401,Personal Loan,4483829.96,11.29,60,2024-01-11,Active
L01184,C03069,B00301,Personal Loan,3908532.2,15.31,24,2025-08-27,Closed
L01185,C01706,B00901,Personal Loan,3072434.72,7.66,48,2024-10-23,Active
L01186,C02989,B00801,Business Loan,718942.56,7.83,24,2025-05-03,Closed
L01187,C00335,B00701,Home Loan,1335653.92,13.66,60,2024-05-14,Closed
L01188,C03947,B00601,Personal Loan,4821859.12,14.17,48,2025-05-15,Active
L01189,C00245,B00401,Home Loan,3439399.66,11.61,180,2024-09-11,Overdue
L01190,C04103,B00901,Personal Loan,395285.66,8.58,24,2025-05-14,Active
L01191,C03948,B00401,Business Loan,2493631.06,13.93,60,2024-01-07,Active
L01192,C03710,B00201,Education Loan,1960556.08,11.55,84,2023-12-07,Overdue
L01193,C03950,B00101,Personal Loan,4228780.57,9.75,60,2023-06-02,Active
L01194,C02459,B00801,Auto Loan,2353289.59,10.9,24,2024-06-17,Active
L01195,C04866,B00901,Auto Loan,994259.57,8.47,60,2024-03-26,Active
L01196,C01691,B00501,Personal Loan,432518.08,8.32,60,2023-11-05,Closed
L01197,C03457,B00101,Auto Loan,3310964.63,7.63,84,2025-06-06,Active
L01198,C03531,B00401,Auto Loan,929044.54,11.37,120,2024-01-15,Closed
L01199,C04936,B00401,Business Loan,3323677.11,9.14,36,2024-05-01,Active
L01200,C04779,B01001,Auto Loan,2452371.01,11.65,48,2025-02-16,Closed
L01201,C03871,B01001,Home Loan,4277482.79,12.38,48,2024-10-01,Active
L01202,C03863,B00101,Auto Loan,2641927.68,14.06,24,2025-02-27,Active
L01203,C03172,B01001,Education Loan,3707930.32,13.59,180,2025-03-29,Overdue
L01204,C01333,B00401,Education Loan,4532736.76,9.72,84,2024-10-15,Active
L01205,C03992,B00101,Home Loan,2697993.93,8.51,60,2024-07-31,Closed
L01206,C01613,B00301,Home Loan,1700250.03,10.51,48,2024-12-13,Active
L01207,C00498,B00701,Education Loan,4016477.67,13.16,84,2024-10-29,Overdue
L01208,C03403,B00301,Personal Loan,4845102.04,9.51,24,2024-07-21,Closed
L01209,C00545,B00601,Business Loan,1718757.32,9.93,84,2025-02-23,Active
L01210,C02636,B00501,Auto Loan,730181.98,9.28,12,2025-04-04,Active
L01211,C02507,B00401,Auto Loan,1445303.56,9.55,36,2023-08-15,Active
L01212,C02715,B00601,Personal Loan,977093.31,13.01,120,2025-09-02,Active
L01213,C02442,B00801,Education Loan,1885151.07,14.86,36,2025-02-07,Closed
L01214,C01229,B00501,Personal Loan,1102647.68,13.09,12,2025-07-24,Active
L01215,C03822,B01001,Education Loan,972469.54,11.12,24,2025-01-06,Active
L01216,C00153,B00201,Personal Loan,4190776.86,8.5,180,2025-05-16,Closed
L01217,C01685,B00501,Personal Loan,1452015.56,8.27,24,2024-03-15,Active
L01218,C03581,B00301,Business Loan,1436744.11,12.54,180,2025-03-04,Active
L01219,C00421,B00701,Education Loan,1866872.67,8.45,180,2024-02-02,Active
L01220,C02324,B00301,Business Loan,1500505.57,13.54,36,2023-11-14,Active
L01221,C01056,B00401,Business Loan,2083173.76,14.65,180,2025-01-15,Active
L01222,C01019,B00701,Business Loan,2040929.58,12.94,84,2025-04-22,Active
L01223,C03497,B00301,Business Loan,1834856.34,12.28,120,2023-10-05,Active
L01224,C04839,B00901,Personal Loan,3370883.5,15.5,24,2025-01-28,Active
L01225,C04215,B00101,Personal Loan,4197932.23,10.42,84,2023-05-15,Active
L01226,C00384,B00401,Business Loan,4308869.65,10.55,180,2023-07-22,Overdue
L01227,C00136,B00501,Home Loan,4253682.34,13.54,24,2023-08-26,Active
L01228,C00843,B00901,Auto Loan,3235643.81,8.7,120,2024-03-09,Active
L01229,C04913,B00601,Personal Loan,64703.55,10.65,84,2024-06-04,Overdue
L01230,C00390,B00101,Auto Loan,3740538.73,9.93,24,2023-01-12,Overdue
L01231,C04318,B00501,Auto Loan,941465.89,9.01,84,2025-08-09,Overdue
L01232,C00739,B00201,Auto Loan,3315126.99,10.61,180,2024-01-26,Overdue
L01233,C02525,B00901,Home Loan,4478471.35,13.47,120,2024-11-16,Overdue
L01234,C00142,B01001,Auto Loan,2959704.94,7.6,120,2023-04-13,Overdue
L01235,C01416,B00101,Personal Loan,1745168.33,9.8,24,2023-10-04,Active
L01236,C03111,B00101,Business Loan,1819940.83,14.62,36,2023-01-01,Closed
L01237,C00990,B00201,Auto Loan,4987469.57,8.48,84,2023-03-30,Overdue
L01238,C02848,B00501,Auto Loan,3099991.44,15.48,60,2025-08-18,Active
L01239,C03809,B00801,Business Loan,2403057.86,9.3,12,2024-03-13,Active
L01240,C01353,B00301,Personal Loan,4132558.04,14.88,48,2024-01-04,Active
L01241,C03234,B00201,Education Loan,4071549.83,10.91,180,2024-12-14,Active
L01242,C02090,B00601,Personal Loan,2242526.95,13.86,36,2023-04-05,Active
L01243,C04042,B00501,Auto Loan,2086274.69,13.2,48,2024-05-05,Overdue
L01244,C01913,B00201,Home Loan,124932.12,8.35,120,2023-11-25,Active
L01245,C03139,B00501,Home Loan,1262293.78,8.85,12,2025-06-15,Active
L01246,C00486,B01001,Business Loan,639225.91,15.44,24,2024-06-12,Closed
L01247,C01917,B00601,Home Loan,429384.0,13.83,180,2024-10-01,Active
L01248,C04030,B00901,Auto Loan,1048385.97,14.49,84,2024-02-09,Active
L01249,C01125,B00901,Home Loan,2769712.87,14.97,12,2024-10-31,Closed
L01250,C00746,B00501,Education Loan,3859746.9,14.3,120,2023-12-16,Overdue
L01251,C02808,B00901,Business Loan,4242314.39,13.4,60,2024-03-14,Active
L01252,C04506,B00301,Education Loan,4999951.8,13.22,36,2023-01-13,Active
L01253,C03225,B00101,Personal Loan,1211949.08,7.87,120,2023-04-21,Closed
L01254,C00412,B00601,Business Loan,4324426.68,11.29,84,2024-12-21,Overdue
L01255,C02987,B00301,Education Loan,1279503.53,14.81,120,2024-04-25,Overdue
L01256,C00204,B01001,Personal Loan,3127470.96,14.59,12,2025-07-22,Active
L01257,C04163,B00901,Personal Loan,3851500.79,11.54,36,2025-05-02,Active
L01258,C00552,B00301,Home Loan,4371725.32,8.65,120,2025-05-23,Closed
L01259,C02226,B00101,Auto Loan,3150588.08,7.69,12,2024-06-05,Overdue
L01260,C04865,B00201,Education Loan,4452596.91,14.67,180,2024-08-06,Active
L01261,C03765,B00601,Personal Loan,185045.84,15.39,24,2023-06-17,Active
L01262,C04327,B00301,Business Loan,4148432.66,14.05,12,2024-03-02,Active
L01263,C03623,B00401,Business Loan,3325177.94,7.94,12,2023-11-24,Active
L01264,C03060,B00101,Education Loan,1836219.34,12.85,180,2025-07-01,Closed
L01265,C04286,B00201,Personal Loan,1285910.36,7.76,48,2024-09-09,Active
L01266,C01252,B00501,Education Loan,959543.31,9.36,84,2024-06-15,Active
L01267,C03555,B00601,Home Loan,1619696.66,14.52,36,2025-07-05,Active
L01268,C00803,B00601,Home Loan,2125801.5,10.33,36,2025-01-04,Active
L01269,C04082,B00701,Education Loan,2728196.42,8.79,48,2024-11-17,Closed
L01270,C02000,B00201,Business Loan,158726.93,10.18,24,2024-01-05,Active
L01271,C01740,B00901,Home Loan,238548.04,13.2,12,2023-01-05,Closed
L01272,C00956,B00501,Home Loan,3711283.18,15.45,60,2024-03-15,Active
L01273,C03115,B00501,Business Loan,3592922.7,12.5,60,2023-07-27,Closed
L01274,C02397,B00101,Business Loan,2616810.13,9.66,24,2023-08-24,Active
L01275,C04823,B00501,Auto Loan,4196619.59,7.75,60,2024-08-25,Active
L01276,C01903,B00401,Home Loan,3260299.74,12.47,84,2025-04-03,Active
L01277,C01768,B00201,Business Loan,2459572.41,14.77,84,2024-11-10,Active
L01278,C01615,B01001,Business Loan,4085466.65,12.54,60,2025-03-13,Active
L01279,C03104,B00301,Education Loan,3839039.77,12.77,48,2023-02-02,Active
L01280,C03446,B00301,Business Loan,2527523.62,8.05,180,2025-03-31,Overdue
L01281,C03756,B00601,Education Loan,1327497.55,11.27,12,2025-08-31,Active
L01282,C00579,B00701,Education Loan,871508.96,9.35,60,2024-05-31,Active
L01283,C01357,B00601,Auto Loan,1141348.25,8.55,12,2023-06-23,Overdue
L01284,C04131,B00801,Auto Loan,1106801.91,13.8,84,2024-01-29,Closed
L01285,C01290,B00101,Business Loan,3308868.84,9.61,60,2024-10-16,Closed
L01286,C01338,B00801,Education Loan,3521621.36,12.05,12,2024-11-07,Active
L01287,C04707,B00401,Personal Loan,4432870.67,11.58,48,2025-09-18,Active
L01288,C03563,B00201,Business Loan,1960071.74,12.74,12,2024-03-26,Active
L01289,C01383,B00101,Education Loan,3798312.92,11.9,24,2023-09-04,Active
L01290,C02330,B00101,Home Loan,1759345.22,8.21,48,2025-03-20,Active
L01291,C02535,B00101,Personal Loan,604109.25,10.05,120,2023-02-20,Closed
L01292,C04133,B00301,Home Loan,1696147.52,12.11,84,2023-12-08,Overdue
L01293,C03587,B00301,Business Loan,3618351.87,14.27,60,2023-10-06,Active
L01294,C00005,B00901,Home Loan,2905815.8,7.88,12,2023-03-03,Active
L01295,C03612,B01001,Business Loan,1645165.64,12.18,180,2024-07-12,Closed
L01296,C03118,B00801,Business Loan,3555769.41,9.26,120,2023-08-31,Closed
L01297,C02608,B01001,Education Loan,2246374.29,11.33,180,2025-09-11,Active
L01298,C03077,B00601,Auto Loan,4205561.74,10.09,180,2023-09-14,Active
L01299,C04295,B00901,Business Loan,125934.96,14.23,180,2024-06-20,Overdue
L01300,C00257,B00501,Business Loan,3535037.91,11.17,24,2024-05-20,Active
L01301,C04768,B00701,Education Loan,3017983.41,13.12,60,2025-09-23,Closed
L01302,C00351,B00301,Education Loan,1978402.49,12.97,180,2023-02-01,Active
L01303,C03222,B00701,Auto Loan,1621898.75,11.9,36,2024-05-04,Active
L01304,C04564,B00101,Personal Loan,1346481.74,10.87,24,2023-12-06,Active
L01305,C00021,B00501,Auto Loan,790466.86,10.44,180,2023-05-06,Overdue
L01306,C02859,B00101,Education Loan,2079783.85,13.87,24,2025-05-12,Active
L01307,C02114,B01001,Auto Loan,2964038.89,11.4,36,2023-05-08,Active
L01308,C03429,B00501,Education Loan,3889593.28,12.26,120,2024-04-19,Closed
L01309,C03762,B00301,Home Loan,2290234.78,13.57,36,2025-05-05,Active
L01310,C04281,B00601,Home Loan,2244602.75,13.34,120,2024-10-03,Overdue
L01311,C00445,B00801,Auto Loan,3140066.85,10.11,60,2023-12-20,Overdue
L01312,C02556,B00401,Business Loan,1784590.16,12.35,120,2024-09-07,Active
L01313,C02154,B00401,Business Loan,333030.67,15.34,48,2024-02-16,Closed
L01314,C03203,B00201,Home Loan,2488179.83,7.58,24,2024-05-28,Closed
L01315,C01232,B00301,Education Loan,766986.26,9.35,36,2024-09-16,Active
L01316,C02713,B01001,Personal Loan,3713738.49,12.6,24,2023-01-10,Active
L01317,C02636,B00501,Education Loan,473284.04,15.06,48,2023-10-28,Active
L01318,C02357,B00601,Business Loan,2492281.16,10.93,48,2024-06-12,Active
L01319,C03241,B00401,Education Loan,3091124.37,12.78,12,2025-06-23,Active
L01320,C00189,B00201,Auto Loan,2409209.26,9.81,84,2024-08-11,Active
L01321,C03809,B00401,Education Loan,1884746.89,15.45,24,2023-04-22,Closed
L01322,C03445,B00201,Auto Loan,3013539.41,10.46,36,2023-05-15,Active
L01323,C04743,B00201,Home Loan,3522501.27,10.29,84,2024-07-17,Active
L01324,C04245,B00201,Personal Loan,130949.51,8.33,36,2024-04-17,Active
L01325,C00966,B00101,Business Loan,4004285.62,12.33,180,2025-08-15,Active
L01326,C00407,B00101,Home Loan,1988325.04,11.7,48,2025-06-11,Active
L01327,C02360,B00301,Auto Loan,1484084.73,11.63,60,2023-02-04,Active
L01328,C00718,B00601,Business Loan,4576885.03,11.84,36,2023-03-13,Active
L01329,C02355,B00101,Home Loan,2000804.98,11.41,120,2025-07-25,Overdue
L01330,C00132,B01001,Education Loan,1803270.19,11.11,12,2023-09-19,Active
L01331,C03284,B00401,Auto Loan,1069396.37,12.23,60,2025-07-01,Active
L01332,C04397,B00801,Education Loan,3015897.0,9.23,120,2025-08-05,Closed
L01333,C04434,B00301,Education Loan,1351632.57,13.35,36,2023-05-06,Active
L01334,C03329,B00601,Business Loan,906713.7,11.89,12,2024-04-07,Active
L01335,C01496,B00701,Home Loan,963255.45,13.12,120,2023-07-27,Active
L01336,C02935,B00201,Home Loan,1068707.74,12.55,36,2024-08-28,Active
L01337,C04204,B00201,Business Loan,4019450.63,8.61,180,2024-10-28,Active
L01338,C00071,B00901,Auto Loan,4872515.99,9.35,60,2024-11-12,Active
L01339,C00491,B00901,Auto Loan,1522569.99,7.71,48,2024-12-27,Active
L01340,C00525,B01001,Home Loan,2663233.4,11.58,24,2023-06-17,Overdue
L01341,C04439,B00901,Home Loan,3176933.58,7.56,84,2023-02-13,Active
L01342,C03176,B00601,Auto Loan,3389176.79,9.32,12,2023-02-01,Active
L01343,C04325,B00101,Auto Loan,2784161.39,10.1,180,2024-11-02,Active
L01344,C00522,B00201,Business Loan,192828.02,8.32,36,2024-04-10,Active
L01345,C01083,B00101,Home Loan,4113381.84,9.86,48,2023-06-16,Overdue
L01346,C04224,B00501,Business Loan,83593.95,9.85,84,2023-02-18,Active
L01347,C03556,B00501,Home Loan,1528340.76,13.15,180,2025-02-15,Active
L01348,C00711,B00301,Auto Loan,3080586.75,9.1,180,2025-05-06,Active
L01349,C03298,B00201,Business Loan,4071805.13,14.36,48,2024-05-10,Closed
L01350,C01772,B00501,Education Loan,2751925.0,9.5,12,2024-10-04,Active
L01351,C04551,B01001,Education Loan,1571306.53,12.57,84,2023-06-26,Active
L01352,C01797,B00301,Personal Loan,1318361.38,12.29,12,2023-01-13,Closed
L01353,C03649,B00901,Personal Loan,2726685.61,14.65,120,2025-05-01,Active
L01354,C01530,B00701,Auto Loan,3650106.2,9.23,84,2025-04-06,Overdue
L01355,C04491,B00901,Business Loan,3951607.5,13.55,60,2024-08-17,Active
L01356,C04448,B00601,Home Loan,1048657.86,10.84,48,2025-06-19,Closed
L01357,C01339,B00601,Personal Loan,348380.62,13.13,84,2023-05-08,Closed
L01358,C03120,B00901,Education Loan,2607735.69,12.48,24,2023-01-02,Active
L01359,C01841,B00301,Home Loan,4009267.29,10.71,60,2023-07-20,Closed
L01360,C03183,B00101,Personal Loan,4929941.11,10.25,12,2023-03-20,Active
L01361,C03227,B00201,Home Loan,4976564.81,11.91,60,2025-04-18,Closed
L01362,C00093,B00501,Home Loan,1160283.86,13.88,48,2023-09-23,Active
L01363,C02437,B00301,Auto Loan,551524.76,9.97,84,2025-03-13,Overdue
L01364,C01625,B00601,Auto Loan,2982695.32,8.48,120,2023-11-14,Closed
L01365,C04989,B00101,Education Loan,1439676.42,12.83,24,2023-09-27,Closed
L01366,C01597,B00601,Education Loan,2493961.71,8.93,12,2024-08-06,Closed
L01367,C03361,B01001,Home Loan,2039279.79,9.47,12,2024-01-29,Active
L01368,C01474,B01001,Business Loan,4689093.97,10.65,180,2023-07-27,Overdue
L01369,C03083,B00501,Education Loan,2949775.67,11.04,120,2025-04-19,Active
L01370,C02688,B00201,Home Loan,2364250.3,13.77,12,2024-08-25,Closed
L01371,C01793,B00601,Personal Loan,2302556.89,10.27,60,2023-03-11,Closed
L01372,C04433,B00201,Home Loan,2604759.27,9.97,120,2025-05-14,Closed
L01373,C01315,B00601,Auto Loan,4492675.45,10.43,48,2024-03-20,Active
L01374,C00548,B00901,Auto Loan,3000651.78,14.12,36,2025-01-18,Overdue
L01375,C03528,B00301,Auto Loan,1325396.88,13.25,84,2023-06-07,Active
L01376,C00614,B01001,Business Loan,1848989.87,9.09,12,2024-03-26,Active
L01377,C01393,B00301,Auto Loan,172644.14,13.4,48,2024-04-03,Active
L01378,C04158,B00301,Education Loan,2658560.05,8.06,48,2024-08-01,Closed
L01379,C04078,B01001,Home Loan,2803362.02,8.11,180,2024-01-29,Active
L01380,C02954,B00201,Home Loan,4502451.82,8.01,120,2023-08-21,Closed
L01381,C02553,B00601,Education Loan,4123676.1,8.04,48,2025-06-27,Active
L01382,C02289,B01001,Home Loan,1108773.94,7.73,36,2025-05-07,Closed
L01383,C04998,B00901,Education Loan,1138330.33,9.39,36,2023-09-23,Active
L01384,C01634,B00501,Business Loan,4906301.88,12.65,48,2023-02-10,Closed
L01385,C01391,B00801,Auto Loan,348724.33,8.93,120,2024-07-17,Closed
L01386,C01132,B00401,Education Loan,394697.61,14.25,60,2023-04-06,Active
L01387,C01662,B01001,Home Loan,3217049.76,14.71,24,2024-01-12,Overdue
L01388,C04865,B00501,Business Loan,4367076.11,11.56,48,2024-09-11,Closed
L01389,C01359,B00401,Personal Loan,1931846.07,9.48,48,2024-04-01,Active
L01390,C03367,B01001,Personal Loan,3019792.54,12.9,120,2023-05-24,Active
L01391,C00214,B00701,Auto Loan,4181107.0,9.07,120,2023-11-25,Active
L01392,C01010,B01001,Education Loan,1827930.75,11.25,36,2025-09-08,Overdue
L01393,C03071,B00301,Home Loan,1678805.93,15.41,12,2023-05-07,Overdue
L01394,C00419,B00901,Auto Loan,3019240.26,13.44,24,2024-01-15,Active
L01395,C01805,B01001,Auto Loan,3480865.27,14.78,48,2024-09-18,Active
L01396,C01091,B00101,Home Loan,2817234.25,10.82,84,2024-10-20,Overdue
L01397,C03760,B00201,Education Loan,2654927.12,8.55,12,2025-05-18,Active
L01398,C04749,B00701,Business Loan,449193.16,15.06,12,2023-12-17,Overdue
L01399,C03249,B00801,Business Loan,4354077.47,10.76,12,2024-10-10,Active
L01400,C01345,B00301,Education Loan,4137712.7,9.76,36,2023-12-29,Active
L01401,C04260,B01001,Business Loan,1570901.67,10.13,12,2025-02-08,Active
L01402,C01295,B00201,Education Loan,2162316.03,9.19,24,2024-07-10,Closed
L01403,C04489,B00101,Personal Loan,3842570.5,14.44,180,2024-10-14,Closed
L01404,C04751,B00301,Business Loan,1679731.75,8.42,36,2024-11-24,Active
L01405,C03897,B00601,Business Loan,616150.08,14.23,36,2023-11-21,Active
L01406,C01686,B00301,Personal Loan,2946761.41,9.06,60,2024-05-29,Closed
L01407,C03553,B00501,Home Loan,1248483.32,10.97,84,2023-08-17,Active
L01408,C02788,B00401,Personal Loan,4931208.35,8.78,24,2024-06-10,Closed
L01409,C00114,B00101,Auto Loan,1636925.52,10.29,120,2023-10-07,Overdue
L01410,C03067,B00301,Education Loan,3132666.78,10.91,120,2023-04-06,Active
L01411,C04740,B00501,Auto Loan,3355789.92,12.39,24,2025-04-26,Active
L01412,C02240,B00501,Home Loan,3636806.01,13.48,180,2023-10-24,Active
L01413,C01980,B00201,Home Loan,1987081.27,14.5,84,2024-05-05,Closed
L01414,C00937,B00701,Business Loan,491777.22,13.36,24,2025-03-22,Active
L01415,C03965,B01001,Auto Loan,4543784.11,11.1,120,2024-09-06,Active
L01416,C01366,B00601,Personal Loan,1226779.09,13.03,60,2024-02-28,Active
L01417,C04740,B00501,Personal Loan,2767060.72,8.54,120,2024-08-21,Active
L01418,C04094,B00801,Personal Loan,3496478.9,10.85,12,2024-02-16,Closed
L01419,C02295,B01001,Auto Loan,4775133.26,13.77,36,2023-12-25,Active
L01420,C02968,B00501,Home Loan,810839.29,12.99,24,2023-09-18,Active
L01421,C04614,B00601,Education Loan,4777482.35,12.91,120,2025-01-07,Closed
L01422,C03460,B00701,Education Loan,97581.78,12.75,60,2025-02-11,Active
L01423,C03687,B00101,Education Loan,193433.3,11.56,12,2025-05-26,Closed
L01424,C04750,B00301,Business Loan,4633051.83,8.32,24,2025-02-14,Active
L01425,C01161,B00301,Auto Loan,1379406.67,12.98,60,2025-01-10,Active
L01426,C00172,B00301,Business Loan,884813.26,15.07,84,2024-10-22,Closed
L01427,C04969,B00201,Business Loan,2774004.96,11.69,180,2024-11-19,Active
L01428,C01222,B00201,Home Loan,4492679.41,10.32,60,2024-12-26,Overdue
L01429,C03273,B00701,Business Loan,293374.3,13.37,120,2025-03-18,Closed
L01430,C01669,B00501,Home Loan,237099.13,9.56,12,2025-02-10,Overdue
L01431,C01588,B00101,Auto Loan,2933152.2,12.61,120,2024-12-15,Overdue
L01432,C00285,B00601,Education Loan,4327897.5,12.58,24,2025-01-06,Active
L01433,C00723,B00901,Auto Loan,75436.61,7.62,60,2025-01-05,Closed
L01434,C04722,B00901,Auto Loan,1426228.59,9.46,36,2023-08-05,Closed
L01435,C03786,B00801,Business Loan,264417.42,10.4,24,2024-11-21,Active
L01436,C01797,B00501,Home Loan,664412.54,11.88,48,2024-10-25,Overdue
L01437,C04565,B00401,Home Loan,1430889.18,14.21,60,2025-01-05,Closed
L01438,C04674,B00601,Business Loan,3631277.85,8.67,48,2024-05-14,Active
L01439,C00330,B00501,Personal Loan,4513681.76,9.41,12,2024-02-06,Active
L01440,C02659,B00201,Education Loan,1426390.12,9.22,60,2023-10-18,Active
L01441,C04481,B00101,Business Loan,3376361.17,7.62,84,2024-03-19,Active
L01442,C03061,B00101,Auto Loan,246914.39,12.67,60,2023-11-01,Closed
L01443,C02712,B01001,Auto Loan,1107610.75,11.91,36,2024-01-08,Active
L01444,C04572,B00301,Auto Loan,3195732.32,11.95,120,2025-03-08,Active
L01445,C03299,B00501,Auto Loan,491374.21,14.63,120,2023-03-23,Active
L01446,C04270,B00901,Auto Loan,2827020.17,9.97,36,2023-04-13,Active
L01447,C04928,B00301,Personal Loan,2646109.74,10.88,24,2023-08-06,Active
L01448,C04037,B00901,Auto Loan,2921459.28,7.87,24,2025-05-24,Active
L01449,C00096,B00401,Home Loan,1365860.43,12.92,36,2023-02-09,Overdue
L01450,C04456,B00801,Education Loan,2632065.69,8.56,180,2024-10-13,Active
L01451,C02590,B00701,Personal Loan,2657035.13,14.88,180,2023-03-13,Overdue
L01452,C04072,B00701,Education Loan,4285058.03,11.94,12,2023-08-17,Active
L01453,C02817,B00101,Home Loan,902421.14,9.84,48,2024-08-10,Overdue
L01454,C04507,B00201,Auto Loan,4716890.32,11.17,60,2025-01-17,Active
L01455,C01752,B00301,Home Loan,1898500.08,10.25,180,2023-05-11,Closed
L01456,C02631,B00901,Personal Loan,3437629.9,11.22,48,2025-04-01,Closed
L01457,C02006,B00601,Personal Loan,768536.26,8.75,48,2025-09-02,Closed
L01458,C04795,B00101,Education Loan,2075091.75,8.79,60,2024-06-06,Active
L01459,C01409,B00201,Education Loan,3167338.69,14.27,12,2023-11-24,Overdue
L01460,C04124,B00601,Personal Loan,4707346.4,7.57,12,2024-01-06,Active
L01461,C04785,B01001,Auto Loan,3448137.31,9.95,24,2023-01-26,Active
L01462,C01108,B00601,Home Loan,935551.2,15.21,24,2025-02-05,Overdue
L01463,C02458,B00601,Education Loan,3567363.09,13.87,180,2024-04-13,Active
L01464,C02972,B00601,Auto Loan,4282884.6,12.02,60,2024-11-08,Closed
L01465,C02989,B00901,Business Loan,1760701.71,8.87,24,2024-09-30,Active
L01466,C00910,B00201,Personal Loan,2163500.56,10.39,60,2023-03-09,Active
L01467,C03840,B00301,Business Loan,236464.65,8.92,36,2024-04-12,Active
L01468,C02879,B00201,Personal Loan,1528120.91,7.61,60,2023-08-08,Overdue
L01469,C03219,B00901,Home Loan,177478.71,12.15,120,2023-12-19,Active
L01470,C02362,B00801,Business Loan,4838346.04,11.78,48,2024-11-07,Active
L01471,C01854,B00301,Auto Loan,356942.59,7.72,24,2024-07-17,Closed
L01472,C01232,B00301,Education Loan,4080887.82,10.6,12,2023-08-03,Active
L01473,C00042,B00101,Auto Loan,623133.52,14.23,24,2024-06-27,Active
L01474,C00051,B00401,Home Loan,3391805.31,11.75,24,2025-05-09,Active
L01475,C00481,B00101,Personal Loan,786355.61,11.76,12,2024-01-10,Active
L01476,C01902,B00501,Personal Loan,2606581.3,11.84,36,2023-03-16,Active
L01477,C00794,B00601,Education Loan,4300157.23,15.32,48,2025-06-08,Active
L01478,C03049,B00401,Personal Loan,2316255.39,11.24,24,2024-05-08,Active
L01479,C00044,B00601,Home Loan,2858886.12,13.69,120,2025-03-02,Active
L01480,C01151,B00501,Home Loan,4461382.13,12.65,60,2023-11-10,Closed
L01481,C00890,B01001,Home Loan,4725355.43,8.69,36,2025-04-14,Overdue
L01482,C00057,B00601,Business Loan,2381341.87,12.33,120,2023-03-01,Closed
L01483,C04941,B00201,Business Loan,4019923.39,10.18,60,2023-07-14,Active
L01484,C02869,B00401,Education Loan,2735482.79,13.57,48,2023-03-13,Active
L01485,C03378,B00301,Education Loan,3236968.04,13.82,180,2025-03-13,Active
L01486,C02318,B00701,Auto Loan,3194802.77,14.11,12,2023-10-09,Active
L01487,C01388,B01001,Home Loan,1264295.64,13.03,60,2024-04-12,Closed
L01488,C00419,B00801,Education Loan,3235122.84,11.99,120,2024-05-09,Active
L01489,C00741,B00501,Auto Loan,4839308.36,8.51,84,2025-04-15,Active
L01490,C03341,B00301,Personal Loan,445932.73,12.69,36,2025-04-25,Active
L01491,C04659,B00701,Home Loan,569789.35,11.56,120,2024-09-11,Active
L01492,C04737,B00701,Auto Loan,4155907.85,8.27,24,2024-08-24,Active
L01493,C03362,B00501,Business Loan,2184115.7,11.19,180,2025-07-11,Active
L01494,C02347,B00601,Auto Loan,4352578.21,11.91,180,2025-01-24,Overdue
L01495,C02414,B00801,Personal Loan,1559679.65,9.11,12,2024-04-24,Active
L01496,C03191,B00801,Home Loan,948176.6,11.51,120,2024-10-30,Overdue
L01497,C02742,B00701,Home Loan,4441357.15,8.21,60,2023-04-05,Active
L01498,C01929,B01001,Home Loan,2361989.28,9.01,120,2024-01-10,Active
L01499,C01904,B00901,Education Loan,2014647.57,10.21,12,2023-01-22,Active
L01500,C03892,B00801,Home Loan,1561260.94,8.05,48,2025-06-16,Active
L01501,C01579,B00701,Personal Loan,861614.81,11.69,84,2024-04-01,Active
L01502,C01267,B00201,Education Loan,3774364.25,8.19,84,2023-07-16,Active
L01503,C01103,B00501,Business Loan,133772.14,10.03,12,2025-09-26,Active
L01504,C01462,B00101,Business Loan,2746741.92,11.32,180,2023-12-01,Closed
L01505,C02147,B00701,Education Loan,1546974.57,12.92,12,2024-08-24,Active
L01506,C00404,B00201,Home Loan,1543919.01,10.66,84,2024-04-15,Active
L01507,C03558,B00301,Home Loan,2642773.5,11.55,84,2024-09-08,Active
L01508,C01104,B00501,Education Loan,4279945.43,13.28,12,2023-08-10,Active
L01509,C04455,B00301,Personal Loan,1146099.11,14.8,48,2024-12-16,Closed
L01510,C04245,B00301,Home Loan,1992200.73,13.49,84,2024-05-20,Closed
L01511,C01831,B00301,Personal Loan,2139789.93,9.69,180,2023-04-22,Active
L01512,C03514,B00501,Personal Loan,624597.49,13.08,36,2023-12-02,Closed
L01513,C04428,B00201,Personal Loan,975021.96,15.0,60,2024-10-11,Active
L01514,C01938,B01001,Personal Loan,2230909.05,7.66,24,2025-07-04,Closed
L01515,C02898,B00101,Personal Loan,3001996.97,8.43,84,2024-10-11,Active
L01516,C02906,B01001,Education Loan,2543393.4,12.0,60,2024-10-30,Active
L01517,C01477,B00301,Personal Loan,3678033.41,9.07,60,2023-12-13,Overdue
L01518,C03907,B00401,Business Loan,1300706.64,14.23,120,2023-06-26,Active
L01519,C04582,B00301,Personal Loan,1127266.23,8.03,48,2023-05-24,Active
L01520,C01119,B00101,Personal Loan,1007202.06,13.18,180,2024-12-21,Overdue
L01521,C01754,B00201,Education Loan,848533.08,14.15,48,2025-01-20,Overdue
L01522,C01566,B00501,Auto Loan,3762425.8,13.3,12,2024-11-23,Closed
L01523,C01243,B00801,Business Loan,2818130.74,13.58,36,2023-01-25,Active
L01524,C03751,B00901,Education Loan,1707641.47,11.02,60,2023-06-06,Active
L01525,C02657,B00201,Home Loan,3092077.67,14.37,36,2025-01-10,Overdue
L01526,C00655,B00701,Home Loan,1906900.18,9.94,36,2023-08-08,Active
L01527,C00698,B00701,Auto Loan,3561471.23,8.34,24,2024-05-16,Active
L01528,C04720,B00601,Auto Loan,4634602.48,8.3,84,2024-05-16,Closed
L01529,C00376,B00401,Business Loan,3983859.28,10.68,12,2023-10-29,Overdue
L01530,C02092,B00701,Home Loan,2544530.1,13.12,12,2023-04-26,Active
L01531,C03557,B00201,Auto Loan,1364295.33,15.14,84,2025-07-28,Closed
L01532,C00091,B00901,Home Loan,2114335.16,14.26,84,2024-03-03,Closed
L01533,C01087,B00401,Education Loan,4859568.8,14.62,60,2025-07-13,Closed
L01534,C04440,B00601,Education Loan,3859858.86,12.92,48,2024-04-24,Active
L01535,C03012,B00101,Education Loan,1590699.35,7.7,36,2024-10-06,Active
L01536,C02458,B01001,Business Loan,2361471.34,14.35,60,2023-11-30,Overdue
L01537,C04590,B00201,Personal Loan,4217501.07,14.32,24,2024-07-12,Active
L01538,C02415,B00201,Personal Loan,2454575.31,13.02,120,2024-02-10,Closed
L01539,C02888,B00101,Auto Loan,2757199.63,12.47,24,2023-12-02,Active
L01540,C01504,B00301,Business Loan,4613867.29,13.8,48,2024-11-12,Overdue
L01541,C00208,B00601,Auto Loan,1609512.95,7.71,48,2024-07-28,Overdue
L01542,C01473,B00101,Home Loan,1371733.12,10.24,12,2023-04-03,Active
L01543,C02451,B00701,Home Loan,3301681.32,11.78,24,2025-08-17,Active
L01544,C02459,B00401,Auto Loan,3634480.45,13.33,24,2025-05-25,Closed
L01545,C00592,B00201,Business Loan,2558055.41,13.97,84,2024-09-07,Overdue
L01546,C04453,B00101,Home Loan,3286624.27,10.03,84,2024-02-06,Closed
L01547,C02432,B00101,Auto Loan,351550.0,15.1,36,2024-05-05,Active
L01548,C01603,B00801,Personal Loan,3243779.07,8.44,36,2024-11-28,Closed
L01549,C03412,B00901,Home Loan,2050962.33,14.26,120,2023-08-10,Overdue
L01550,C01232,B00201,Home Loan,4420714.09,9.02,36,2025-01-05,Active
L01551,C01245,B00401,Personal Loan,4995824.7,8.39,48,2023-04-19,Active
L01552,C03900,B00401,Business Loan,1285385.93,11.15,24,2024-04-16,Active
L01553,C00967,B00201,Personal Loan,4733159.87,14.17,60,2024-02-27,Active
L01554,C02316,B00101,Auto Loan,492913.85,8.41,84,2024-02-08,Active
L01555,C04062,B00501,Personal Loan,1209606.42,11.89,120,2023-06-25,Closed
L01556,C02513,B01001,Home Loan,2653121.81,8.75,24,2023-10-25,Active
L01557,C04500,B01001,Home Loan,2923047.91,8.08,24,2024-12-01,Active
L01558,C01180,B01001,Auto Loan,4790214.56,12.57,24,2025-07-04,Active
L01559,C01482,B00701,Education Loan,243832.33,11.09,180,2025-01-28,Active
L01560,C00858,B00401,Auto Loan,2296790.85,13.06,120,2024-08-02,Active
L01561,C01833,B00901,Education Loan,467001.58,14.83,60,2025-05-23,Active
L01562,C01502,B00501,Business Loan,1994460.16,8.07,36,2025-09-13,Closed
L01563,C01151,B00301,Home Loan,2803108.26,7.78,180,2024-08-28,Active
L01564,C02664,B00701,Home Loan,1441505.77,12.27,60,2023-07-27,Active
L01565,C00599,B00301,Education Loan,3513843.68,10.38,36,2024-09-08,Closed
L01566,C00392,B00901,Home Loan,4601761.17,9.72,60,2025-03-11,Active
L01567,C02180,B00501,Home Loan,2471943.68,10.97,12,2023-10-04,Active
L01568,C04646,B01001,Home Loan,4712119.22,8.66,84,2024-05-05,Active
L01569,C02379,B01001,Auto Loan,3511927.98,14.91,12,2023-04-15,Overdue
L01570,C00761,B00101,Auto Loan,828263.26,11.32,36,2023-01-18,Overdue
L01571,C04174,B00601,Business Loan,2819352.53,11.12,36,2024-07-14,Overdue
L01572,C01779,B00101,Business Loan,3964044.41,9.95,84,2024-09-10,Active
L01573,C03879,B00101,Auto Loan,4497920.49,9.59,48,2025-04-13,Closed
L01574,C01332,B00201,Auto Loan,4783139.81,13.07,84,2024-01-21,Overdue
L01575,C03334,B00301,Personal Loan,4166415.92,14.03,84,2023-03-19,Active
L01576,C02377,B00901,Business Loan,2143172.33,9.98,180,2023-10-08,Overdue
L01577,C00549,B00301,Business Loan,1872950.71,12.8,48,2024-07-04,Active
L01578,C02836,B00101,Education Loan,3747585.31,15.29,120,2023-09-19,Active
L01579,C01164,B00301,Education Loan,335075.97,14.37,12,2024-09-19,Active
L01580,C03901,B00501,Auto Loan,4959938.08,10.66,60,2024-01-04,Active
L01581,C00641,B00301,Education Loan,566265.65,9.14,24,2023-07-23,Active
L01582,C00514,B00501,Business Loan,211980.03,12.06,84,2023-10-12,Active
L01583,C02624,B00901,Education Loan,2328498.41,8.17,12,2025-05-26,Active
L01584,C04382,B00201,Personal Loan,4773893.62,12.83,180,2024-02-16,Active
L01585,C03731,B00801,Auto Loan,2231179.22,12.89,24,2023-05-16,Closed
L01586,C01146,B01001,Personal Loan,3010582.18,11.98,60,2023-04-08,Closed
L01587,C04564,B00601,Home Loan,3482306.38,9.53,12,2024-04-11,Active
L01588,C02962,B00401,Education Loan,1373529.3,12.37,36,2023-03-29,Active
L01589,C03910,B00601,Education Loan,172142.72,8.44,84,2023-02-19,Active
L01590,C04331,B00801,Auto Loan,277186.41,15.3,12,2025-05-01,Closed
L01591,C01405,B00801,Business Loan,2344758.99,10.01,24,2025-06-10,Overdue
L01592,C02500,B00901,Auto Loan,4003755.64,15.15,12,2024-01-09,Active
L01593,C04518,B00601,Business Loan,3228952.55,7.58,84,2024-07-30,Active
L01594,C00919,B00901,Auto Loan,2692977.74,14.66,84,2025-08-17,Closed
L01595,C01316,B01001,Auto Loan,1319657.04,10.28,60,2023-08-02,Closed
L01596,C03301,B00201,Auto Loan,3677636.31,11.46,48,2024-10-19,Active
L01597,C04458,B00501,Auto Loan,4203560.79,14.82,84,2023-06-04,Active
L01598,C02842,B01001,Home Loan,658265.57,14.69,48,2024-06-06,Overdue
L01599,C03878,B00901,Personal Loan,3921726.43,9.13,48,2024-05-22,Overdue
L01600,C00486,B00501,Education Loan,2773320.4,13.99,36,2023-10-19,Active
L01601,C03280,B00801,Personal Loan,3200188.83,7.87,48,2024-06-16,Active
L01602,C01486,B00201,Business Loan,1557220.74,8.71,36,2024-06-05,Overdue
L01603,C03224,B00701,Auto Loan,131414.18,10.77,84,2025-07-16,Active
L01604,C00710,B00401,Business Loan,2698712.83,9.48,48,2023-12-12,Closed
L01605,C01983,B00501,Home Loan,4487946.42,10.88,24,2024-03-03,Overdue
L01606,C04976,B00801,Auto Loan,674559.78,12.52,12,2023-11-02,Closed
L01607,C04644,B00301,Auto Loan,1799218.29,14.38,180,2023-05-14,Active
L01608,C02421,B00501,Business Loan,3233738.39,13.6,60,2024-04-20,Active
L01609,C03519,B00901,Personal Loan,4730442.88,13.29,60,2024-12-09,Active
L01610,C02242,B00501,Home Loan,4434786.47,7.5,84,2024-10-26,Active
L01611,C03515,B01001,Business Loan,3615339.39,11.01,84,2023-07-08,Overdue
L01612,C01227,B00201,Personal Loan,424384.4,12.64,60,2023-05-15,Active
L01613,C00645,B00801,Auto Loan,1507213.24,11.78,60,2024-04-28,Overdue
L01614,C01272,B00301,Personal Loan,162451.51,7.72,36,2023-04-08,Active
L01615,C02534,B01001,Business Loan,424397.12,7.85,84,2023-11-08,Overdue
L01616,C00480,B00401,Personal Loan,2291914.2,8.95,24,2023-12-31,Active
L01617,C02956,B00501,Auto Loan,3137329.33,8.12,36,2024-01-24,Active
L01618,C03304,B00401,Personal Loan,3717171.26,8.76,12,2023-04-29,Closed
L01619,C04932,B00101,Auto Loan,167331.6,7.7,24,2023-01-11,Active
L01620,C02646,B00201,Business Loan,3915191.22,13.12,24,2025-05-15,Overdue
L01621,C01876,B00301,Business Loan,695868.45,12.18,120,2023-08-13,Active
L01622,C00204,B00401,Education Loan,4620933.34,11.85,84,2024-02-24,Active
L01623,C02914,B00101,Home Loan,4149350.08,8.85,180,2024-09-05,Active
L01624,C01820,B00201,Personal Loan,4386223.66,11.47,84,2024-07-24,Overdue
L01625,C04946,B00301,Auto Loan,3821942.52,7.97,24,2024-09-12,Active
L01626,C02930,B00701,Business Loan,3166189.11,12.25,36,2023-01-15,Active
L01627,C02792,B00801,Auto Loan,3956997.71,8.59,36,2023-11-07,Active
L01628,C00801,B00601,Auto Loan,56093.2,13.67,12,2024-04-19,Overdue
L01629,C03023,B00101,Education Loan,1110562.27,10.59,12,2024-09-21,Overdue
L01630,C02038,B00601,Education Loan,1091772.39,11.35,84,2025-04-20,Overdue
L01631,C04873,B00901,Education Loan,2171058.53,14.3,36,2024-05-29,Overdue
L01632,C02776,B00301,Personal Loan,348812.2,11.09,84,2023-02-23,Active
L01633,C04042,B00401,Auto Loan,2465026.36,11.25,48,2023-09-07,Overdue
L01634,C01867,B00301,Home Loan,3207726.68,11.03,12,2023-05-28,Active
L01635,C03935,B00201,Business Loan,2323953.0,7.74,120,2023-12-11,Active
L01636,C04651,B00901,Personal Loan,4072637.16,15.38,60,2024-11-22,Active
L01637,C04210,B00501,Personal Loan,4207973.89,14.69,120,2025-01-31,Overdue
L01638,C04386,B00401,Business Loan,4939780.85,12.73,120,2025-01-08,Active
L01639,C00533,B00301,Home Loan,4287908.86,13.2,36,2024-04-10,Closed
L01640,C04231,B00501,Home Loan,2790426.05,15.16,12,2023-04-28,Active
L01641,C02081,B00601,Education Loan,3054411.88,11.58,12,2023-07-15,Active
L01642,C02123,B00901,Personal Loan,243882.07,10.99,60,2024-10-31,Active
L01643,C04914,B00501,Auto Loan,1841370.52,11.42,24,2025-07-23,Overdue
L01644,C03964,B00901,Business Loan,2739268.7,10.8,24,2025-02-11,Overdue
L01645,C02054,B00801,Education Loan,1443705.82,14.29,84,2025-01-11,Active
L01646,C00426,B00101,Business Loan,4266336.29,15.43,180,2025-08-14,Overdue
L01647,C01095,B00101,Business Loan,4548933.29,9.32,84,2023-09-22,Active
L01648,C04209,B01001,Business Loan,3931734.33,12.63,180,2023-05-25,Closed
L01649,C00852,B00601,Personal Loan,633879.67,11.34,180,2024-11-04,Active
L01650,C02715,B00601,Personal Loan,3030230.87,9.36,12,2023-02-03,Active
L01651,C01311,B01001,Personal Loan,2607063.7,9.68,180,2024-08-09,Active
L01652,C03883,B00501,Business Loan,1429728.46,9.36,36,2024-06-21,Overdue
L01653,C03451,B01001,Business Loan,1171889.84,11.48,36,2024-05-16,Closed
L01654,C00822,B00601,Auto Loan,4516663.47,9.74,84,2025-04-19,Overdue
L01655,C01147,B00201,Education Loan,1387942.54,13.37,84,2024-10-02,Overdue
L01656,C04632,B00201,Personal Loan,439964.44,13.36,60,2023-03-19,Overdue
L01657,C02679,B00101,Auto Loan,1164298.8,10.58,180,2025-01-20,Active
L01658,C03615,B00701,Home Loan,568716.39,15.27,24,2023-07-26,Active
L01659,C01507,B00101,Education Loan,1955856.25,12.67,84,2023-12-13,Active
L01660,C00136,B00101,Auto Loan,1338661.42,7.97,84,2024-12-16,Closed
L01661,C04419,B00701,Personal Loan,3908463.02,8.68,48,2025-01-19,Active
L01662,C02062,B00201,Business Loan,4465570.89,11.66,180,2024-09-28,Active
L01663,C01208,B00801,Home Loan,4352498.0,8.79,24,2023-07-18,Closed
L01664,C02684,B00101,Business Loan,3335732.77,15.47,36,2024-08-12,Active
L01665,C04786,B00601,Auto Loan,3504437.15,11.99,36,2024-05-13,Active
L01666,C01950,B00401,Personal Loan,4232311.01,12.73,24,2023-08-30,Active
L01667,C00470,B00701,Personal Loan,2007391.48,12.78,180,2025-02-19,Active
L01668,C03133,B00901,Education Loan,1646915.69,12.94,36,2023-03-02,Active
L01669,C02666,B01001,Personal Loan,3053809.89,15.47,12,2024-01-20,Overdue
L01670,C04520,B00901,Education Loan,3355408.04,14.22,180,2025-03-09,Closed
L01671,C02201,B00901,Business Loan,4357768.61,8.2,36,2025-06-10,Active
L01672,C03430,B00401,Auto Loan,3330080.0,9.81,120,2023-03-21,Active
L01673,C04029,B00101,Education Loan,2225957.36,9.33,48,2023-10-10,Closed
L01674,C00098,B00201,Business Loan,2332205.7,8.3,180,2023-09-28,Active
L01675,C02967,B00201,Education Loan,1909508.09,14.88,48,2024-04-29,Active
L01676,C03670,B00301,Home Loan,2256102.49,8.02,120,2025-07-19,Active
L01677,C00713,B00601,Education Loan,2329613.29,12.93,84,2025-03-23,Active
L01678,C00167,B00301,Education Loan,2228365.01,9.25,84,2023-10-06,Active
L01679,C01082,B01001,Auto Loan,4745234.18,10.69,12,2024-10-23,Overdue
L01680,C04607,B00501,Business Loan,3029763.03,13.09,120,2023-08-07,Active
L01681,C01482,B00901,Business Loan,4691362.05,13.56,12,2023-08-17,Overdue
L01682,C02312,B00901,Business Loan,3185920.01,9.06,36,2025-05-12,Active
L01683,C01098,B00601,Personal Loan,1315961.29,8.5,84,2024-10-19,Active
L01684,C01197,B00201,Personal Loan,730697.34,7.98,24,2024-09-24,Active
L01685,C00226,B00801,Personal Loan,1948505.88,14.17,84,2024-09-04,Active
L01686,C04858,B00701,Education Loan,1602371.2,8.3,36,2023-05-12,Active
L01687,C03357,B00301,Home Loan,1325498.71,11.65,180,2023-03-26,Closed
L01688,C01743,B01001,Auto Loan,1647816.2,13.31,120,2025-05-29,Overdue
L01689,C03107,B00901,Education Loan,2734063.94,8.62,84,2023-03-27,Closed
L01690,C03588,B00701,Auto Loan,1113970.03,13.92,12,2023-04-06,Closed
L01691,C04095,B00901,Auto Loan,688990.72,11.16,180,2025-06-22,Active
L01692,C00744,B00201,Home Loan,4761083.52,10.41,84,2024-02-02,Overdue
L01693,C04777,B00901,Education Loan,3663485.9,9.53,12,2024-06-27,Overdue
L01694,C00853,B00101,Auto Loan,4396801.72,10.7,12,2024-09-13,Overdue
L01695,C02757,B00901,Education Loan,4414052.34,11.57,36,2023-09-19,Active
L01696,C02005,B00601,Personal Loan,4217717.7,13.45,120,2023-02-24,Active
L01697,C03323,B00301,Auto Loan,2558741.53,10.97,24,2023-08-26,Active
L01698,C02402,B00901,Personal Loan,3278600.79,14.78,180,2025-05-12,Closed
L01699,C00686,B00901,Home Loan,3677884.81,14.08,48,2023-04-20,Overdue
L01700,C00581,B00201,Home Loan,3496786.55,8.55,84,2025-08-26,Active
L01701,C01232,B00601,Home Loan,936978.65,13.06,180,2024-08-23,Active
L01702,C03746,B00701,Home Loan,2054939.18,14.06,24,2023-12-27,Active
L01703,C00977,B00201,Business Loan,2834436.08,11.94,36,2023-11-10,Overdue
L01704,C01098,B00501,Business Loan,3769457.5,10.26,84,2024-07-16,Active
L01705,C02718,B01001,Personal Loan,200918.12,13.05,180,2025-03-22,Active
L01706,C01903,B00501,Business Loan,2404015.74,8.46,24,2025-09-01,Overdue
L01707,C00240,B00101,Business Loan,4965059.64,7.7,84,2025-05-13,Active
L01708,C00378,B00501,Business Loan,4455817.07,13.96,36,2025-04-18,Active
L01709,C03394,B00301,Education Loan,432039.44,11.04,60,2023-10-19,Active
L01710,C01213,B00501,Home Loan,1278871.35,10.75,24,2023-11-29,Overdue
L01711,C03899,B00601,Personal Loan,1422366.65,14.86,24,2023-09-27,Active
L01712,C04756,B00401,Auto Loan,2158392.45,12.89,36,2025-06-20,Active
L01713,C03269,B00201,Home Loan,2923563.49,14.74,60,2024-03-24,Active
L01714,C02699,B00701,Business Loan,252873.81,8.22,24,2025-01-17,Active
L01715,C00021,B00901,Home Loan,2526781.06,14.64,36,2024-06-07,Overdue
L01716,C02215,B00601,Home Loan,3480939.72,10.97,48,2024-11-07,Closed
L01717,C04509,B00501,Auto Loan,3605311.53,11.38,36,2025-06-06,Closed
L01718,C00552,B00101,Business Loan,1171884.69,14.42,120,2024-02-01,Active
L01719,C03166,B00401,Business Loan,847000.15,13.08,48,2023-02-15,Overdue
L01720,C04211,B00201,Auto Loan,3428443.23,13.12,12,2024-03-14,Active
L01721,C03530,B00901,Business Loan,1478827.17,7.81,120,2024-06-25,Active
L01722,C03104,B00701,Education Loan,2027880.93,11.55,60,2024-05-14,Active
L01723,C02239,B00401,Personal Loan,3418301.48,11.08,60,2024-08-09,Active
L01724,C03203,B01001,Business Loan,3024234.91,8.47,48,2025-01-22,Closed
L01725,C00720,B01001,Personal Loan,1175162.84,12.97,180,2023-05-02,Active
L01726,C02300,B00601,Personal Loan,4349375.26,14.45,36,2023-02-13,Active
L01727,C03907,B00601,Personal Loan,1917903.48,8.58,48,2024-12-14,Active
L01728,C04449,B00901,Personal Loan,938557.88,10.51,48,2025-02-13,Closed
L01729,C03950,B00501,Auto Loan,4139670.95,11.12,84,2023-05-27,Active
L01730,C01532,B00301,Personal Loan,1567913.83,10.27,48,2023-06-21,Active
L01731,C03803,B00901,Home Loan,1489981.09,12.36,24,2025-06-19,Active
L01732,C04541,B00501,Education Loan,4427748.24,15.02,120,2023-04-02,Active
L01733,C04722,B00901,Auto Loan,3993542.95,11.37,84,2024-09-22,Overdue
L01734,C01170,B00901,Personal Loan,4510705.0,12.91,180,2024-04-10,Overdue
L01735,C03819,B00901,Personal Loan,3933995.04,11.71,60,2025-04-28,Active
L01736,C04863,B00301,Business Loan,3838115.93,15.15,120,2023-03-10,Overdue
L01737,C01542,B00301,Auto Loan,3019686.31,13.69,48,2025-03-19,Active
L01738,C02900,B00701,Education Loan,939483.08,11.91,60,2023-01-13,Active
L01739,C01854,B00401,Personal Loan,2158068.33,11.32,180,2023-06-29,Closed
L01740,C02668,B00401,Home Loan,1826859.36,13.7,120,2025-04-20,Active
L01741,C01734,B00801,Business Loan,758417.06,12.86,36,2024-03-31,Closed
L01742,C04336,B00301,Personal Loan,2446270.73,10.93,24,2023-05-07,Active
L01743,C04723,B00101,Home Loan,1735415.8,13.39,12,2024-11-28,Active
L01744,C04123,B00801,Auto Loan,3575313.82,14.81,24,2024-08-11,Active
L01745,C02409,B00701,Home Loan,3357305.38,15.29,48,2023-05-28,Active
L01746,C01375,B00601,Auto Loan,1429925.74,12.2,84,2024-02-12,Active
L01747,C01453,B01001,Business Loan,1506127.27,10.94,48,2025-01-20,Active
L01748,C04008,B00701,Personal Loan,2099439.36,13.09,84,2025-04-04,Active
L01749,C03526,B00301,Home Loan,4031252.09,13.44,84,2025-07-23,Active
L01750,C02684,B00101,Home Loan,2687463.29,8.06,48,2025-07-24,Overdue
L01751,C03105,B00401,Auto Loan,2796418.33,10.35,48,2024-04-11,Active
L01752,C02807,B00201,Business Loan,4119745.93,11.02,24,2024-07-09,Active
L01753,C03258,B00101,Personal Loan,3873329.21,14.99,24,2025-05-24,Closed
L01754,C01917,B00901,Auto Loan,587124.91,13.18,12,2023-08-30,Active
L01755,C01238,B00301,Education Loan,1145473.79,9.44,48,2023-12-24,Closed
L01756,C02992,B00801,Business Loan,1975663.8,14.78,60,2023-11-19,Active
L01757,C01195,B00501,Home Loan,2712847.89,13.9,84,2024-07-21,Closed
L01758,C01665,B00201,Personal Loan,2476546.83,13.57,120,2024-04-09,Closed
L01759,C02747,B00201,Personal Loan,2062539.0,8.86,36,2024-05-09,Active
L01760,C01154,B00301,Business Loan,3005312.4,10.84,180,2024-04-30,Active
L01761,C03934,B01001,Personal Loan,1177926.43,11.47,48,2024-01-03,Closed
L01762,C00841,B00801,Home Loan,4378280.35,13.11,12,2025-03-11,Overdue
L01763,C01818,B00401,Education Loan,1914815.27,9.45,60,2025-07-20,Closed
L01764,C04595,B00501,Personal Loan,4553642.95,12.21,180,2023-04-18,Active
L01765,C00936,B00501,Auto Loan,2450324.62,8.28,36,2024-09-25,Active
L01766,C01619,B01001,Personal Loan,4635872.3,7.89,48,2025-07-07,Active
L01767,C02229,B00201,Auto Loan,1244737.66,13.42,48,2025-05-20,Active
L01768,C02742,B00301,Home Loan,1022076.05,10.08,24,2024-02-23,Closed
L01769,C04796,B00601,Business Loan,1335685.61,10.36,180,2023-04-12,Closed
L01770,C04622,B00101,Education Loan,417207.51,12.89,120,2025-04-22,Active
L01771,C03076,B00101,Business Loan,2998952.06,15.27,12,2024-09-03,Active
L01772,C00842,B00801,Auto Loan,3274903.55,11.65,60,2025-03-22,Active
L01773,C03613,B01001,Business Loan,3916286.97,10.46,48,2025-01-03,Active
L01774,C02449,B00401,Auto Loan,3503864.47,11.72,180,2024-08-07,Active
L01775,C02554,B00201,Home Loan,3057516.29,9.27,24,2025-07-08,Active
L01776,C03590,B00201,Auto Loan,1663270.18,14.69,60,2025-09-09,Active
L01777,C02561,B00901,Personal Loan,2659823.34,15.44,12,2024-06-01,Closed
L01778,C00423,B00201,Personal Loan,2709447.13,14.01,36,2024-12-24,Active
L01779,C04337,B00901,Home Loan,75811.38,11.28,36,2024-10-27,Overdue
L01780,C03217,B00601,Business Loan,459794.78,10.2,36,2023-03-17,Active
L01781,C03642,B00401,Business Loan,4384200.22,7.67,12,2023-05-31,Active
L01782,C02596,B00401,Education Loan,1125598.62,12.5,60,2024-04-26,Overdue
L01783,C03660,B00201,Home Loan,439638.86,12.74,24,2023-07-17,Overdue
L01784,C01596,B01001,Home Loan,3373501.87,9.24,12,2024-02-04,Closed
L01785,C00419,B00601,Business Loan,1374880.19,12.89,84,2023-09-10,Active
L01786,C01287,B00401,Auto Loan,2666485.21,11.79,24,2025-04-30,Closed
L01787,C00573,B00401,Personal Loan,4340413.62,11.99,120,2023-04-28,Active
L01788,C02901,B00901,Education Loan,385272.67,8.35,48,2025-01-30,Active
L01789,C03321,B00401,Business Loan,2187427.74,10.69,12,2025-01-23,Closed
L01790,C01205,B00201,Business Loan,4464235.54,13.71,12,2025-08-15,Active
L01791,C03306,B01001,Business Loan,3329905.3,9.36,48,2024-05-05,Overdue
L01792,C03824,B00301,Personal Loan,1505481.73,8.07,12,2023-04-12,Active
L01793,C02638,B00301,Business Loan,4337366.14,10.54,12,2024-12-04,Closed
L01794,C01999,B00901,Business Loan,1191662.96,14.36,24,2025-01-22,Active
L01795,C01968,B00901,Business Loan,318076.69,7.56,48,2024-10-09,Active
L01796,C00510,B00201,Education Loan,1540068.56,10.69,12,2024-01-16,Active
L01797,C03059,B00201,Business Loan,4116189.01,10.49,120,2023-07-06,Overdue
L01798,C03278,B00801,Personal Loan,2052905.33,8.93,120,2024-10-16,Active
L01799,C03994,B00801,Education Loan,3432287.74,14.03,84,2024-09-19,Overdue
L01800,C00897,B01001,Auto Loan,4330983.25,11.79,84,2025-06-30,Closed
